<form xmlns:uuid="java:java.util.UUID">
   <section-1>
         <a0>Mensch (Ägypterin) [Mumie]</a0>
         <a8>ägyptische weibliche Mumie</a8>
         <a2>ANTIG</a2>
         <a3>o. Nr.</a3>
         <b12a>o. Nr.</b12a>
         <a5>1</a5>
         <a6>1</a6>
      </section-1>
   <section-2>
         <z1>http://purl.org/vocab/blumenbach#Archaeologie und Ur- und Fruehgeschichte</z1>
         <a1>Archaeologie; Anthropologie; Anatomie</a1>
         <a7a>Mammalia: Hominidae: Homo</a7a>
         <a7b>Säugetiere: Menschenaffen: Menschen</a7b>
         <a9a>&lt;i&gt;Homo sapiens&lt;/i&gt; (mumifiziert)</a9a>
         <a9b>Mensch (mumifiziert)</a9b>
         <a9c/>
         <a26>Artificialia/Naturalia</a26>
      </section-2>
   <section-3>
         <a12a>rezent</a12a>
         <a12aa>rezent</a12aa>
         <a12b/>
         <a12c/>
         <a12d/>
      </section-3>
   <section-4>
         <a13a>Ägypten, Africa - World</a13a>
         <a13b>27° 00\' 00\'\' N, 030° 00\' 00\'\' E</a13b>
         <a13c>tgn:7016833</a13c>
         <a13d/>
         <a14a/>
         <a14aa/>
         <a14b/>
         <a14ba/>
         <a15a>August Emil Leopold, Herzog von Sachsen-Gotha-Altenburg (1772-1822)</a15a>
         <a15aa>cnp00930830</a15aa>
         <a15b>1810-11-10</a15b>
         <a15ba>1810-11-10</a15ba>
         <a16a>Geschenk</a16a>
         <a16b>Sammlungseingang (aus Bestand des Academischen Museums)</a16b>
         <a17>Ende 1789 wurde die Mumie von Ernst II. Ludwig von Sachsen-Gotha-Altenburg (1745-1804), über einen Agenten, Kinn einer bankrotten Freimaurerloge in Hamburg abggekauft;
weiterer Donator: Friedrich IV. von Sachsen-Gotha-Altenburg (1774-1825)</a17>
         <a12e/>
         <a12f/>
         <a12g/>
         <a12h/>
         <a12i/>
      </section-4>
   <section-5>
         <original-lit-grid>
            <original-lit-grid-iteration>
               <a18>00113: 51f</a18>
            </original-lit-grid-iteration>
         </original-lit-grid>
         <original-desc-grid>
            <original-desc-grid-iteration>
               <a19/>
            </original-desc-grid-iteration>
         </original-desc-grid>
         <original-image-grid>
            <original-image-grid-iteration>
               <a20/>
            </original-image-grid-iteration>
         </original-image-grid>
         <secondary-lit-grid>
            <secondary-lit-grid-iteration>
               <a22>Klatt, Norbert: „August Emil Leopold von Sachsen-Gotha und Altenburg und Johann Friedrich Blumenbach – Eine Beziehung sui generis“ in Klatt, Norbert: Kleine Beiträge zur Blumenbach-Forschung 6. Göttingen 2014, S. 56 Anm. 128. </a22>
               <a23/>
            </secondary-lit-grid-iteration>
         </secondary-lit-grid>
         <f4>Corresp. III, S. 277 Nr. 0590</f4>
         <f5/>
         <f8/>
      </section-5>
   <section-6>
         <mineral-authority-grid>
            <mineral-authority-grid-iteration>
               <a9d/>
            </mineral-authority-grid-iteration>
         </mineral-authority-grid>
      </section-6>
   <section-7>
         <a24a>Georg-August-Universität Göttingen, Johann-Friedrich-Blumenbach Institut für Zoologie und Anthropologie, Historische Anthropologie</a24a>
         <a24b/>
         <a27/>
         <a28>die Rechte für die digitalen 2D-Einzelaufnahmen liegen bei der Akademie der Wissenschaften zu Göttingen</a28>
         <f2a>A. Gehler, N. Schäfer</f2a>
         <f2b>2015-01-22</f2b>
         <f3a>N. Schäfer</f3a>
         <f3b>2017-01-26</f3b>
      </section-7>
   <section-8>
         <b1/>
         <b2/>
         <b3b/>
         <b3d/>
         <b4a/>
         <b4aa/>
         <b4b/>
         <b4c/>
         <b4ca/>
         <b4d/>
         <b5/>
         <b6/>
         <b7a/>
         <b8/>
         <a21>nein</a21>
      </section-8>
   <section-9>
         <f1>zugehöriger Sarkophag im Archäologischen Institut enbenfalls in Datenbank verzeichnet</f1>
         <b9a/>
         <b9b/>
         <b10a>gut</b10a>
         <b10b/>
         <b11a>nein</b11a>
         <b11b/>
         <b11c/>
      </section-9>
   <section-10>
         <c1/>
         <c2/>
         <etikett-grid1>
            <a10>nicht vorhanden</a10>
            <c3/>
            <c4/>
            <c5/>
            <c6a/>
            <c6b/>
            <c7a/>
         </etikett-grid1>
      </section-10>
   <section-11>
         <objekttext-grid1>
            <a11>nicht vorhanden</a11>
            <d1/>
            <d2/>
            <d3a/>
            <d3b/>
         </objekttext-grid1>
      </section-11>
   <section-12>
         <number-grid1>
            <a4>nicht vorhanden</a4>
            <e1/>
            <e2/>
            <e3/>
            <e4a/>
            <e4b/>
            <e5a/>
         </number-grid1>
      </section-12>
</form>