<besitz>
    <item>
        <label>Sammlungseingang (aus Bestand des Academischen Museums)</label>
        <value>Sammlungseingang (aus Bestand des Academischen Museums)</value>
    </item>
    <item>
        <label>1840 (aus Privatsammlung Blumenbachs)</label>
        <value>1840 (aus Privatsammlung Blumenbachs)</value>
    </item>
    <item>
        <label>unbekannt (aus Bestand des Academischen Museums oder Privatsammlung Blumenbachs)</label>
        <value>unbekannt (aus Bestand des Academischen Museums oder Privatsammlung Blumenbachs)</value>
    </item>
</besitz>