<root>
  <item>
    <alterlabel>Phanerozoikum</alterlabel>
    <altertype>Äonothem</altertype>
    <alterspan>(0–541.0)</alterspan>
    <alterend>0</alterend>
    <alterbegin>541</alterbegin>
    <alterConceptURI>http://www.wikidata.org/entity/Q101313</alterConceptURI>
  </item>
  <item>
    <alterlabel>Känozoikum</alterlabel>
    <altertype>Ärathem</altertype>
    <alterspan>(0–66.0)</alterspan>
    <alterend>0</alterend>
    <alterbegin>66</alterbegin>
    <alterConceptURI>http://www.wikidata.org/entity/Q102416</alterConceptURI>
  </item>
  <item>
    <alterlabel>Quartär</alterlabel>
    <altertype>System</altertype>
    <alterspan>(0–2.58)</alterspan>
    <alterend>0</alterend>
    <alterbegin>2.58</alterbegin>
    <alterConceptURI>http://www.wikidata.org/entity/Q26185</alterConceptURI>
  </item>
  <item>
    <alterlabel>Holozän</alterlabel>
    <altertype>Serie</altertype>
    <alterspan>(0–0.0117)</alterspan>
    <alterend>0</alterend>
    <alterbegin>0.0117</alterbegin>
    <alterConceptURI>http://www.wikidata.org/entity/Q25445</alterConceptURI>
  </item>
  <item>
    <alterlabel>Pleistozän</alterlabel>
    <altertype>Serie</altertype>
    <alterspan>(0.0117–2.58)</alterspan>
    <alterend>0.0117</alterend>
    <alterbegin>2.58</alterbegin>
    <alterConceptURI>http://www.wikidata.org/entity/Q25546</alterConceptURI>
  </item>
  <item>
    <alterlabel>Tarantium [Oberes Pleistozän, Jungpleistozän]</alterlabel>
    <altertype>Stufe</altertype>
    <alterspan>(0.0117–0.126)</alterspan>
    <alterend>0.0117</alterend>
    <alterbegin>0.126</alterbegin>
    <alterConceptURI>http://www.wikidata.org/entity/Q498831</alterConceptURI>
  </item>
  <item>
    <alterlabel>Ionium [Mittelpleistozän]</alterlabel>
    <altertype>Stufe</altertype>
    <alterspan>(0.126–0.781)</alterspan>
    <alterend>0.126</alterend>
    <alterbegin>0.781</alterbegin>
    <alterConceptURI>http://www.wikidata.org/entity/Q492596</alterConceptURI>
  </item>
  <item>
    <alterlabel>Unterpleistozän [Frühes Pleistozän]</alterlabel>
    <altertype>Stufe</altertype>
    <alterspan>(0.781–2.58)</alterspan>
    <alterend>0.781</alterend>
    <alterbegin>2.58</alterbegin>
    <alterConceptURI>http://www.wikidata.org/entity/Q444693</alterConceptURI>
  </item>
  <item>
    <alterlabel>Calabrium [Altpleistozän]</alterlabel>
    <altertype>Stufe</altertype>
    <alterspan>(0.781–1.80)</alterspan>
    <alterend>0.781</alterend>
    <alterbegin>1.8</alterbegin>
    <alterConceptURI>http://www.wikidata.org/entity/Q444693</alterConceptURI>
  </item>
  <item>
    <alterlabel>Gelasium</alterlabel>
    <altertype>Stufe</altertype>
    <alterspan>(1.80–2.58)</alterspan>
    <alterend>1.8</alterend>
    <alterbegin>2.58</alterbegin>
    <alterConceptURI>http://www.wikidata.org/entity/Q428579</alterConceptURI>
  </item>
  <item>
    <alterlabel>Tertiär</alterlabel>
    <altertype>System</altertype>
    <alterspan>(2.58–66.0)</alterspan>
    <alterend>2.58</alterend>
    <alterbegin>66</alterbegin>
    <alterConceptURI>http://www.wikidata.org/entity/Q188645</alterConceptURI>
  </item>
  <item>
    <alterlabel>Neogen</alterlabel>
    <altertype>System</altertype>
    <alterspan>(2.58–23.03)</alterspan>
    <alterend>2.58</alterend>
    <alterbegin>23.03</alterbegin>
    <alterConceptURI>http://www.wikidata.org/entity/Q103924</alterConceptURI>
  </item>
  <item>
    <alterlabel>Pliozän</alterlabel>
    <altertype>Serie</altertype>
    <alterspan>(2.58–5.33)</alterspan>
    <alterend>2.58</alterend>
    <alterbegin>5.33</alterbegin>
    <alterConceptURI>http://www.wikidata.org/entity/Q76259</alterConceptURI>
  </item>
  <item>
    <alterlabel>Piacenzium</alterlabel>
    <altertype>Stufe</altertype>
    <alterspan>(2.58–3.60)</alterspan>
    <alterend>2.58</alterend>
    <alterbegin>3.6</alterbegin>
    <alterConceptURI>http://www.wikidata.org/entity/Q514873</alterConceptURI>
  </item>
  <item>
    <alterlabel>Zancleum</alterlabel>
    <altertype>Stufe</altertype>
    <alterspan>(3.60–5.33)</alterspan>
    <alterend>3.6</alterend>
    <alterbegin>5.33</alterbegin>
    <alterConceptURI>http://www.wikidata.org/entity/Q146094</alterConceptURI>
  </item>
  <item>
    <alterlabel>Miozän</alterlabel>
    <altertype>Serie</altertype>
    <alterspan>(5.33–23.03)</alterspan>
    <alterend>5.33</alterend>
    <alterbegin>23.03</alterbegin>
    <alterConceptURI>http://www.wikidata.org/entity/Q76267</alterConceptURI>
  </item>
  <item>
    <alterlabel>Messinium</alterlabel>
    <altertype>Stufe</altertype>
    <alterspan>(5.33–7.25)</alterspan>
    <alterend>5.33</alterend>
    <alterbegin>7.25</alterbegin>
    <alterConceptURI>http://www.wikidata.org/entity/Q508465</alterConceptURI>
  </item>
  <item>
    <alterlabel>Tortonium</alterlabel>
    <altertype>Stufe</altertype>
    <alterspan>(7.25–11.63)</alterspan>
    <alterend>7.25</alterend>
    <alterbegin>11.63</alterbegin>
    <alterConceptURI>http://www.wikidata.org/entity/Q499299</alterConceptURI>
  </item>
  <item>
    <alterlabel>Serravallium</alterlabel>
    <altertype>Stufe</altertype>
    <alterspan>(11.63–13.82)</alterspan>
    <alterend>11.63</alterend>
    <alterbegin>13.82</alterbegin>
    <alterConceptURI>http://www.wikidata.org/entity/Q499307</alterConceptURI>
  </item>
  <item>
    <alterlabel>Langhium</alterlabel>
    <altertype>Stufe</altertype>
    <alterspan>(13.82–15.97)</alterspan>
    <alterend>13.82</alterend>
    <alterbegin>15.97</alterbegin>
    <alterConceptURI>http://www.wikidata.org/entity/Q167254</alterConceptURI>
  </item>
  <item>
    <alterlabel>Burdigalium</alterlabel>
    <altertype>Stufe</altertype>
    <alterspan>(15.97–20.44)</alterspan>
    <alterend>15.97</alterend>
    <alterbegin>20.44</alterbegin>
    <alterConceptURI>http://www.wikidata.org/entity/Q508650</alterConceptURI>
  </item>
  <item>
    <alterlabel>Aquitanium</alterlabel>
    <altertype>Stufe</altertype>
    <alterspan>(20.44–23.03)</alterspan>
    <alterend>20.44</alterend>
    <alterbegin>23.03</alterbegin>
    <alterConceptURI>http://www.wikidata.org/entity/Q508479</alterConceptURI>
  </item>
  <item>
    <alterlabel>Paläogen</alterlabel>
    <altertype>System</altertype>
    <alterspan>(23.03–66.0)</alterspan>
    <alterend>23.03</alterend>
    <alterbegin>66</alterbegin>
    <alterConceptURI>http://www.wikidata.org/entity/Q55810</alterConceptURI>
  </item>
  <item>
    <alterlabel>Oligozän</alterlabel>
    <altertype>Serie</altertype>
    <alterspan>(23.03–33.9)</alterspan>
    <alterend>23.03</alterend>
    <alterbegin>33.9</alterbegin>
    <alterConceptURI>http://www.wikidata.org/entity/Q101873</alterConceptURI>
  </item>
  <item>
    <alterlabel>Chattium</alterlabel>
    <altertype>Stufe</altertype>
    <alterspan>(23.03–28.1)</alterspan>
    <alterend>23.03</alterend>
    <alterbegin>28.1</alterbegin>
    <alterConceptURI>http://www.wikidata.org/entity/Q502171</alterConceptURI>
  </item>
  <item>
    <alterlabel>Rupelium</alterlabel>
    <altertype>Stufe</altertype>
    <alterspan>(28.1–33.9)</alterspan>
    <alterend>28.1</alterend>
    <alterbegin>33.9</alterbegin>
    <alterConceptURI>http://www.wikidata.org/entity/Q508633</alterConceptURI>
  </item>
  <item>
    <alterlabel>Eozän</alterlabel>
    <altertype>Serie</altertype>
    <alterspan>(33.9–56.0)</alterspan>
    <alterend>33.9</alterend>
    <alterbegin>56</alterbegin>
    <alterConceptURI>http://www.wikidata.org/entity/Q76274</alterConceptURI>
  </item>
  <item>
    <alterlabel>Priabonium</alterlabel>
    <altertype>Stufe</altertype>
    <alterspan>(33.9–37.8)</alterspan>
    <alterend>33.9</alterend>
    <alterbegin>37.8</alterbegin>
    <alterConceptURI>http://www.wikidata.org/entity/Q508438</alterConceptURI>
  </item>
  <item>
    <alterlabel>Bartonium</alterlabel>
    <altertype>Stufe</altertype>
    <alterspan>(37.8–41.2)</alterspan>
    <alterend>37.8</alterend>
    <alterbegin>41.2</alterbegin>
    <alterConceptURI>http://www.wikidata.org/entity/Q508675</alterConceptURI>
  </item>
  <item>
    <alterlabel>Lutetium</alterlabel>
    <altertype>Stufe</altertype>
    <alterspan>(41.2–47.8)</alterspan>
    <alterend>41.2</alterend>
    <alterbegin>47.8</alterbegin>
    <alterConceptURI>http://www.wikidata.org/entity/Q514893</alterConceptURI>
  </item>
  <item>
    <alterlabel>Ypresium</alterlabel>
    <altertype>Stufe</altertype>
    <alterspan>(47.8–56.0)</alterspan>
    <alterend>47.8</alterend>
    <alterbegin>56</alterbegin>
    <alterConceptURI>http://www.wikidata.org/entity/Q508691</alterConceptURI>
  </item>
  <item>
    <alterlabel>Paläozän</alterlabel>
    <altertype>Serie</altertype>
    <alterspan>(56.0–66.0)</alterspan>
    <alterend>56</alterend>
    <alterbegin>66</alterbegin>
    <alterConceptURI>http://www.wikidata.org/entity/Q76252</alterConceptURI>
  </item>
  <item>
    <alterlabel>Thanetium</alterlabel>
    <altertype>Stufe</altertype>
    <alterspan>(56.0–59.2)</alterspan>
    <alterend>56</alterend>
    <alterbegin>59.2</alterbegin>
    <alterConceptURI>http://www.wikidata.org/entity/Q508587</alterConceptURI>
  </item>
  <item>
    <alterlabel>Seelandium</alterlabel>
    <altertype>Stufe</altertype>
    <alterspan>(59.2–61.6)</alterspan>
    <alterend>59.2</alterend>
    <alterbegin>61.6</alterbegin>
    <alterConceptURI>http://www.wikidata.org/entity/Q503349</alterConceptURI>
  </item>
  <item>
    <alterlabel>Danium</alterlabel>
    <altertype>Stufe</altertype>
    <alterspan>(61.6–66.0)</alterspan>
    <alterend>61.6</alterend>
    <alterbegin>66</alterbegin>
    <alterConceptURI>http://www.wikidata.org/entity/Q502179</alterConceptURI>
  </item>
  <item>
    <alterlabel>Mesozoikum</alterlabel>
    <altertype>Ärathem</altertype>
    <alterspan>(66.0–251.9)</alterspan>
    <alterend>66</alterend>
    <alterbegin>251.9</alterbegin>
    <alterConceptURI>http://www.wikidata.org/entity/Q83222</alterConceptURI>
  </item>
  <item>
    <alterlabel>Kreide</alterlabel>
    <altertype>System</altertype>
    <alterspan>(66.0–145.0)</alterspan>
    <alterend>66</alterend>
    <alterbegin>145</alterbegin>
    <alterConceptURI>http://www.wikidata.org/entity/Q44626</alterConceptURI>
  </item>
  <item>
    <alterlabel>Oberkreide</alterlabel>
    <altertype>Serie</altertype>
    <alterspan>(66.0–100.5)</alterspan>
    <alterend>66</alterend>
    <alterbegin>100.5</alterbegin>
    <alterConceptURI>http://www.wikidata.org/entity/Q338199</alterConceptURI>
  </item>
  <item>
    <alterlabel>Maastrichtium</alterlabel>
    <altertype>Stufe</altertype>
    <alterspan>(66.0–72.1)</alterspan>
    <alterend>66</alterend>
    <alterbegin>72.1</alterbegin>
    <alterConceptURI>http://www.wikidata.org/entity/Q278141</alterConceptURI>
  </item>
  <item>
    <alterlabel>Campanium</alterlabel>
    <altertype>Stufe</altertype>
    <alterspan>(72.1–83.6)</alterspan>
    <alterend>72.1</alterend>
    <alterbegin>83.6</alterbegin>
    <alterConceptURI>http://www.wikidata.org/entity/Q492941</alterConceptURI>
  </item>
  <item>
    <alterlabel>Santonium</alterlabel>
    <altertype>Stufe</altertype>
    <alterspan>(83.6–86.3)</alterspan>
    <alterend>83.6</alterend>
    <alterbegin>86.3</alterbegin>
    <alterConceptURI>http://www.wikidata.org/entity/Q257290</alterConceptURI>
  </item>
  <item>
    <alterlabel>Coniacium</alterlabel>
    <altertype>Stufe</altertype>
    <alterspan>(86.3–89.8)</alterspan>
    <alterend>86.3</alterend>
    <alterbegin>89.8</alterbegin>
    <alterConceptURI>http://www.wikidata.org/entity/Q645398</alterConceptURI>
  </item>
  <item>
    <alterlabel>Turonium</alterlabel>
    <altertype>Stufe</altertype>
    <alterspan>(89.8–93.9)</alterspan>
    <alterend>89.8</alterend>
    <alterbegin>93.9</alterbegin>
    <alterConceptURI>http://www.wikidata.org/entity/Q691429</alterConceptURI>
  </item>
  <item>
    <alterlabel>Cenomanium</alterlabel>
    <altertype>Stufe</altertype>
    <alterspan>(93.9–100.5)</alterspan>
    <alterend>93.9</alterend>
    <alterbegin>100.5</alterbegin>
    <alterConceptURI>http://www.wikidata.org/entity/Q185567</alterConceptURI>
  </item>
  <item>
    <alterlabel>Unterkreide</alterlabel>
    <altertype>Serie</altertype>
    <alterspan>(100.5–145.0)</alterspan>
    <alterend>100.5</alterend>
    <alterbegin>145</alterbegin>
    <alterConceptURI>http://www.wikidata.org/entity/Q752187</alterConceptURI>
  </item>
  <item>
    <alterlabel>Albium</alterlabel>
    <altertype>Stufe</altertype>
    <alterspan>(100.5–113.0)</alterspan>
    <alterend>100.5</alterend>
    <alterbegin>113</alterbegin>
    <alterConceptURI>http://www.wikidata.org/entity/Q301728</alterConceptURI>
  </item>
  <item>
    <alterlabel>Aptium</alterlabel>
    <altertype>Stufe</altertype>
    <alterspan>(113.0–125.0)</alterspan>
    <alterend>113</alterend>
    <alterbegin>125</alterbegin>
    <alterConceptURI>http://www.wikidata.org/entity/Q622265</alterConceptURI>
  </item>
  <item>
    <alterlabel>Barrêmium</alterlabel>
    <altertype>Stufe</altertype>
    <alterspan>(125.0–129.4)</alterspan>
    <alterend>125</alterend>
    <alterbegin>129.4</alterbegin>
    <alterConceptURI>http://www.wikidata.org/entity/Q732702</alterConceptURI>
  </item>
  <item>
    <alterlabel>Hauterivium</alterlabel>
    <altertype>Stufe</altertype>
    <alterspan>(129.4–132.9)</alterspan>
    <alterend>129.4</alterend>
    <alterbegin>132.9</alterbegin>
    <alterConceptURI>http://www.wikidata.org/entity/Q734179</alterConceptURI>
  </item>
  <item>
    <alterlabel>Valanginium</alterlabel>
    <altertype>Stufe</altertype>
    <alterspan>(132.9–139.8)</alterspan>
    <alterend>132.9</alterend>
    <alterbegin>139.8</alterbegin>
    <alterConceptURI>http://www.wikidata.org/entity/Q843329</alterConceptURI>
  </item>
  <item>
    <alterlabel>Berriasium</alterlabel>
    <altertype>Stufe</altertype>
    <alterspan>(139.8–145.0)</alterspan>
    <alterend>139.8</alterend>
    <alterbegin>145</alterbegin>
    <alterConceptURI>http://www.wikidata.org/entity/Q663355</alterConceptURI>
  </item>
  <item>
    <alterlabel>Jura</alterlabel>
    <altertype>System</altertype>
    <alterspan>(145.0–201.3)</alterspan>
    <alterend>145</alterend>
    <alterbegin>201.3</alterbegin>
    <alterConceptURI>http://www.wikidata.org/entity/Q45805</alterConceptURI>
  </item>
  <item>
    <alterlabel>Oberjura [Malm, Weißer Jura]</alterlabel>
    <altertype>Serie</altertype>
    <alterspan>(145.0–163.5)</alterspan>
    <alterend>145</alterend>
    <alterbegin>163.5</alterbegin>
    <alterConceptURI>http://www.wikidata.org/entity/Q499312</alterConceptURI>
  </item>
  <item>
    <alterlabel>Tithonium</alterlabel>
    <altertype>Stufe</altertype>
    <alterspan>(145.0–152.1)</alterspan>
    <alterend>145</alterend>
    <alterbegin>152.1</alterbegin>
    <alterConceptURI>http://www.wikidata.org/entity/Q855125</alterConceptURI>
  </item>
  <item>
    <alterlabel>Kimmeridgium</alterlabel>
    <altertype>Stufe</altertype>
    <alterspan>(152.1–157.3)</alterspan>
    <alterend>152.1</alterend>
    <alterbegin>157.3</alterbegin>
    <alterConceptURI>http://www.wikidata.org/entity/Q733565</alterConceptURI>
  </item>
  <item>
    <alterlabel>Oxfordium</alterlabel>
    <altertype>Stufe</altertype>
    <alterspan>(157.3–163.5)</alterspan>
    <alterend>157.3</alterend>
    <alterbegin>163.5</alterbegin>
    <alterConceptURI>http://www.wikidata.org/entity/Q375784</alterConceptURI>
  </item>
  <item>
    <alterlabel>Mitteljura [Dogger, Brauner Jura]</alterlabel>
    <altertype>Serie</altertype>
    <alterspan>(163.5–174.1)</alterspan>
    <alterend>163.5</alterend>
    <alterbegin>174.1</alterbegin>
    <alterConceptURI>http://www.wikidata.org/entity/Q500054</alterConceptURI>
  </item>
  <item>
    <alterlabel>Callovium</alterlabel>
    <altertype>Stufe</altertype>
    <alterspan>(163.5–166.1)</alterspan>
    <alterend>163.5</alterend>
    <alterbegin>166.1</alterbegin>
    <alterConceptURI>http://www.wikidata.org/entity/Q764255</alterConceptURI>
  </item>
  <item>
    <alterlabel>Bathonium</alterlabel>
    <altertype>Stufe</altertype>
    <alterspan>(166.1–168.3)</alterspan>
    <alterend>166.1</alterend>
    <alterbegin>168.3</alterbegin>
    <alterConceptURI>http://www.wikidata.org/entity/Q791313</alterConceptURI>
  </item>
  <item>
    <alterlabel>Bajocium</alterlabel>
    <altertype>Stufe</altertype>
    <alterspan>(168.3–170.3)</alterspan>
    <alterend>168.3</alterend>
    <alterbegin>170.3</alterbegin>
    <alterConceptURI>http://www.wikidata.org/entity/Q375180</alterConceptURI>
  </item>
  <item>
    <alterlabel>Aalenium</alterlabel>
    <altertype>Stufe</altertype>
    <alterspan>(170.3–174.1)</alterspan>
    <alterend>170.3</alterend>
    <alterbegin>174.1</alterbegin>
    <alterConceptURI>http://www.wikidata.org/entity/Q300887</alterConceptURI>
  </item>
  <item>
    <alterlabel>Unterjura [Lias, Schwarzer Jura]</alterlabel>
    <altertype>Serie</altertype>
    <alterspan>(174.1–201.3)</alterspan>
    <alterend>174.1</alterend>
    <alterbegin>201.3</alterbegin>
    <alterConceptURI>http://www.wikidata.org/entity/Q284787</alterConceptURI>
  </item>
  <item>
    <alterlabel>Toarcium</alterlabel>
    <altertype>Stufe</altertype>
    <alterspan>(174.1–182.7)</alterspan>
    <alterend>174.1</alterend>
    <alterbegin>182.7</alterbegin>
    <alterConceptURI>http://www.wikidata.org/entity/Q914363</alterConceptURI>
  </item>
  <item>
    <alterlabel>Pliensbachium</alterlabel>
    <altertype>Stufe</altertype>
    <alterspan>(182.7–190.8)</alterspan>
    <alterend>182.7</alterend>
    <alterbegin>190.8</alterbegin>
    <alterConceptURI>http://www.wikidata.org/entity/Q540479</alterConceptURI>
  </item>
  <item>
    <alterlabel>Sinemurium</alterlabel>
    <altertype>Stufe</altertype>
    <alterspan>(190.8–199.3)</alterspan>
    <alterend>190.8</alterend>
    <alterbegin>199.3</alterbegin>
    <alterConceptURI>http://www.wikidata.org/entity/Q911869</alterConceptURI>
  </item>
  <item>
    <alterlabel>Hettangium</alterlabel>
    <altertype>Stufe</altertype>
    <alterspan>(199.3–201.3)</alterspan>
    <alterend>199.3</alterend>
    <alterbegin>201.3</alterbegin>
    <alterConceptURI>http://www.wikidata.org/entity/Q633834</alterConceptURI>
  </item>
  <item>
    <alterlabel>Trias</alterlabel>
    <altertype>System</altertype>
    <alterspan>(201.3–251.9)</alterspan>
    <alterend>201.3</alterend>
    <alterbegin>251.9</alterbegin>
    <alterConceptURI>http://www.wikidata.org/entity/Q47158</alterConceptURI>
  </item>
  <item>
    <alterlabel>Obertrias</alterlabel>
    <altertype>Serie</altertype>
    <alterspan>(201.3–237.0)</alterspan>
    <alterend>201.3</alterend>
    <alterbegin>237</alterbegin>
    <alterConceptURI>http://www.wikidata.org/entity/Q917293</alterConceptURI>
  </item>
  <item>
    <alterlabel>Keuper (Obertrias)</alterlabel>
    <altertype>Serie</altertype>
    <alterspan>(201.3–240.0)</alterspan>
    <alterend>201.3</alterend>
    <alterbegin>240</alterbegin>
    <alterConceptURI>http://www.wikidata.org/entity/Q8085899</alterConceptURI>
  </item>
  <item>
    <alterlabel>Rhaetium</alterlabel>
    <altertype>Stufe</altertype>
    <alterspan>(201.3–208.5)</alterspan>
    <alterend>201.3</alterend>
    <alterbegin>208.5</alterbegin>
    <alterConceptURI>http://www.wikidata.org/entity/Q530828</alterConceptURI>
  </item>
  <item>
    <alterlabel>Norium</alterlabel>
    <altertype>Stufe</altertype>
    <alterspan>(208.5–227.0)</alterspan>
    <alterend>208.5</alterend>
    <alterbegin>227</alterbegin>
    <alterConceptURI>http://www.wikidata.org/entity/Q1080207</alterConceptURI>
  </item>
  <item>
    <alterlabel>Karnium</alterlabel>
    <altertype>Stufe</altertype>
    <alterspan>(227.0–237.0)</alterspan>
    <alterend>227</alterend>
    <alterbegin>237</alterbegin>
    <alterConceptURI>http://www.wikidata.org/entity/Q911899</alterConceptURI>
  </item>
  <item>
    <alterlabel>Mitteltrias</alterlabel>
    <altertype>Serie</altertype>
    <alterspan>(237.0–247.2)</alterspan>
    <alterend>237</alterend>
    <alterbegin>247.2</alterbegin>
    <alterConceptURI>http://www.wikidata.org/entity/Q929395</alterConceptURI>
  </item>
  <item>
    <alterlabel>Muschelkalk (Mitteltrias)</alterlabel>
    <altertype>Serie</altertype>
    <alterspan>(240.0–245.9)</alterspan>
    <alterend>240</alterend>
    <alterbegin>245.9</alterbegin>
    <alterConceptURI>http://www.wikidata.org/entity/Q1543962</alterConceptURI>
  </item>
  <item>
    <alterlabel>Ladinium</alterlabel>
    <altertype>Stufe</altertype>
    <alterspan>(237.0–242.0)</alterspan>
    <alterend>237</alterend>
    <alterbegin>242</alterbegin>
    <alterConceptURI>http://www.wikidata.org/entity/Q726791</alterConceptURI>
  </item>
  <item>
    <alterlabel>Anisium</alterlabel>
    <altertype>Stufe</altertype>
    <alterspan>(242.0–247.2)</alterspan>
    <alterend>242</alterend>
    <alterbegin>247.2</alterbegin>
    <alterConceptURI>http://www.wikidata.org/entity/Q549024</alterConceptURI>
  </item>
  <item>
    <alterlabel>Untertrias</alterlabel>
    <altertype>Serie</altertype>
    <alterspan>(247.2–251.902)</alterspan>
    <alterend>247.2</alterend>
    <alterbegin>251.902</alterbegin>
    <alterConceptURI>http://www.wikidata.org/entity/Q1075885</alterConceptURI>
  </item>
  <item>
    <alterlabel>Buntsandstein (Untertrias)</alterlabel>
    <altertype>Serie</altertype>
    <alterspan>(245.9–251.9)</alterspan>
    <alterend>245.9</alterend>
    <alterbegin>251.9</alterbegin>
    <alterConceptURI>http://www.wikidata.org/entity/Q4875445</alterConceptURI>
  </item>
  <item>
    <alterlabel>Olenekium</alterlabel>
    <altertype>Stufe</altertype>
    <alterspan>(247.2–251.2)</alterspan>
    <alterend>247.2</alterend>
    <alterbegin>251.2</alterbegin>
    <alterConceptURI>http://www.wikidata.org/entity/Q914322</alterConceptURI>
  </item>
  <item>
    <alterlabel>Indusium</alterlabel>
    <altertype>Stufe</altertype>
    <alterspan>(251.2–251.9)</alterspan>
    <alterend>251.2</alterend>
    <alterbegin>251.9</alterbegin>
    <alterConceptURI>http://www.wikidata.org/entity/Q855153</alterConceptURI>
  </item>
  <item>
    <alterlabel>Paläozoikum</alterlabel>
    <altertype>Ärathem</altertype>
    <alterspan>(251.9–541.0)</alterspan>
    <alterend>251.9</alterend>
    <alterbegin>541</alterbegin>
    <alterConceptURI>http://www.wikidata.org/entity/Q75507</alterConceptURI>
  </item>
  <item>
    <alterlabel>Perm</alterlabel>
    <altertype>System</altertype>
    <alterspan>(251.9–298.9)</alterspan>
    <alterend>251.9</alterend>
    <alterbegin>298.9</alterbegin>
    <alterConceptURI>http://www.wikidata.org/entity/Q76402</alterConceptURI>
  </item>
  <item>
    <alterlabel>Zechstein</alterlabel>
    <altertype>Serie</altertype>
    <alterspan>(251.0–257.3)</alterspan>
    <alterend>251</alterend>
    <alterbegin>257.3</alterbegin>
    <alterConceptURI>http://www.wikidata.org/entity/Q184168</alterConceptURI>
  </item>
  <item>
    <alterlabel>Lopingium</alterlabel>
    <altertype>Serie</altertype>
    <alterspan>(251.9–259.1)</alterspan>
    <alterend>251.9</alterend>
    <alterbegin>259.1</alterbegin>
    <alterConceptURI>http://www.wikidata.org/entity/Q1077390</alterConceptURI>
  </item>
  <item>
    <alterlabel>Changhsingium</alterlabel>
    <altertype>Stufe</altertype>
    <alterspan>(251.9–254.1)</alterspan>
    <alterend>251.9</alterend>
    <alterbegin>254.1</alterbegin>
    <alterConceptURI>http://www.wikidata.org/entity/Q860048</alterConceptURI>
  </item>
  <item>
    <alterlabel>Wuchiapingium</alterlabel>
    <altertype>Stufe</altertype>
    <alterspan>(254.1–259.1)</alterspan>
    <alterend>254.1</alterend>
    <alterbegin>259.1</alterbegin>
    <alterConceptURI>http://www.wikidata.org/entity/Q591906</alterConceptURI>
  </item>
  <item>
    <alterlabel>Rotliegend</alterlabel>
    <altertype>Serie</altertype>
    <alterspan>(257.3–302.0)</alterspan>
    <alterend>257.3</alterend>
    <alterbegin>302</alterbegin>
    <alterConceptURI>http://www.wikidata.org/entity/Q338593</alterConceptURI>
  </item>
  <item>
    <alterlabel>Guadalupium</alterlabel>
    <altertype>Serie</altertype>
    <alterspan>(259.1–272.9)</alterspan>
    <alterend>259.1</alterend>
    <alterbegin>272.9</alterbegin>
    <alterConceptURI>http://www.wikidata.org/entity/Q1077376</alterConceptURI>
  </item>
  <item>
    <alterlabel>Capitanium</alterlabel>
    <altertype>Stufe</altertype>
    <alterspan>(259.1–265.1)</alterspan>
    <alterend>259.1</alterend>
    <alterbegin>265.1</alterbegin>
    <alterConceptURI>http://www.wikidata.org/entity/Q858203</alterConceptURI>
  </item>
  <item>
    <alterlabel>Wordium</alterlabel>
    <altertype>Stufe</altertype>
    <alterspan>(265.1–268.8)</alterspan>
    <alterend>265.1</alterend>
    <alterbegin>268.8</alterbegin>
    <alterConceptURI>http://www.wikidata.org/entity/Q686803</alterConceptURI>
  </item>
  <item>
    <alterlabel>Roadium</alterlabel>
    <altertype>Stufe</altertype>
    <alterspan>(268.8–272.9)</alterspan>
    <alterend>268.8</alterend>
    <alterbegin>272.9</alterbegin>
    <alterConceptURI>http://www.wikidata.org/entity/Q1051453</alterConceptURI>
  </item>
  <item>
    <alterlabel>Cisuralium</alterlabel>
    <altertype>Serie</altertype>
    <alterspan>(272.9–298.9)</alterspan>
    <alterend>272.9</alterend>
    <alterbegin>298.9</alterbegin>
    <alterConceptURI>http://www.wikidata.org/entity/Q642169</alterConceptURI>
  </item>
  <item>
    <alterlabel>Kungurium</alterlabel>
    <altertype>Stufe</altertype>
    <alterspan>(272.9–283.5)</alterspan>
    <alterend>272.9</alterend>
    <alterbegin>283.5</alterbegin>
    <alterConceptURI>http://www.wikidata.org/entity/Q1073812</alterConceptURI>
  </item>
  <item>
    <alterlabel>Artinskium</alterlabel>
    <altertype>Stufe</altertype>
    <alterspan>(283.5–290.1)</alterspan>
    <alterend>283.5</alterend>
    <alterbegin>290.1</alterbegin>
    <alterConceptURI>http://www.wikidata.org/entity/Q713094</alterConceptURI>
  </item>
  <item>
    <alterlabel>Sakmarium</alterlabel>
    <altertype>Stufe</altertype>
    <alterspan>(290.1–295.0)</alterspan>
    <alterend>290.1</alterend>
    <alterbegin>295</alterbegin>
    <alterConceptURI>http://www.wikidata.org/entity/Q912962</alterConceptURI>
  </item>
  <item>
    <alterlabel>Asselium</alterlabel>
    <altertype>Stufe</altertype>
    <alterspan>(295.0–298.9)</alterspan>
    <alterend>295</alterend>
    <alterbegin>298.9</alterbegin>
    <alterConceptURI>http://www.wikidata.org/entity/Q740340</alterConceptURI>
  </item>
  <item>
    <alterlabel>Karbon</alterlabel>
    <altertype>System</altertype>
    <alterspan>(298.9–358.9)</alterspan>
    <alterend>298.9</alterend>
    <alterbegin>358.9</alterbegin>
    <alterConceptURI>http://www.wikidata.org/entity/Q133738</alterConceptURI>
  </item>
  <item>
    <alterlabel>Pennsylvanium</alterlabel>
    <altertype>Serie</altertype>
    <alterspan>(298.9–323.2)</alterspan>
    <alterend>298.9</alterend>
    <alterbegin>323.2</alterbegin>
    <alterConceptURI>http://www.wikidata.org/entity/Q373772</alterConceptURI>
  </item>
  <item>
    <alterlabel>Gzhelium</alterlabel>
    <altertype>Stufe</altertype>
    <alterspan>(298.9–303.7)</alterspan>
    <alterend>298.9</alterend>
    <alterbegin>303.7</alterbegin>
    <alterConceptURI>http://www.wikidata.org/entity/Q1030848</alterConceptURI>
  </item>
  <item>
    <alterlabel>Kasimovium</alterlabel>
    <altertype>Stufe</altertype>
    <alterspan>(303.7–307.0)</alterspan>
    <alterend>303.7</alterend>
    <alterbegin>307</alterbegin>
    <alterConceptURI>http://www.wikidata.org/entity/Q545853</alterConceptURI>
  </item>
  <item>
    <alterlabel>Moskovium</alterlabel>
    <altertype>Stufe</altertype>
    <alterspan>(307.0–315.2)</alterspan>
    <alterend>307</alterend>
    <alterbegin>315.2</alterbegin>
    <alterConceptURI>http://www.wikidata.org/entity/Q1179385</alterConceptURI>
  </item>
  <item>
    <alterlabel>Bashkirium</alterlabel>
    <altertype>Stufe</altertype>
    <alterspan>(315.2–323.2)</alterspan>
    <alterend>315.2</alterend>
    <alterbegin>323.2</alterbegin>
    <alterConceptURI>http://www.wikidata.org/entity/Q639443</alterConceptURI>
  </item>
  <item>
    <alterlabel>Mississippium</alterlabel>
    <altertype>Serie</altertype>
    <alterspan>(323.2–358.9)</alterspan>
    <alterend>323.2</alterend>
    <alterbegin>358.9</alterbegin>
    <alterConceptURI>http://www.wikidata.org/entity/Q744718</alterConceptURI>
  </item>
  <item>
    <alterlabel>Serpukhovium</alterlabel>
    <altertype>Stufe</altertype>
    <alterspan>(323.2–330.9)</alterspan>
    <alterend>323.2</alterend>
    <alterbegin>330.9</alterbegin>
    <alterConceptURI>http://www.wikidata.org/entity/Q1068088</alterConceptURI>
  </item>
  <item>
    <alterlabel>Viséum</alterlabel>
    <altertype>Stufe</altertype>
    <alterspan>(330.9–346.7)</alterspan>
    <alterend>330.9</alterend>
    <alterbegin>346.7</alterbegin>
    <alterConceptURI>http://www.wikidata.org/entity/Q647290</alterConceptURI>
  </item>
  <item>
    <alterlabel>Tournaisium</alterlabel>
    <altertype>Stufe</altertype>
    <alterspan>(346.7–358.9)</alterspan>
    <alterend>346.7</alterend>
    <alterbegin>358.9</alterbegin>
    <alterConceptURI>http://www.wikidata.org/entity/Q940381</alterConceptURI>
  </item>
  <item>
    <alterlabel>Devon</alterlabel>
    <altertype>System</altertype>
    <alterspan>(358.9–419.2)</alterspan>
    <alterend>358.9</alterend>
    <alterbegin>419.2</alterbegin>
    <alterConceptURI>http://www.wikidata.org/entity/Q65955</alterConceptURI>
  </item>
  <item>
    <alterlabel>Oberdevon</alterlabel>
    <altertype>Serie</altertype>
    <alterspan>(358.9–382.7)</alterspan>
    <alterend>358.9</alterend>
    <alterbegin>382.7</alterbegin>
    <alterConceptURI>http://www.wikidata.org/entity/Q10265844</alterConceptURI>
  </item>
  <item>
    <alterlabel>Famennium</alterlabel>
    <altertype>Stufe</altertype>
    <alterspan>(358.9–372.2)</alterspan>
    <alterend>358.9</alterend>
    <alterbegin>372.2</alterbegin>
    <alterConceptURI>http://www.wikidata.org/entity/Q253839</alterConceptURI>
  </item>
  <item>
    <alterlabel>Frasnium</alterlabel>
    <altertype>Stufe</altertype>
    <alterspan>(372.2–382.7)</alterspan>
    <alterend>372.2</alterend>
    <alterbegin>382.7</alterbegin>
    <alterConceptURI>http://www.wikidata.org/entity/Q264200</alterConceptURI>
  </item>
  <item>
    <alterlabel>Mitteldevon</alterlabel>
    <altertype>Serie</altertype>
    <alterspan>(382.7–393.3)</alterspan>
    <alterend>382.7</alterend>
    <alterbegin>393.3</alterbegin>
    <alterConceptURI>http://www.wikidata.org/entity/Q731313</alterConceptURI>
  </item>
  <item>
    <alterlabel>Givetium</alterlabel>
    <altertype>Stufe</altertype>
    <alterspan>(382.7–387.7)</alterspan>
    <alterend>382.7</alterend>
    <alterbegin>387.7</alterbegin>
    <alterConceptURI>http://www.wikidata.org/entity/Q650845</alterConceptURI>
  </item>
  <item>
    <alterlabel>Eifelium</alterlabel>
    <altertype>Stufe</altertype>
    <alterspan>(387.7–393.3)</alterspan>
    <alterend>387.7</alterend>
    <alterbegin>393.3</alterbegin>
    <alterConceptURI>http://www.wikidata.org/entity/Q730523</alterConceptURI>
  </item>
  <item>
    <alterlabel>Unterdevon</alterlabel>
    <altertype>Serie</altertype>
    <alterspan>(393.3–419.2)</alterspan>
    <alterend>393.3</alterend>
    <alterbegin>419.2</alterbegin>
    <alterConceptURI>http://www.wikidata.org/entity/Q731293</alterConceptURI>
  </item>
  <item>
    <alterlabel>Emsium</alterlabel>
    <altertype>Stufe</altertype>
    <alterspan>(393.3–407.6)</alterspan>
    <alterend>393.3</alterend>
    <alterbegin>407.6</alterbegin>
    <alterConceptURI>http://www.wikidata.org/entity/Q576789</alterConceptURI>
  </item>
  <item>
    <alterlabel>Pragium</alterlabel>
    <altertype>Stufe</altertype>
    <alterspan>(407.6–410.8)</alterspan>
    <alterend>407.6</alterend>
    <alterbegin>410.8</alterbegin>
    <alterConceptURI>http://www.wikidata.org/entity/Q1089625</alterConceptURI>
  </item>
  <item>
    <alterlabel>Lochkovium</alterlabel>
    <altertype>Stufe</altertype>
    <alterspan>(410.8–419.2)</alterspan>
    <alterend>410.8</alterend>
    <alterbegin>419.2</alterbegin>
    <alterConceptURI>http://www.wikidata.org/entity/Q1089613</alterConceptURI>
  </item>
  <item>
    <alterlabel>Silur</alterlabel>
    <altertype>System</altertype>
    <alterspan>(419.2–443.8)</alterspan>
    <alterend>419.2</alterend>
    <alterbegin>443.8</alterbegin>
    <alterConceptURI>http://www.wikidata.org/entity/Q62412</alterConceptURI>
  </item>
  <item>
    <alterlabel>Pridolium</alterlabel>
    <altertype>Serie</altertype>
    <alterspan>(419.2–423.0)</alterspan>
    <alterend>419.2</alterend>
    <alterbegin>423</alterbegin>
    <alterConceptURI>http://www.wikidata.org/entity/Q1062563</alterConceptURI>
  </item>
  <item>
    <alterlabel>Ludlow</alterlabel>
    <altertype>Serie</altertype>
    <alterspan>(423.0–427.4)</alterspan>
    <alterend>423</alterend>
    <alterbegin>427.4</alterbegin>
    <alterConceptURI>http://www.wikidata.org/entity/Q1065155</alterConceptURI>
  </item>
  <item>
    <alterlabel>Ludfordium</alterlabel>
    <altertype>Stufe</altertype>
    <alterspan>(423.0–425.6)</alterspan>
    <alterend>423</alterend>
    <alterbegin>425.6</alterbegin>
    <alterConceptURI>http://www.wikidata.org/entity/Q912190</alterConceptURI>
  </item>
  <item>
    <alterlabel>Gorstium</alterlabel>
    <altertype>Stufe</altertype>
    <alterspan>(425.6–427.4)</alterspan>
    <alterend>425.6</alterend>
    <alterbegin>427.4</alterbegin>
    <alterConceptURI>http://www.wikidata.org/entity/Q752878</alterConceptURI>
  </item>
  <item>
    <alterlabel>Wenlock</alterlabel>
    <altertype>Serie</altertype>
    <alterspan>(427.4–433.4)</alterspan>
    <alterend>427.4</alterend>
    <alterbegin>433.4</alterbegin>
    <alterConceptURI>http://www.wikidata.org/entity/Q1064996</alterConceptURI>
  </item>
  <item>
    <alterlabel>Homerium</alterlabel>
    <altertype>Stufe</altertype>
    <alterspan>(427.4–430.5)</alterspan>
    <alterend>427.4</alterend>
    <alterbegin>430.5</alterbegin>
    <alterConceptURI>http://www.wikidata.org/entity/Q753045</alterConceptURI>
  </item>
  <item>
    <alterlabel>Sheinwoodium</alterlabel>
    <altertype>Stufe</altertype>
    <alterspan>(430.5–433.4)</alterspan>
    <alterend>430.5</alterend>
    <alterbegin>433.4</alterbegin>
    <alterConceptURI>http://www.wikidata.org/entity/Q582801</alterConceptURI>
  </item>
  <item>
    <alterlabel>Llandovery</alterlabel>
    <altertype>Serie</altertype>
    <alterspan>(433.4–443.8)</alterspan>
    <alterend>433.4</alterend>
    <alterbegin>443.8</alterbegin>
    <alterConceptURI>http://www.wikidata.org/entity/Q1187992</alterConceptURI>
  </item>
  <item>
    <alterlabel>Telychium</alterlabel>
    <altertype>Stufe</altertype>
    <alterspan>(433.4–438.5)</alterspan>
    <alterend>433.4</alterend>
    <alterbegin>438.5</alterbegin>
    <alterConceptURI>http://www.wikidata.org/entity/Q681835</alterConceptURI>
  </item>
  <item>
    <alterlabel>Aeronium</alterlabel>
    <altertype>Stufe</altertype>
    <alterspan>(438.5–440.8)</alterspan>
    <alterend>438.5</alterend>
    <alterbegin>440.8</alterbegin>
    <alterConceptURI>http://www.wikidata.org/entity/Q381595</alterConceptURI>
  </item>
  <item>
    <alterlabel>Rhuddanium</alterlabel>
    <altertype>Stufe</altertype>
    <alterspan>(440.8–443.8)</alterspan>
    <alterend>440.8</alterend>
    <alterbegin>443.8</alterbegin>
    <alterConceptURI>http://www.wikidata.org/entity/Q260369</alterConceptURI>
  </item>
  <item>
    <alterlabel>Ordovizium</alterlabel>
    <altertype>System</altertype>
    <alterspan>(443.8–485.4)</alterspan>
    <alterend>443.8</alterend>
    <alterbegin>485.4</alterbegin>
    <alterConceptURI>http://www.wikidata.org/entity/Q10739169</alterConceptURI>
  </item>
  <item>
    <alterlabel>Oberordovizium</alterlabel>
    <altertype>Serie</altertype>
    <alterspan>(443.8–458.4)</alterspan>
    <alterend>443.8</alterend>
    <alterbegin>458.4</alterbegin>
    <alterConceptURI>http://www.wikidata.org/entity/Q13389115</alterConceptURI>
  </item>
  <item>
    <alterlabel>Hirnantium</alterlabel>
    <altertype>Stufe</altertype>
    <alterspan>(443.8–445.2)</alterspan>
    <alterend>443.8</alterend>
    <alterbegin>445.2</alterbegin>
    <alterConceptURI>http://www.wikidata.org/entity/Q583151</alterConceptURI>
  </item>
  <item>
    <alterlabel>Katium</alterlabel>
    <altertype>Stufe</altertype>
    <alterspan>(445.2–453.0)</alterspan>
    <alterend>445.2</alterend>
    <alterbegin>453</alterbegin>
    <alterConceptURI>http://www.wikidata.org/entity/Q1736601</alterConceptURI>
  </item>
  <item>
    <alterlabel>Sandbium</alterlabel>
    <altertype>Stufe</altertype>
    <alterspan>(453.0–458.4)</alterspan>
    <alterend>453</alterend>
    <alterbegin>458.4</alterbegin>
    <alterConceptURI>http://www.wikidata.org/entity/Q1807140</alterConceptURI>
  </item>
  <item>
    <alterlabel>Mittelordovizium</alterlabel>
    <altertype>Serie</altertype>
    <alterspan>(458.4–470.0)</alterspan>
    <alterend>458.4</alterend>
    <alterbegin>470</alterbegin>
    <alterConceptURI>http://www.wikidata.org/entity/Q13389102</alterConceptURI>
  </item>
  <item>
    <alterlabel>Darriwilium</alterlabel>
    <altertype>Stufe</altertype>
    <alterspan>(458.4–467.3)</alterspan>
    <alterend>458.4</alterend>
    <alterbegin>467.3</alterbegin>
    <alterConceptURI>http://www.wikidata.org/entity/Q1032866</alterConceptURI>
  </item>
  <item>
    <alterlabel>Dapingium</alterlabel>
    <altertype>Stufe</altertype>
    <alterspan>(467.3–470.0)</alterspan>
    <alterend>467.3</alterend>
    <alterbegin>470</alterbegin>
    <alterConceptURI>http://www.wikidata.org/entity/Q288112</alterConceptURI>
  </item>
  <item>
    <alterlabel>Unterordovizium</alterlabel>
    <altertype>Serie</altertype>
    <alterspan>(470.0–485.4)</alterspan>
    <alterend>470</alterend>
    <alterbegin>485.4</alterbegin>
    <alterConceptURI>http://www.wikidata.org/entity/Q62100</alterConceptURI>
  </item>
  <item>
    <alterlabel>Floium</alterlabel>
    <altertype>Stufe</altertype>
    <alterspan>(470.0–477.7)</alterspan>
    <alterend>470</alterend>
    <alterbegin>477.7</alterbegin>
    <alterConceptURI>http://www.wikidata.org/entity/Q10528257</alterConceptURI>
  </item>
  <item>
    <alterlabel>Tremadocium</alterlabel>
    <altertype>Stufe</altertype>
    <alterspan>(477.7–485.4)</alterspan>
    <alterend>477.7</alterend>
    <alterbegin>485.4</alterbegin>
    <alterConceptURI>http://www.wikidata.org/entity/Q1267676</alterConceptURI>
  </item>
  <item>
    <alterlabel>Kambrium</alterlabel>
    <altertype>System</altertype>
    <alterspan>(485.4–541.0)</alterspan>
    <alterend>485.4</alterend>
    <alterbegin>541</alterbegin>
    <alterConceptURI>http://www.wikidata.org/entity/Q79064</alterConceptURI>
  </item>
  <item>
    <alterlabel>Furongium</alterlabel>
    <altertype>Serie</altertype>
    <alterspan>(485.4–497.0)</alterspan>
    <alterend>485.4</alterend>
    <alterbegin>497</alterbegin>
    <alterConceptURI>http://www.wikidata.org/entity/Q1269670</alterConceptURI>
  </item>
  <item>
    <alterlabel>10.Stufe</alterlabel>
    <altertype>Stufe</altertype>
    <alterspan>(485.4–489.5)</alterspan>
    <alterend>485.4</alterend>
    <alterbegin>489.5</alterbegin>
    <alterConceptURI>http://www.wikidata.org/entity/Q5025305</alterConceptURI>
  </item>
  <item>
    <alterlabel>Jiangshanium</alterlabel>
    <altertype>Stufe</altertype>
    <alterspan>(489.5–494.0)</alterspan>
    <alterend>489.5</alterend>
    <alterbegin>494</alterbegin>
    <alterConceptURI>http://www.wikidata.org/entity/Q33062</alterConceptURI>
  </item>
  <item>
    <alterlabel>Paibium</alterlabel>
    <altertype>Stufe</altertype>
    <alterspan>(494.0–497.0)</alterspan>
    <alterend>494</alterend>
    <alterbegin>497</alterbegin>
    <alterConceptURI>http://www.wikidata.org/entity/Q2060764</alterConceptURI>
  </item>
  <item>
    <alterlabel>3.Serie</alterlabel>
    <altertype>Serie</altertype>
    <alterspan>(497.0–509.0)</alterspan>
    <alterend>497</alterend>
    <alterbegin>509</alterbegin>
    <alterConceptURI>http://www.wikidata.org/entity/Q1276038</alterConceptURI>
  </item>
  <item>
    <alterlabel>Guzhangium</alterlabel>
    <altertype>Stufe</altertype>
    <alterspan>(497.0–500.5)</alterspan>
    <alterend>497</alterend>
    <alterbegin>500.5</alterbegin>
    <alterConceptURI>http://www.wikidata.org/entity/Q43667</alterConceptURI>
  </item>
  <item>
    <alterlabel>Drumium</alterlabel>
    <altertype>Stufe</altertype>
    <alterspan>(500.5–504.5)</alterspan>
    <alterend>500.5</alterend>
    <alterbegin>504.5</alterbegin>
    <alterConceptURI>http://www.wikidata.org/entity/Q43712</alterConceptURI>
  </item>
  <item>
    <alterlabel>5.Stufe</alterlabel>
    <altertype>Stufe</altertype>
    <alterspan>(504.5–509.0)</alterspan>
    <alterend>504.5</alterend>
    <alterbegin>509</alterbegin>
    <alterConceptURI>http://www.wikidata.org/entity/Q5025311</alterConceptURI>
  </item>
  <item>
    <alterlabel>2.Serie</alterlabel>
    <altertype>Serie</altertype>
    <alterspan>(509.0–521.0)</alterspan>
    <alterend>509</alterend>
    <alterbegin>521</alterbegin>
    <alterConceptURI>http://www.wikidata.org/entity/Q5025303</alterConceptURI>
  </item>
  <item>
    <alterlabel>4.Stufe</alterlabel>
    <altertype>Stufe</altertype>
    <alterspan>(509.0–514.0)</alterspan>
    <alterend>509</alterend>
    <alterbegin>514</alterbegin>
    <alterConceptURI>http://www.wikidata.org/entity/Q5025308</alterConceptURI>
  </item>
  <item>
    <alterlabel>3.Stufe</alterlabel>
    <altertype>Stufe</altertype>
    <alterspan>(514.0–521.0)</alterspan>
    <alterend>514</alterend>
    <alterbegin>521</alterbegin>
    <alterConceptURI>http://www.wikidata.org/entity/Q5025307</alterConceptURI>
  </item>
  <item>
    <alterlabel>Terreneuvium</alterlabel>
    <altertype>Serie</altertype>
    <alterspan>(521.0–541.0)</alterspan>
    <alterend>521</alterend>
    <alterbegin>541</alterbegin>
    <alterConceptURI>http://www.wikidata.org/entity/Q515287</alterConceptURI>
  </item>
  <item>
    <alterlabel>2.Stufe</alterlabel>
    <altertype>Stufe</altertype>
    <alterspan>(521.0–529.0)</alterspan>
    <alterend>521</alterend>
    <alterbegin>529</alterbegin>
    <alterConceptURI>http://www.wikidata.org/entity/Q5025306</alterConceptURI>
  </item>
  <item>
    <alterlabel>Fortunium</alterlabel>
    <altertype>Stufe</altertype>
    <alterspan>(529.0–541.0)</alterspan>
    <alterend>529</alterend>
    <alterbegin>541</alterbegin>
    <alterConceptURI>http://www.wikidata.org/entity/Q1424618</alterConceptURI>
  </item>
  <item>
    <alterlabel>Präkambrium</alterlabel>
    <altertype>Informalle</altertype>
    <alterspan>(541.0–4600)</alterspan>
    <alterend>541</alterend>
    <alterbegin>4600</alterbegin>
    <alterConceptURI>http://www.wikidata.org/entity/Q103910</alterConceptURI>
  </item>
  <item>
    <alterlabel>Proterozoikum</alterlabel>
    <altertype>Äonothem</altertype>
    <alterspan>(541.0–2500)</alterspan>
    <alterend>541</alterend>
    <alterbegin>2500</alterbegin>
    <alterConceptURI>http://www.wikidata.org/entity/Q104162</alterConceptURI>
  </item>
  <item>
    <alterlabel>Neoproterozoikum</alterlabel>
    <altertype>Ärathem</altertype>
    <alterspan>(541.0–1000)</alterspan>
    <alterend>541</alterend>
    <alterbegin>1000</alterbegin>
    <alterConceptURI>http://www.wikidata.org/entity/Q191935</alterConceptURI>
  </item>
  <item>
    <alterlabel>Ediacarium</alterlabel>
    <altertype>System</altertype>
    <alterspan>(541.0–635)</alterspan>
    <alterend>541</alterend>
    <alterbegin>635</alterbegin>
    <alterConceptURI>http://www.wikidata.org/entity/Q188654</alterConceptURI>
  </item>
  <item>
    <alterlabel>Cryogenium</alterlabel>
    <altertype>System</altertype>
    <alterspan>(635–720)</alterspan>
    <alterend>635</alterend>
    <alterbegin>720</alterbegin>
    <alterConceptURI>http://www.wikidata.org/entity/Q507402</alterConceptURI>
  </item>
  <item>
    <alterlabel>Tonium</alterlabel>
    <altertype>System</altertype>
    <alterspan>(720–1000)</alterspan>
    <alterend>720</alterend>
    <alterbegin>1000</alterbegin>
    <alterConceptURI>http://www.wikidata.org/entity/Q743343</alterConceptURI>
  </item>
  <item>
    <alterlabel>Mesoproterozoikum</alterlabel>
    <altertype>Ärathem</altertype>
    <alterspan>(1000–1600)</alterspan>
    <alterend>1000</alterend>
    <alterbegin>1600</alterbegin>
    <alterConceptURI>http://www.wikidata.org/entity/Q210611</alterConceptURI>
  </item>
  <item>
    <alterlabel>Stenium</alterlabel>
    <altertype>System</altertype>
    <alterspan>(1000–1200)</alterspan>
    <alterend>1000</alterend>
    <alterbegin>1200</alterbegin>
    <alterConceptURI>http://www.wikidata.org/entity/Q776333</alterConceptURI>
  </item>
  <item>
    <alterlabel>Ectasium</alterlabel>
    <altertype>System</altertype>
    <alterspan>(1200–1400)</alterspan>
    <alterend>1200</alterend>
    <alterbegin>1400</alterbegin>
    <alterConceptURI>http://www.wikidata.org/entity/Q367597</alterConceptURI>
  </item>
  <item>
    <alterlabel>Calymmium</alterlabel>
    <altertype>System</altertype>
    <alterspan>(1400–1600)</alterspan>
    <alterend>1400</alterend>
    <alterbegin>1600</alterbegin>
    <alterConceptURI>http://www.wikidata.org/entity/Q876805</alterConceptURI>
  </item>
  <item>
    <alterlabel>Paläoproterozoikum</alterlabel>
    <altertype>Ärathem</altertype>
    <alterspan>(1600–2500)</alterspan>
    <alterend>1600</alterend>
    <alterbegin>2500</alterbegin>
    <alterConceptURI>http://www.wikidata.org/entity/Q193738</alterConceptURI>
  </item>
  <item>
    <alterlabel>Satherium</alterlabel>
    <altertype>System</altertype>
    <alterspan>(1600–1800)</alterspan>
    <alterend>1600</alterend>
    <alterbegin>1800</alterbegin>
    <alterConceptURI>http://www.wikidata.org/entity/Q684942</alterConceptURI>
  </item>
  <item>
    <alterlabel>Orosirium</alterlabel>
    <altertype>System</altertype>
    <alterspan>(1800–2050)</alterspan>
    <alterend>1800</alterend>
    <alterbegin>2050</alterbegin>
    <alterConceptURI>http://www.wikidata.org/entity/Q597383</alterConceptURI>
  </item>
  <item>
    <alterlabel>Rhyacium</alterlabel>
    <altertype>System</altertype>
    <alterspan>(2050–2300)</alterspan>
    <alterend>2050</alterend>
    <alterbegin>2300</alterbegin>
    <alterConceptURI>http://www.wikidata.org/entity/Q870511</alterConceptURI>
  </item>
  <item>
    <alterlabel>Siderium</alterlabel>
    <altertype>System</altertype>
    <alterspan>(2300–2500)</alterspan>
    <alterend>2300</alterend>
    <alterbegin>2500</alterbegin>
    <alterConceptURI>http://www.wikidata.org/entity/Q870498</alterConceptURI>
  </item>
  <item>
    <alterlabel>Archaikum</alterlabel>
    <altertype>Äonothem</altertype>
    <alterspan>(2500–4000)</alterspan>
    <alterend>2500</alterend>
    <alterbegin>4000</alterbegin>
    <alterConceptURI>http://www.wikidata.org/entity/Q104168</alterConceptURI>
  </item>
  <item>
    <alterlabel>Neoarchaikum</alterlabel>
    <altertype>Ärathem</altertype>
    <alterspan>(2500–2800)</alterspan>
    <alterend>2500</alterend>
    <alterbegin>2800</alterbegin>
    <alterConceptURI>http://www.wikidata.org/entity/Q645135</alterConceptURI>
  </item>
  <item>
    <alterlabel>Mesoarchaikum</alterlabel>
    <altertype>Ärathem</altertype>
    <alterspan>(2800–3200)</alterspan>
    <alterend>2800</alterend>
    <alterbegin>3200</alterbegin>
    <alterConceptURI>http://www.wikidata.org/entity/Q607992</alterConceptURI>
  </item>
  <item>
    <alterlabel>Paläoarchaikum</alterlabel>
    <altertype>Ärathem</altertype>
    <alterspan>(3200–3600)</alterspan>
    <alterend>3200</alterend>
    <alterbegin>3600</alterbegin>
    <alterConceptURI>http://www.wikidata.org/entity/Q738167</alterConceptURI>
  </item>
  <item>
    <alterlabel>Eoarchaikum</alterlabel>
    <altertype>Ärathem</altertype>
    <alterspan>(3600–4000)</alterspan>
    <alterend>3600</alterend>
    <alterbegin>4000</alterbegin>
    <alterConceptURI>http://www.wikidata.org/entity/Q731470</alterConceptURI>
  </item>
  <item>
    <alterlabel>Hadaikum</alterlabel>
    <altertype>Äonothem</altertype>
    <alterspan>(4000–4600)</alterspan>
    <alterend>4000</alterend>
    <alterbegin>4600</alterbegin>
    <alterConceptURI>http://www.wikidata.org/entity/Q104460</alterConceptURI>
  </item>
  <item>
    <alterlabel>rezent</alterlabel>
    <altertype>Informalle</altertype>
    <alterspan/>
    <alterend/>
    <alterbegin/>
    <alterConceptURI/>
  </item>
  <item>
    <alterlabel>unbekannt</alterlabel>
    <altertype>Informalle</altertype>
    <alterspan/>
    <alterend/>
    <alterbegin/>
    <alterConceptURI/>
  </item>
</root>