<standort>
    <item>
        <label>Georg-August-Universität Göttingen, Universitätsmedizin, Zentrum Anatomie, Blumenbach-Sammlung</label>
        <value>Georg-August-Universität Göttingen, Universitätsmedizin, Zentrum Anatomie, Blumenbach-Sammlung</value>
    </item>
    <item>
        <label>Georg-August-Universität Göttingen, Sozialwissenschaftliche Fakultät, Institut für Ethnologie, Ethnologische Sammlung</label>
        <value>Georg-August-Universität Göttingen, Institut für Ethnologie</value>
    </item>
    <item>
        <label>Georg-August-Universität Göttingen, Fakultät für Geowissenschaften und Geographie, Geowissenschaftliches Zentrum, Geowissenschaftliches Museum</label>
        <value>Georg-August-Universität Göttingen, Fakultät für Geowissenschaften und Geographie, Geowissenschaftliches Zentrum, Geowissenschaftliches Museum</value>
    </item>
    <item>
        <label>Georg-August-Universität Göttingen, Fakultät für Biologie und Psychologie, Johann-Friedrich-Blumenbach-Institut für Zoologie und Anthropologie, Historische Anthropologie und Humanökologie</label>
        <value>Georg-August-Universität Göttingen, Fakultät für Biologie und Psychologie, Johann-Friedrich-Blumenbach-Institut für Zoologie und Anthropologie, Historische Anthropologie und Humanökologie</value>
    </item>
    <item>
        <label>Georg-August-Universität Göttingen, Niedersächsische Staats- und Universitätsbibliothek</label>
        <value>Georg-August-Universität Göttingen, Niedersächsische Staats- und Universitätsbibliothek</value>
    </item>
    <item>
        <label>Georg-August-Universität Göttingen, Philosophische Fakultät, Archäologisches Institut</label>
        <value>Georg-August-Universität Göttingen, Philosophische Fakultät, Archäologisches Institut</value>
    </item>
    <item>
        <label>Georg-August-Universität Göttingen, Fakultät für Biologie und Psychologie, Albrecht-von-Haller-Institut für Pflanzenwissenschaften, Systematische Botanik, Universitätsherbarium</label>
        <value>Georg-August-Universität Göttingen, Fakultät für Biologie und Psychologie, Albrecht-von-Haller-Institut für Pflanzenwissenschaften, Systematische Botanik, Universitätsherbarium</value>
    </item>
    <item>
        <label>Georg-August-Universität Göttingen, Fakultät für Biologie und Psychologie, Johann-Friedrich-Blumenbach Institut für Zoologie und Anthropologie, Zoologisches Museum</label>
        <value>Georg-August-Universität Göttingen, Fakultät für Biologie und Psychologie, Johann-Friedrich-Blumenbach Institut für Zoologie und Anthropologie, Zoologisches Museum</value>
    </item>
    <item>
        <label>Niedersächsisches Landesmuseum Hannover, Abteilung Naturkunde</label>
        <value>Niedersächsisches Landesmuseum Hannover, Abteilung Naturkunde</value>
    </item>
    <item>
        <label>Niedersächsisches Landesmuseum Hannover, Abteilung Völkerkunde</label>
        <value>Niedersächsisches Landesmuseum Hannover, Abteilung Völkerkunde</value>
    </item>
    <item>
        <label>Rheinische Friedrich-Wilhelms-Universität Bonn, Zoologisches Forschungsmuseum Alexander Koenig</label>
        <value>Rheinische Friedrich-Wilhelms-Universität Bonn, Zoologisches Forschungsmuseum Alexander Koenig</value>
    </item>
    <item>
        <label>Senckenberg Forschungsinstitut und Naturmuseum, Frankfurt</label>
        <value>Senckenberg Forschungsinstitut und Naturmuseum, Frankfurt</value>
    </item>
    <item>
        <label>Georg-August-Universität Göttingen, Philosophische Fakultät, Kunstsammlung</label>
        <value>Georg-August-Universität Göttingen, Philosophische Fakultät, Kunstsammlung</value>
    </item>
    <item>
        <label>Georg-August-Universität Göttingen, Fakultät für Chemie, Museum der Göttinger Chemie</label>
        <value>Georg-August-Universität Göttingen, Fakultät für Chemie, Museum der Göttinger Chemie</value>
    </item>
    <item>
        <label>Georg-August-Universität Göttingen, Universitätsmedizin, Institut für Ethik und Geschichte der Medizin</label>
        <value>Georg-August-Universität Göttingen, Universitätsmedizin, Institut für Ethik und Geschichte der Medizin</value>
    </item>
    <item>
        <label>Georg-August-Universität Göttingen, Philosophische Fakultät, Seminar für Ur- und Frühgeschichte</label>
        <value>Georg-August-Universität Göttingen, Philosophische Fakultät, Seminar für Ur- und Frühgeschichte</value>
    </item>
    <item>
        <label>Georg-August-Universität Göttingen, Philosophische Fakultät, Seminar für Ägyptologie und Koptologie</label>
        <value>Georg-August-Universität Göttingen, Philosophische Fakultät, Seminar für Ägyptologie und Koptologie</value>
    </item>
    <item>
        <label>Universität Hamburg, Centrum für Naturkunde, Zoologisches Museum</label>
        <value>Universität Hamburg, Centrum für Naturkunde, Zoologisches Museum</value>
    </item>
</standort>