<form xmlns:uuid="java:java.util.UUID">
   <section-1>
         <a0>Mensch (Tschude?) [Schädel]</a0>
         <a8/>
         <a2>AIG</a2>
         <a3>566</a3>
         <b12a>566</b12a>
         <a5>22c; 14; 156; 225</a5>
         <a6>1</a6>
      </section-1>
   <section-2>
         <a1>Anatomie, Anthropologie</a1>
         <a7a>Mammalia: Hominidae: Homo</a7a>
         <a7b>Säugetiere: Menschenaffen: Menschen</a7b>
         <a9a>&lt;i&gt;Homo sapiens&lt;/i&gt;</a9a>
         <a9b>Mensch</a9b>
         <a9c/>
         <a26>Naturalia</a26>
      </section-2>
   <section-3>
         <a12a>rezent</a12a>
         <a12aa>rezent</a12aa>
         <a12b/>
         <a12c/>
         <a12d/>
      </section-3>
   <section-4>
         <a13a>Fluss Buchtarma, zwischen oberem Irtysch und Kurtschum</a13a>
         <a13b/>
         <a13c/>
         <a13d/>
         <a14a>Kitschigin, Dementei (????-????)</a14a>
         <a14aa/>
         <a14b>1797-01-01</a14b>
         <a14ba>1797-10-31</a14ba>
         <a15a>Schenck, Friedrich Wilhelm (????-1798)</a15a>
         <a15aa/>
         <a15b>1798-12-24</a15b>
         <a15ba>1798-12-24</a15ba>
         <a16a>Geschenk</a16a>
         <a16b>1840 (aus Privatsammlung Blumenbachs)</a16b>
         <a17>don. über G. T. von Asch, welcher die Schädel von Schenck, Friedrich Wilhelm erhielt, durch Kontakt mit dem Chirurg Kitschigin, Dementei, welcher die Schädel aus den Gräbern holte (siehe Briefwechsel). Der genaue Fundort ist
            ebenfalls im Briefwechsel beschrieben.</a17>
      </section-4>
   <section-5>
         <a18/>
         <a19>Spengel (1877): 42f</a19>
         <a20/>
         <a22>Spengel, J.W. (1877): Die von Blumenbach gegründete anthropologische Sammlung der Universität Göttingen. Aufgenommen im Jahre 1874. [In:] Schaafhausen, H. (Hrsg.): Die Anthropologischen Sammlungen Deutschlands. Ein Verzeichnis
            des in Deutschland vorhandenen anthropologischen Materials. Nach dem Beschluss der Deutschen Anthropologischen Gesellschaft zusammengestellt unter der Leitung des Vorsitzenden der zu diesem Zwecke ernannten Commission, H.
            Schaaffhausen. II. Göttingen. VI + 91 S. Braunschweig (Vieweg und Sohn).</a22>
         <a23/>
         <f4>Corresp. V, S. 179–182 Nr. 1099; Corresp. V, S. 298–300 Nr. 1177; Corresp. V, S. 564</f4>
         <f5>Cod. Ms. Blumenbach I, Nr. 4: 3</f5>
         <f8/>
      </section-5>
   <section-6>
         <a9d/>
      </section-6>
   <section-7>
         <a24a>Georg-August-Universität Göttingen, Medizinische Fakultät, Zentrum Anatomie (Blumenbachsche Schädelsammlung)</a24a>
         <a24b/>
         <a27/>
         <a28>die Rechte für die digitalen 2D-Einzelaufnahmen liegen bei der Akademie der Wissenschaften zu Göttingen</a28>
         <f2a>L. Numberger-Thuy, M. Schultz, A. Gehler, N. Schäfer </f2a>
         <f2b>2011-11-10</f2b>
         <f3a>N. Schäfer</f3a>
         <f3b>2016-11-11</f3b>
      </section-7>
   <section-8>
         <b1>Schädel mit Unterkiefer </b1>
         <b2/>
         <b3b/>
         <b3d/>
         <b4a>männlich</b4a>
         <b4aa/>
         <b4b/>
         <b4c/>
         <b4ca/>
         <b4d/>
         <b5/>
         <b6/>
         <b7a/>
         <b8>G=491.8 [g] </b8>
      </section-8>
   <section-9>
         <f1>Text der Karteikarte: Krt. Nr. 566 Tschude,b) Bl. 1798 durch Baron v. Asch Ort: ebendaher wie 155 alte Sign.: 156 </f1>
         <b9a/>
         <b9b/>
         <b10a>gut</b10a>
         <b10b/>
         <b11a>nein</b11a>
         <b11b/>
         <b11c/>
      </section-9>
   <section-10>
         <c1>0</c1>
         <c2>3</c2>
         <etikett-grid1>
            <a10>nicht vorhanden</a10>
            <c3/>
            <c4/>
            <c5/>
            <c6a/>
            <c6b/>
            <c7a/>
         </etikett-grid1>
      </section-10>
   <section-11>
         <objekttext-grid1>
            <a11>Tschude.</a11>
            <d1>Schädel, frontal</d1>
            <d2/>
            <d3a>mäßig</d3a>
            <d3b/>
         </objekttext-grid1>
         <objekttext-grid1>
            <a11>22 c) ex tumulo Tschudico.</a11>
            <d1>Schädel, rechts</d1>
            <d2>Handschrift von Blumenbach</d2>
            <d3a>gut</d3a>
            <d3b/>
         </objekttext-grid1>
         <objekttext-grid1>
            <a11>22 c) </a11>
            <d1>Unterkiefer, rechts</d1>
            <d2>Handschrift von Blumenbach</d2>
            <d3a>gut</d3a>
            <d3b/>
         </objekttext-grid1>
      </section-11>
   <section-12>
         <number-grid1>
            <a4>22c </a4>
            <e1>Schädel, rechts</e1>
            <e2/>
            <e3>Handschrift von Blumenbach</e3>
            <e4a>gut</e4a>
            <e4b/>
            <e5a>nein</e5a>
         </number-grid1>
         <number-grid1>
            <a4>22c </a4>
            <e1>Unterkiefer, rechts</e1>
            <e2/>
            <e3>Handschrift von Blumenbach</e3>
            <e4a>gut</e4a>
            <e4b/>
            <e5a>nein</e5a>
         </number-grid1>
      </section-12>
</form>