<form xmlns:uuid="java:java.util.UUID">
   <section-1>
         <a0>Schwefel</a0>
         <a8/>
         <a2>GZG.HST.</a2>
         <a3>0.458a</a3>
         <b12a>0.458a-c</b12a>
         <a5>VI.1; I.31; 19; 3; Labor-Nr.: 15604; 1.2.14.179</a5>
         <a6>3 Glasröhrchen</a6>
      </section-1>
   <section-2>
         <a1>Mineralogie</a1>
         <a7a>Elemente: Halbmetalle (Metalloide) und Nichtmetalle: Schwefel-Gruppe</a7a>
         <a7b/>
         <a9a>Schwefel [S8]</a9a>
         <a9b/>
         <a9c>Sulfur, Sulphur</a9c>
         <a26>Naturalia</a26>
      </section-2>
   <section-3>
         <a12a/>
         <a12aa/>
         <a12b/>
         <a12c/>
         <a12d/>
      </section-3>
   <section-4>
         <a13a>Teide, Pico de, Tenerife - Santa Cruz de Tenerife - Canarias - España - Europe - World</a13a>
         <a13b>28° 16` 24`` N 16° 38` 32`` W </a13b>
         <a13c>tgn:1107574</a13c>
         <a13d/>
         <a14a>Heberden, Thomas (1703-1769)</a14a>
         <a14aa/>
         <a14b/>
         <a14ba>1768-09-18</a14ba>
         <a15a>Banks, Joseph (1743-1820)</a15a>
         <a15aa>cnp01338058</a15aa>
         <a15b/>
         <a15ba>1799-12-31</a15ba>
         <a16a>Geschenk</a16a>
         <a16b>Unbekannt (aus Bestand des Academischen Museums oder Privatsammlung Blumenbachs)</a16b>
         <a17>Banks hat die Objekte von Dr. Heberden (Bruder vom britischen Physiker William Heberden) auf Madeira erhalten (vermutlich, als er dort im September 1768 mit der Endeavour Station gemacht hat)</a17>
      </section-4>
   <section-5>
         <a18>00027: 624</a18>
         <a19/>
         <a20/>
         <a22/>
         <a23/>
         <f4/>
         <f5/>
         <f8/>
      </section-5>
   <section-6>
         <a9d>http://www.mindat.org/min-3826.html</a9d>
      </section-6>
   <section-7>
         <a24a>Georg-August-Universität Göttingen, Geowissenschaftliches Zentrum, Museum, Sammlungen &amp; Geopark</a24a>
         <a24b>UNI Gö, Geowissenschaftliches Zentrum, Museum, Magazin Geologie/Paläontologie, Raum 16-025, Historische Sammlung</a24b>
         <a27/>
         <a28>die Rechte für die digitalen 2D-Einzelaufnahmen liegen beim Geowissenschaftlichen Museum Göttingen, GZG </a28>
         <f2a>A. Böhme, A. Gehler, N. Schäfer</f2a>
         <f2b>2011-05-06</f2b>
         <f3a>N. Schäfer</f3a>
         <f3b>2017-01-31</f3b>
      </section-7>
   <section-8>
         <b1/>
         <b2/>
         <b3b/>
         <b3d/>
         <b4a/>
         <b4aa/>
         <b4b/>
         <b4c/>
         <b4ca/>
         <b4d/>
         <b5/>
         <b6/>
         <b7a/>
         <b8/>
      </section-8>
   <section-9>
         <f1>Labor-Nr.: 15604 (S-Isotope gemessen im Zentrallabor Göttingen)</f1>
         <b9a>in Glasröhrchen mit Korken</b9a>
         <b9b/>
         <b10a>gut</b10a>
         <b10b/>
         <b11a>nein</b11a>
         <b11b/>
         <b11c/>
      </section-9>
   <section-10>
         <c1>1</c1>
         <c2>8</c2>
         <etikett-grid1>
            <a10>vom Pic auf Teneriffa. v. Sr Joseph Banks der ihn vom Dr Heberden auf Madera erhalten. v. Hawkesworth vol. II. [p...] 13.</a10>
            <c3>isoliert, rückseitig auf einem Sekundäretikett klebend</c3>
            <c4/>
            <c5>Handschrift von Blumenbach</c5>
            <c6a>gut</c6a>
            <c6b/>
            <c7a>nein</c7a>
         </etikett-grid1>
      </section-10>
   <section-11>
         <objekttext-grid1>
            <a11>nicht vorhanden</a11>
            <d1/>
            <d2/>
            <d3a>sehr gut</d3a>
            <d3b/>
         </objekttext-grid1>
      </section-11>
   <section-12>
         <number-grid1>
            <a4>nicht vorhanden</a4>
            <e1/>
            <e2/>
            <e3/>
            <e4a/>
            <e4b/>
            <e5a/>
         </number-grid1>
      </section-12>
</form>