<form xmlns:uuid="java:java.util.UUID">
   <section-1>
         <a0>Schnecken (&lt;i&gt;Cepatia cepacea&lt;/i&gt;)</a0>
         <a8/>
         <a2>GZG.HST.</a2>
         <a3>0.131b</a3>
         <b12a>0.131a-d</b12a>
         <a5/>
         <a6>4</a6>
      </section-1>
   <section-2>
         <a1>Palaeozoologie</a1>
         <a7a>Mollusca: Gastropoda: Neotaenioglossa: Naticidae</a7a>
         <a7b>Weichtiere: Schnecken: [Neotaenioglossa]: Mondschnecken</a7b>
         <a9a>&lt;i&gt;Cepatia cepacea&lt;/i&gt;</a9a>
         <a9b/>
         <a9c>&lt;i&gt;Natica cepacea&lt;/i&gt;</a9c>
         <a26>Naturalia</a26>
      </section-2>
   <section-3>
         <a12a>Lutetium (40.4 - 48.6)</a12a>
         <a12aa>Lutetium (40.4 - 48.6)</a12aa>
         <a12b/>
         <a12c/>
         <a12d/>
      </section-3>
   <section-4>
         <a13a>Grignon, Yvelines - Île-de-France - France - Europe - World</a13a>
         <a13b>48° 51\' 00\'\' N, 001° 57\' 00\'\' E</a13b>
         <a13c>tgn:7009221</a13c>
         <a13d/>
         <a14a/>
         <a14aa/>
         <a14b/>
         <a14ba/>
         <a15a>unbekannt</a15a>
         <a15aa/>
         <a15b/>
         <a15ba/>
         <a16a>unbekannt</a16a>
         <a16b/>
         <a17>Hinweis auf Blumenbach nur auf Sekundäretikett</a17>
      </section-4>
   <section-5>
         <a18/>
         <a19/>
         <a20/>
         <a22/>
         <a23/>
         <f4/>
         <f5/>
         <f8/>
      </section-5>
   <section-6>
         <a9d/>
      </section-6>
   <section-7>
         <a24a>Georg-August-Universität Göttingen, Geowissenschaftliches Zentrum, Museum, Sammlungen &amp; Geopark</a24a>
         <a24b>UNI Gö, Geowissenschaftliches Zentrum, Museum, Magazin Geologie/Paläontologie, Raum 16-025, Historische Sammlung</a24b>
         <a27/>
         <a28>die Rechte für die digitalen 2D-Einzelaufnahmen liegen beim Geowissenschaftlichen Museum Göttingen, GZG </a28>
         <f2a>A. Gehler</f2a>
         <f2b>2015-01-09</f2b>
         <f3a>A. Gehler</f3a>
         <f3b>2015-01-30</f3b>
      </section-7>
   <section-8>
         <b1/>
         <b2/>
         <b3b/>
         <b3d/>
         <b4a/>
         <b4aa/>
         <b4b/>
         <b4c/>
         <b4ca/>
         <b4d/>
         <b5/>
         <b6/>
         <b7a/>
         <b8/>
      </section-8>
   <section-9>
         <f1/>
         <b9a/>
         <b9b/>
         <b10a>gut</b10a>
         <b10b/>
         <b11a>nein</b11a>
         <b11b/>
         <b11c/>
      </section-9>
   <section-10>
         <c1>0</c1>
         <c2>2</c2>
         <etikett-grid1>
            <a10>nicht vorhanden</a10>
            <c3/>
            <c4/>
            <c5/>
            <c6a/>
            <c6b/>
            <c7a/>
         </etikett-grid1>
      </section-10>
   <section-11>
         <objekttext-grid1>
            <a11>nicht vorhanden</a11>
            <d1/>
            <d2/>
            <d3a/>
            <d3b/>
         </objekttext-grid1>
      </section-11>
   <section-12>
         <number-grid1>
            <a4>nicht vorhanden</a4>
            <e1/>
            <e2/>
            <e3/>
            <e4a/>
            <e4b/>
            <e5a/>
         </number-grid1>
      </section-12>
</form>