<form xmlns:uuid="java:java.util.UUID">
   <section-1>
         <a0>Platin [Blech]</a0>
         <a8>Platinfolien</a8>
         <a2>GZG.HST.</a2>
         <a3>1.590b</a3>
         <b12a>1.590a-b</b12a>
         <a5>XIII.17; 32; 4820; 1.1.71.59</a5>
         <a6>2</a6>
      </section-1>
   <section-2>
         <a1>Mineralogie</a1>
         <a7a>Elemente: Metalle und intermetallische Legierungen: Platin-Gruppen-Elemente</a7a>
         <a7b>Elemente</a7b>
         <a9a>Platin [Pt]</a9a>
         <a9b>Platin [Pt]</a9b>
         <a9c/>
         <a26>Artificialia/Naturalia</a26>
      </section-2>
   <section-3>
         <a12a/>
         <a12aa/>
         <a12b/>
         <a12c/>
         <a12d/>
      </section-3>
   <section-4>
         <a13a/>
         <a13b/>
         <a13c/>
         <a13d/>
         <a14a/>
         <a14aa/>
         <a14b/>
         <a14ba/>
         <a15a>Stromeyer, Friedrich (1776-1835)</a15a>
         <a15aa>cnp01497918</a15aa>
         <a15b>1828-03-01</a15b>
         <a15ba>1828-03-31</a15ba>
         <a16a>vermutlich Geschenk</a16a>
         <a16b>Unbekannt (aus Bestand des Academischen Museums oder Privatsammlung Blumenbachs)</a16b>
         <a17/>
      </section-4>
   <section-5>
         <a18/>
         <a19/>
         <a20/>
         <a22/>
         <a23/>
         <f4/>
         <f5/>
         <f8/>
      </section-5>
   <section-6>
         <a9d>http://www.mindat.org/min-3236.html</a9d>
      </section-6>
   <section-7>
         <a24a>Georg-August-Universität Göttingen, Geowissenschaftliches Zentrum, Museum, Sammlungen &amp; Geopark</a24a>
         <a24b>UNI Gö, Geowissenschaftliches Zentrum, Museum, Magazin Geologie/Paläontologie, Raum 16-025, Historische Sammlung</a24b>
         <a27/>
         <a28>die Rechte für die digitalen 2D-Einzelaufnahmen liegen beim Geowissenschaftlichen Museum Göttingen, GZG</a28>
         <f2a>N. Schäfer</f2a>
         <f2b>2015-09-08</f2b>
         <f3a>N. Schäfer</f3a>
         <f3b>2017-01-24</f3b>
      </section-7>
   <section-8>
         <b1/>
         <b2/>
         <b3b/>
         <b3d/>
         <b4a/>
         <b4aa/>
         <b4b/>
         <b4c/>
         <b4ca/>
         <b4d/>
         <b5/>
         <b6/>
         <b7a/>
         <b8/>
      </section-8>
   <section-9>
         <f1/>
         <b9a>im Glasröhrchen mit Korken</b9a>
         <b9b/>
         <b10a>gut</b10a>
         <b10b/>
         <b11a>nein</b11a>
         <b11b/>
         <b11c/>
      </section-9>
   <section-10>
         <c1>1</c1>
         <c2>5</c2>
         <etikett-grid1>
            <a10>Platinfolien XIII.17. v. Hrn Hofr. Stromeyer Blum. Sam. März 28. ["XIII.17." und "Blum. Sam." sekundär hinzugefügt]</a10>
            <c3/>
            <c4/>
            <c5>Handschrift von Blumenbach</c5>
            <c6a>mäßig</c6a>
            <c6b/>
            <c7a>nein</c7a>
         </etikett-grid1>
      </section-10>
   <section-11>
         <objekttext-grid1>
            <a11>nicht vorhanden</a11>
            <d1/>
            <d2/>
            <d3a/>
            <d3b/>
         </objekttext-grid1>
      </section-11>
   <section-12>
         <number-grid1>
            <a4>nicht vorhanden</a4>
            <e1/>
            <e2/>
            <e3/>
            <e4a/>
            <e4b/>
            <e5a/>
         </number-grid1>
      </section-12>
</form>