<form xmlns:uuid="java:java.util.UUID">
   <section-1>
         <a0>Wollhaarnashorn (&lt;i&gt;Coelodonta antiquitatis&lt;/i&gt;) [Backenzahn]</a0>
         <a8/>
         <a2>GZG.HST.</a2>
         <a3>0.514</a3>
         <b12a>0.514</b12a>
         <a5>GZG.V.010.159</a5>
         <a6>1</a6>
      </section-1>
   <section-2>
         <a1>Palaeozoologie</a1>
         <a7a>Mammalia: Perissodactyla: Rhinocerotidae</a7a>
         <a7b>Säugetiere: Unpaarhufer: Nashörner</a7b>
         <a9a>&lt;i&gt;Coelodonta antiquitatis&lt;/i&gt; (Blumenbach, 1799), Molar (m1 oder m2, sin.) </a9a>
         <a9b>Wollhaarnashorn, Backenzahn (Backenzahn 1 oder 2, unten links) </a9b>
         <a9c>&lt;i&gt;Rhinoceros antiquitatis&lt;/i&gt;</a9c>
         <a26>Naturalia</a26>
      </section-2>
   <section-3>
         <a12a>Pleistozän (0.0117 - 2.588)</a12a>
         <a12aa>Pleistozän (0.0117 - 2.588)</a12aa>
         <a12b/>
         <a12c/>
         <a12d/>
      </section-3>
   <section-4>
         <a13a>Ilsenburg (Oehrenfeld), Sachsen-Anhalt, Deutschland </a13a>
         <a13b>51° 51` 0`` N 10° 43` 0`` E </a13b>
         <a13c/>
         <a13d/>
         <a14a/>
         <a14aa/>
         <a14b/>
         <a14ba/>
         <a15a>Sporleder, Friedrich Wilhelm (1787-1875)</a15a>
         <a15aa>cnp00447735</a15aa>
         <a15b>1820-04-26</a15b>
         <a15ba>1820-04-26</a15ba>
         <a16a>Geschenk</a16a>
         <a16b>Unbekannt (aus Bestand des Academischen Museums oder Privatsammlung Blumenbachs)</a16b>
         <a17>Brief von F. W. Sporleder vom 26. April 1820 im Besitz des Geowissenschaftlichen Museums (GZG.A.136)</a17>
      </section-4>
   <section-5>
         <a18/>
         <a19/>
         <a20/>
         <a22/>
         <a23/>
         <f4/>
         <f5/>
         <f8/>
      </section-5>
   <section-6>
         <a9d/>
      </section-6>
   <section-7>
         <a24a>Georg-August-Universität Göttingen, Geowissenschaftliches Zentrum, Museum, Sammlungen &amp; Geopark</a24a>
         <a24b>UNI Gö, Geowissenschaftliches Zentrum, Museum, Magazin Geologie/Paläontologie, Raum 16-025, Historische Sammlung</a24b>
         <a27/>
         <a28>die Rechte für die digitalen 2D-Einzelaufnahmen liegen beim Geowissenschaftlichen Museum Göttingen, GZG</a28>
         <f2a>A. Böhme, A. Gehler, M. Reich, N. Schäfer</f2a>
         <f2b>2011-08-23</f2b>
         <f3a>N. Schäfer</f3a>
         <f3b>2016-06-07</f3b>
      </section-7>
   <section-8>
         <b1/>
         <b2/>
         <b3b/>
         <b3d/>
         <b4a>unbekannt</b4a>
         <b4aa/>
         <b4b/>
         <b4c/>
         <b4ca/>
         <b4d/>
         <b5/>
         <b6/>
         <b7a/>
         <b8/>
      </section-8>
   <section-9>
         <f1>gehört zu GZG.HST.0.515</f1>
         <b9a/>
         <b9b/>
         <b10a>gut</b10a>
         <b10b/>
         <b11a>nein</b11a>
         <b11b/>
         <b11c/>
      </section-9>
   <section-10>
         <c1>0</c1>
         <c2>3</c2>
         <etikett-grid1>
            <a10>nicht vorhanden</a10>
            <c3/>
            <c4/>
            <c5/>
            <c6a/>
            <c6b/>
            <c7a/>
         </etikett-grid1>
      </section-10>
   <section-11>
         <objekttext-grid1>
            <a11>nicht vorhanden</a11>
            <d1/>
            <d2/>
            <d3a/>
            <d3b/>
         </objekttext-grid1>
      </section-11>
   <section-12>
         <number-grid1>
            <a4>nicht vorhanden</a4>
            <e1/>
            <e2/>
            <e3/>
            <e4a/>
            <e4b/>
            <e5a/>
         </number-grid1>
      </section-12>
</form>