<form xmlns:uuid="java:java.util.UUID">
   <section-1>
         <z1>http://purl.org/vocab/blumenbach#Meteoritenkunde</z1>
         <a1>Meteoritenkunde</a1>
         <a0>Stannern (Steinmeteorit)</a0>
         <a8>Aërolith</a8>
         <a2>GZG.HST.</a2>
         <a3>0.335a</a3>
         <b12a>0.335a-d</b12a>
         <a5>421; 3.22.6.3</a5>
         <a6>4</a6>
      </section-1>
   <section-2>
         <a7a>Meteorite: Steinmeteorite: Achondrite: HED-Gruppe: Eukrite</a7a>
         <a7b>Meteorite: Steinmeteorite: Achondrite: HED-Gruppe: Eukrite</a7b>
         <a9a>Eukrit</a9a>
         <a9b/>
         <a9c>Cilli; Iglau; Langenpiernitz; Stannein; Stonarov; Stonarow; Stummern</a9c>
         <a26>Naturalia</a26>
         <a21>nein</a21>
      </section-2>
   <section-3>
         <a12a>Hadaikum#4000#4600#Äonothem#http://www.wikidata.org/entity/Q104460</a12a>
         <a12aa>Hadaikum#4000#4600#Äonothem#http://www.wikidata.org/entity/Q104460</a12aa>
         <a12b/>
         <a12c/>
         <a12d/>
      </section-3>
   <section-4>
         <a13a>Stona?ov [Stannern], Kraj Vyso?ina, Tschechische Republik</a13a>
         <a13b>49° 17` 0`` N
 15° 34` 0`` E
 </a13b>
         <a13c/>
         <skos:prefLabel xmlns:skos="http://www.w3.org/2004/02/skos/core#"/>
         <xml:lang/>
         <gvp:parentString xmlns:gvp="http://vocab.getty.edu/ontology#"/>
         <wgs:lat xmlns:wgs="http://www.w3.org/2003/01/geo/wgs84_pos#"/>
         <wgs:long xmlns:wgs="http://www.w3.org/2003/01/geo/wgs84_pos#"/>
      </section-4>
   <section-41>
         <a14a/>
         <a14aa/>
         <a14b>1808-05-22</a14b>
         <a14ba/>
         <a15a>Schreibers, Karl von (1775-1852)</a15a>
         <a15aa>http://thesaurus.cerl.org/record/cnp00388438</a15aa>
         <a15b>1813-01-01</a15b>
         <a15ba>1813-12-31</a15ba>
         <a16a>vermutlich Geschenk</a16a>
         <a16b>Unbekannt (aus Bestand des Academischen Museums oder Privatsammlung Blumenbachs)</a16b>
         <a17>K. V. Schreibers, damaliger Direktor des kaiserlichen Naturalienkabinettes in Wien, reiste schon einige Tage nach dem Fall nach Stannern (Schreibers 1808) um sich persönlich ein Bild der Fallumstände machen zu können und Proben zu sammeln.
Die Steine hatten ein Gewicht von wenigen Gramm bis zu 3,35 kg und von Schreibers war es möglich eine größere Menge von diesen zu akquirieren.
</a17>
         <a12e>Beobachteter Fall</a12e>
         <a12f/>
         <a12g>1808-05-22</a12g>
         <a12h>1808-05-22</a12h>
         <a12i/>
         <a25/>
         <a25a_a/>
         <a25a/>
         <a25ab/>
         <a25ac/>
         <a25b/>
         <a25c/>
      </section-41>
   <section-5>
         <original-lit-grid>
            <original-lit-grid-iteration>
               <a18/>
            </original-lit-grid-iteration>
         </original-lit-grid>
         <original-desc-grid>
            <original-desc-grid-iteration>
               <a19/>
            </original-desc-grid-iteration>
         </original-desc-grid>
         <original-image-grid>
            <original-image-grid-iteration>
               <a20/>
            </original-image-grid-iteration>
         </original-image-grid>
         <secondary-lit-grid>
            <secondary-lit-grid-iteration>
               <a22>Jaquin, N. J. von (1808): Ein neuer Steinregen, am 22sten Mai 1808, in Mähren – Annalen der Physik 28: 491.
Schreibers, K. von (1808): Nachrichten von dem Steinregen, der sich am 22sten Mai 1808 in und um Stannern in Mähren ereignet hat; gesammelt auf einer Reise nach Stannern, in Gesellschaft des Directors von Widmanstätten – Annalen der Physik 29: 225-247.
</a22>
               <a23/>
            </secondary-lit-grid-iteration>
         </secondary-lit-grid>
         <brief-mentioned-grid>
            <brief-mentioned-grid-iteration>
               <f4/>
            </brief-mentioned-grid-iteration>
         </brief-mentioned-grid>
         <f5/>
         <f8/>
      </section-5>
   <section-6>
         <mineral-authority-grid>
            <mineral-authority-grid-iteration>
               <a9d>http://www.lpi.usra.edu/meteor/metbull.php?code=23713</a9d>
            </mineral-authority-grid-iteration>
         </mineral-authority-grid>
         <meteorite-authority-grid>
            <meteorite-authority-grid-iteration>
               <a9e/>
            </meteorite-authority-grid-iteration>
         </meteorite-authority-grid>
         <biological-authority-grid>
            <biological-authority-grid-iteration>
               <a9f/>
            </biological-authority-grid-iteration>
         </biological-authority-grid>
      </section-6>
   <section-7>
         <a24a>Georg-August-Universität Göttingen, Fakultät für Geowissenschaften und Geographie, Geowissenschaftliches Zentrum, Geowissenschaftliches Museum</a24a>
         <a24b>UNI Gö, Geowissenschaftliches Zentrum, Museum, Magazin Geologie/Paläontologie, Raum 16-025, Historische Sammlung</a24b>
         <a27/>
         <a28>die Rechte für die digitalen 2D-Einzelaufnahmen liegen beim Geowissenschaftlichen Museum Göttingen, GZG</a28>
         <f2a>A. Gehler, N. Schäfer</f2a>
         <f2b>2013-01-29</f2b>
         <f3a>N. Schäfer</f3a>
         <f3b>2017-05-11</f3b>
      </section-7>
   <section-8>
         <b1>fast komplettes Individuum</b1>
         <b2/>
         <b3a/>
         <b3b/>
         <b3c/>
         <b3d>ca. 90% mit Schmelzkruste überzogen</b3d>
         <b4a/>
         <b4aa/>
         <b4b/>
         <b4c/>
         <b4ca/>
         <b4d/>
         <b5/>
         <b6/>
         <b7a/>
         <b7b/>
         <b7c/>
         <b8/>
      </section-8>
   <section-9>
         <f1>es ist möglich, dass nicht alle vorhandenen Etiketten auch ursprünglich zu diesem Stück gehörten.
Es ist fraglich ob die Dünnschliffe (GZG.HST.0.335b-d) tatsächlich von diesem Stück stammen.</f1>
         <b9a/>
         <b9b/>
         <b10a>gut</b10a>
         <b10b/>
         <b11a>nein</b11a>
         <b11b/>
         <b11c/>
      </section-9>
   <section-10>
         <c1>1</c1>
         <c2>7</c2>
         <etikett-grid1>
            <a10>Ein ganzer Aërolith vom
Steinregen zu Stannern in Mähren
ohnweit Iglau 22 May 1808.
erh. v. H. v. Schreibers 1813.
(Blumenbach)

["(Blumenbach)" sekundär hinzugefügt]</a10>
            <c3>isoliert</c3>
            <c4/>
            <c5>Handschrift von Blumenbach</c5>
            <c6a>gut</c6a>
            <c6b/>
            <c7a>nein</c7a>
         </etikett-grid1>
      </section-10>
   <section-11>
         <objekttext-grid1>
            <a11>nicht vorhanden</a11>
            <d1/>
            <d2/>
            <d3a/>
            <d3b/>
         </objekttext-grid1>
      </section-11>
   <section-12>
         <number-grid1>
            <a4>nicht vorhanden</a4>
            <e1/>
            <e2/>
            <e3/>
            <e4a/>
            <e4b/>
            <e5a/>
         </number-grid1>
      </section-12>
   <section-13>
         <IIIFmanifestURI/>
         <f6/>
         <f7/>
         <f8/>
      </section-13>
</form>