<form xmlns:uuid="java:java.util.UUID">
   <section-1>
         <a0>Morito (Eisenmeteorit)</a0>
         <a8>Meteoreisen</a8>
         <a2>GZG.HST.</a2>
         <a3>0.057</a3>
         <b12a>0.057</b12a>
         <a5>301; 1.31.13.1</a5>
         <a6>1</a6>
      </section-1>
   <section-2>
         <z1>http://purl.org/vocab/blumenbach#Meteoritenkunde</z1>
         <a1>Meteoritenkunde</a1>
         <a7a>Meteorite: Eisenmeteorite: Oktaedrite: mittlere Oktaedrite (IIIA-Eisen)</a7a>
         <a7b>Meteorite: Eisenmeteorite: Oktaedrite: mittlere Oktaedrite (IIIA-Eisen)</a7b>
         <a9a>Mittlerer Oktaedrit, IIIA-Eisen</a9a>
         <a9b/>
         <a9c>Durango, El Morito; Huejuquilla; Humboldt Iron; Parral; San Gregorio; Valle de Allende</a9c>
         <a26>Naturalia</a26>
      </section-2>
   <section-3>
         <a12a>Hadaikum (4000 - 4600)</a12a>
         <a12aa>Hadaikum (4000 - 4600)</a12aa>
         <a12b>Fund vor 1600</a12b>
         <a12c/>
         <a12d/>
      </section-3>
   <section-4>
         <a13a>Morito, Chihuahua, Mexiko</a13a>
         <a13b>27° 3` 0`` N
 105° 26` 0`` W
 </a13b>
         <a13c/>
         <a13d/>
         <a14a/>
         <a14aa/>
         <a14b/>
         <a14ba/>
         <a15a>Humboldt, Alexander von (1769-1859)</a15a>
         <a15aa>cnp01259344</a15aa>
         <a15b/>
         <a15ba/>
         <a16a>vermutlich Geschenk</a16a>
         <a16b/>
         <a17/>
         <a12e/>
         <a12f/>
         <a12g/>
         <a12h/>
         <a12i/>
      </section-4>
   <section-5>
         <original-lit-grid>
            <original-lit-grid-iteration>
               <a18/>
            </original-lit-grid-iteration>
         </original-lit-grid>
         <original-desc-grid>
            <original-desc-grid-iteration>
               <a19/>
            </original-desc-grid-iteration>
         </original-desc-grid>
         <original-image-grid>
            <original-image-grid-iteration>
               <a20/>
            </original-image-grid-iteration>
         </original-image-grid>
         <secondary-lit-grid>
            <secondary-lit-grid-iteration>
               <a22>Buchwald, V. F. (1975): Handbook of iron meteorites. – University of California Press, Berkeley, Los Angeles, London; 1418 S.
Fletcher, L. (1890): On the Mexican Meteorites, with especial regard to the supposed occurence of wide-spread meteoritic showers. – Mineralogical Magazine 9: 91-178.
</a22>
               <a23/>
            </secondary-lit-grid-iteration>
         </secondary-lit-grid>
         <f4/>
         <f5/>
         <f8/>
      </section-5>
   <section-6>
         <mineral-authority-grid>
            <mineral-authority-grid-iteration>
               <a9d>http://www.lpi.usra.edu/meteor/metbull.php?code=16745</a9d>
            </mineral-authority-grid-iteration>
         </mineral-authority-grid>
      </section-6>
   <section-7>
         <a24a>Georg-August-Universität Göttingen, Geowissenschaftliches Zentrum, Museum, Sammlungen &amp; Geopark</a24a>
         <a24b>UNI Gö, Geowissenschaftliches Zentrum, Museum, Magazin Geologie/Paläontologie, Raum 16-025, Historische Sammlung</a24b>
         <a27/>
         <a28>die Rechte für die digitalen 2D-Einzelaufnahmen liegen beim Geowissenschaftlichen Museum Göttingen, GZG</a28>
         <f2a>A. Gehler</f2a>
         <f2b>2013-02-04</f2b>
         <f3a>A. Gehler</f3a>
         <f3b>2015-01-08</f3b>
      </section-7>
   <section-8>
         <b1>angeschnittenes Fragment (Schnittfläche geätzt)</b1>
         <b2/>
         <b3b/>
         <b3d/>
         <b4a/>
         <b4aa/>
         <b4b/>
         <b4c/>
         <b4ca/>
         <b4d/>
         <b5/>
         <b6/>
         <b7a/>
         <b8>G=56.2 [g]
</b8>
         <a21>nein</a21>
      </section-8>
   <section-9>
         <f1/>
         <b9a/>
         <b9b/>
         <b10a>gut</b10a>
         <b10b>frühere Gewichtsangaben:
Wöhler (1864, 1865, 1868, 1870, 1874): 50g (als Durango)
Klein (1879): 58,75 (als Durango)
Koritnig (1962): 56,1g</b10b>
         <b11a>nein</b11a>
         <b11b/>
         <b11c/>
      </section-9>
   <section-10>
         <c1>1</c1>
         <c2>3</c2>
         <etikett-grid1>
            <a10>von der 40 000 lb
schweren nichelhaltigen
Masse von Meteoreisen
bay Durango in Mexico

erhalten v. Al. v. Humboldt</a10>
            <c3>isoliert</c3>
            <c4/>
            <c5>Handschrift Blumenbachs</c5>
            <c6a>gut</c6a>
            <c6b/>
            <c7a>nein</c7a>
         </etikett-grid1>
      </section-10>
   <section-11>
         <objekttext-grid1>
            <a11>nicht vorhanden</a11>
            <d1/>
            <d2/>
            <d3a/>
            <d3b/>
         </objekttext-grid1>
      </section-11>
   <section-12>
         <number-grid1>
            <a4>nicht vorhanden</a4>
            <e1/>
            <e2/>
            <e3/>
            <e4a/>
            <e4b/>
            <e5a/>
         </number-grid1>
      </section-12>
</form>