<form xmlns:uuid="java:java.util.UUID">
   <section-1>
         <z1>http://purl.org/vocab/blumenbach#Meteoritenkunde</z1>
         <a1>Meteoritenkunde</a1>
         <a0>Ensisheim (Steinmeteorit)</a0>
         <a8>Aërolith</a8>
         <a2>GZG.HST.</a2>
         <a3>0.341</a3>
         <b12a>0.341</b12a>
         <a5>284/142; 187; 4.44.3.1</a5>
         <a6>1</a6>
      </section-1>
   <section-2>
         <a7a>Meteorite: Steinmeteorite: Gewöhnliche Chondrite: LL6</a7a>
         <a7b>Meteorite: Steinmeteorite: Gewöhnliche Chondrite: LL6</a7b>
         <a9a>LL6-Chondrit</a9a>
         <a9b/>
         <a9c/>
         <a26>Naturalia</a26>
         <a21>nein</a21>
      </section-2>
   <section-3>
         <a12a>Hadaikum (4000 - 4600)</a12a>
         <a12aa>Hadaikum (4000 - 4600)</a12aa>
         <a12b>Fall am 07. November 1492</a12b>
         <a12c/>
         <a12d/>
      </section-3>
   <section-4>
         <a13a>Ensisheim, Haut-Rhin - Alsace - France - Europe - World</a13a>
         <a13b>47° 51\' 00\'\' N, 007° 20\' 00\'\' E</a13b>
         <a13c>http://vocab.getty.edu/tgn/7009159</a13c>
         <skos:prefLabel xmlns:skos="http://www.w3.org/2004/02/skos/core#">Ensisheim</skos:prefLabel>
         <xml:lang>und</xml:lang>
         <gvp:parentString xmlns:gvp="http://vocab.getty.edu/ontology#">Alsace, France, Europe, World</gvp:parentString>
         <wgs:lat xmlns:wgs="http://www.w3.org/2003/01/geo/wgs84_pos#">47.866951</wgs:lat>
         <wgs:long xmlns:wgs="http://www.w3.org/2003/01/geo/wgs84_pos#">7.352117</wgs:long>
      </section-4>
   <section-41>
         <a14a/>
         <a14aa/>
         <a14b/>
         <a14ba/>
         <a15a>Butenschön, Johann Friedrich (1764-1842)</a15a>
         <a15aa>http://thesaurus.cerl.org/record/cnp00103587</a15aa>
         <a15b/>
         <a15ba/>
         <a16a>vermutlich Geschenk</a16a>
         <a16b>Unbekannt (aus Bestand des Academischen Museums oder Privatsammlung Blumenbachs)</a16b>
         <a17/>
         <a12e>Beobachteter Fall</a12e>
         <a12f/>
         <a12g/>
         <a12h/>
         <a12i/>
      </section-41>
   <section-5>
         <original-lit-grid>
            <original-lit-grid-iteration>
               <a18/>
            </original-lit-grid-iteration>
         </original-lit-grid>
         <original-desc-grid>
            <original-desc-grid-iteration>
               <a19/>
            </original-desc-grid-iteration>
         </original-desc-grid>
         <original-image-grid>
            <original-image-grid-iteration>
               <a20/>
            </original-image-grid-iteration>
         </original-image-grid>
         <secondary-lit-grid>
            <secondary-lit-grid-iteration>
               <a22/>
               <a23/>
            </secondary-lit-grid-iteration>
         </secondary-lit-grid>
         <brief-mentioned-grid>
            <brief-mentioned-grid-iteration>
               <f4/>
            </brief-mentioned-grid-iteration>
         </brief-mentioned-grid>
         <f5/>
         <f8/>
      </section-5>
   <section-6>
         <mineral-authority-grid>
            <mineral-authority-grid-iteration>
               <a9d>http://www.lpi.usra.edu/meteor/metbull.php?code=10039</a9d>
            </mineral-authority-grid-iteration>
         </mineral-authority-grid>
         <meteorite-authority-grid>
            <meteorite-authority-grid-iteration>
               <a9e/>
            </meteorite-authority-grid-iteration>
         </meteorite-authority-grid>
         <biological-authority-grid>
            <biological-authority-grid-iteration>
               <a9f/>
            </biological-authority-grid-iteration>
         </biological-authority-grid>
      </section-6>
   <section-7>
         <a24a>Georg-August-Universität Göttingen, Geowissenschaftliches Zentrum, Museum, Sammlungen Geopark</a24a>
         <a24b>UNI Gö, Geowissenschaftliches Zentrum, Museum, Magazin Geologie/Paläontologie, Raum 16-025, Historische Sammlung</a24b>
         <a27/>
         <a28>die Rechte für die digitalen 2D-Einzelaufnahmen liegen beim Geowissenschaftlichen Museum Göttingen, GZG</a28>
         <f2a>A. Gehler, N. Schäfer</f2a>
         <f2b>2012-08-03</f2b>
         <f3a>N. Schäfer</f3a>
         <f3b>2017-01-23</f3b>
      </section-7>
   <section-8>
         <b1>Bruchstück</b1>
         <b2/>
         <b3b/>
         <b3d/>
         <b4a/>
         <b4aa/>
         <b4b/>
         <b4c/>
         <b4ca/>
         <b4d/>
         <b5/>
         <b6/>
         <b7a/>
         <b8>G=105.2 [g]
</b8>
      </section-8>
   <section-9>
         <f1/>
         <b9a/>
         <b9b/>
         <b10a>sehr gut</b10a>
         <b10b>Reste von Befestigungskitt auf dem Stück</b10b>
         <b11a>Nein</b11a>
         <b11b/>
         <b11c/>
      </section-9>
   <section-10>
         <c1>3</c1>
         <c2>3</c2>
         <etikett-grid1>
            <a10>von dem 260 lb schweren Aërolithen der 1492 d. 7 Nov. bey Ensisheim im Elsas vom Himmel gefallen
erhalten v. Hrn Pr. Butenschön</a10>
            <c3>isoliert (möglicherweise nicht zu diesem Stück gehörend)</c3>
            <c4/>
            <c5>Handschrift von Blumenbach</c5>
            <c6a>gut</c6a>
            <c6b/>
            <c7a>Nein</c7a>
         </etikett-grid1>
         <etikett-grid1>
            <a10>Ensisheim.</a10>
            <c3>direkt auf das Stück geklebt</c3>
            <c4/>
            <c5>unbekannte Handschrift</c5>
            <c6a>gut</c6a>
            <c6b/>
            <c7a>Nein</c7a>
         </etikett-grid1>
         <etikett-grid1>
            <a10>von dem 260 lb schweren Aërolithen der 1492 d. 7 Nov. bey Ensisheim im Elsas vom Himmel gefallen
Blbach
7 Nov a. St.
=16 N. n. St.</a10>
            <c3>isoliert</c3>
            <c4/>
            <c5>Handschrift von Blumenbach</c5>
            <c6a/>
            <c6b/>
            <c7a/>
         </etikett-grid1>
         <etikett-grid1>
            <a10>Ensisheim. Elsass.
gefallen 16 Nov. 1492.
106,5 gr.</a10>
            <c3>isoliert</c3>
            <c4/>
            <c5/>
            <c6a>mäßig</c6a>
            <c6b>Ausriss am linken Rand</c6b>
            <c7a>Nein</c7a>
         </etikett-grid1>
         <etikett-grid1>
            <a10>Ensisheim. Elsass.
Gefallen 16 Nov. 1492.</a10>
            <c3>isoliert</c3>
            <c4/>
            <c5/>
            <c6a>gut</c6a>
            <c6b/>
            <c7a>Nein</c7a>
         </etikett-grid1>
         <etikett-grid1>
            <a10>A. Xp.  Ck.
Ensisheim.
Ober-Elsass.
4.44.3.1
Fall: 16.11.1492.</a10>
            <c3>isoliert</c3>
            <c4/>
            <c5/>
            <c6a>gut</c6a>
            <c6b>besitzt Stempel "Mineralogisches Museum...", Teilbereich mit einem Tesafilmstreifen überklebt</c6b>
            <c7a/>
         </etikett-grid1>
      </section-10>
   <section-11>
         <objekttext-grid1>
            <a11/>
            <d1/>
            <d2/>
            <d3a/>
            <d3b/>
         </objekttext-grid1>
      </section-11>
   <section-12>
         <number-grid1>
            <a4>284/142</a4>
            <e1/>
            <e2/>
            <e3/>
            <e4a>gut</e4a>
            <e4b/>
            <e5a>nein</e5a>
         </number-grid1>
      </section-12>
   <section-13>
         <IIIFmanifestURI/>
         <f6/>
         <f7/>
         <f8/>
      </section-13>
</form>