<form xmlns:uuid="java:java.util.UUID">
   <section-1>
         <a0>Wollhaarnashorn (&lt;i&gt;Coelodonta antiquitatis&lt;/i&gt;) [Schädelfragment]</a0>
         <a8/>
         <a2>GZG.HST.</a2>
         <a3>0.761</a3>
         <b12a>0.761</b12a>
         <a5>GZG.V.010.232</a5>
         <a6>1</a6>
      </section-1>
   <section-2>
         <z1>http://purl.org/vocab/blumenbach#Palaeozoologie</z1>
         <a1>Palaeozoologie</a1>
         <a7a>Mammalia: Perissodactyla: Rhinocerotidae</a7a>
         <a7b>Säugetiere: Unpaarhufer: Nashörner</a7b>
         <a9a>&lt;i&gt;Coelodonta antiquitatis&lt;/i&gt;, Schädelfragment</a9a>
         <a9b>Wollhaarnashorn, Schädelfragment </a9b>
         <a9c>&lt;i&gt;Rhinoceros antiquitatis&lt;/i&gt;</a9c>
         <a26>Naturalia</a26>
      </section-2>
   <section-3>
         <a12a>Jungpleistozän (Tarantium) (0.0117 - 0.126)</a12a>
         <a12aa>Jungpleistozän (Tarantium) (0.0117 - 0.126)</a12aa>
         <a12b>40 610 +/- 340 Jahre B.P. hat die Datierung eines vergleichbaren Stückes (GZG.HST.0.503) ergeben </a12b>
         <a12c>Radiokarbon-Methode</a12c>
         <a12d/>
      </section-3>
   <section-4>
         <a13a>(bei) Ufa, Respublika Bashkortostan - Rossiya - Asia - World</a13a>
         <a13b>54° 45' 00'' N, 055° 58' 00'' E</a13b>
         <a13c>http://vocab.getty.edu/tgn/7010312</a13c>
         <skos:prefLabel xmlns:skos="http://www.w3.org/2004/02/skos/core#">Ufa</skos:prefLabel>
         <xml:lang>und</xml:lang>
         <gvp:parentString xmlns:gvp="http://vocab.getty.edu/ontology#">Bashkortostan, Rossija, Asia, World</gvp:parentString>
         <wgs:lat xmlns:wgs="http://www.w3.org/2003/01/geo/wgs84_pos#">54.75</wgs:lat>
         <wgs:long xmlns:wgs="http://www.w3.org/2003/01/geo/wgs84_pos#">55.9667</wgs:long>
      </section-4>
   <section-41>
         <a14a/>
         <a14aa/>
         <a14b/>
         <a14ba>1799-12-31</a14ba>
         <a15a>Asch, Georg Thomas von (1729-1807)</a15a>
         <a15aa>http://thesaurus.cerl.org/record/cnp00397388</a15aa>
         <a15b/>
         <a15ba>1799-12-31</a15ba>
         <a16a>Geschenk</a16a>
         <a16b>Sammlungseingang (aus Bestand des Academischen Museums)</a16b>
         <a17/>
         <a12e/>
         <a12f/>
         <a12g/>
         <a12h/>
         <a12i/>
      </section-41>
   <section-5>
         <original-lit-grid>
            <original-lit-grid-iteration>
               <a18>00027:  697;
00029: 723;
00030: 730;
00031: 741;
00032: 754
00033: 619;
00034: 489</a18>
            </original-lit-grid-iteration>
         </original-lit-grid>
         <original-desc-grid>
            <original-desc-grid-iteration>
               <a19>UNI Gö, Geowissenschaftliches Zentrum, Museum, Magazin Geologie/Paläontologie, Raum 16-025, Historische Sammlung</a19>
            </original-desc-grid-iteration>
         </original-desc-grid>
         <original-image-grid>
            <original-image-grid-iteration>
               <a20/>
            </original-image-grid-iteration>
         </original-image-grid>
         <secondary-lit-grid>
            <secondary-lit-grid-iteration>
               <a22/>
               <a23>Syntypus</a23>
            </secondary-lit-grid-iteration>
         </secondary-lit-grid>
         <brief-mentioned-grid>
            <brief-mentioned-grid-iteration>
               <f4/>
            </brief-mentioned-grid-iteration>
         </brief-mentioned-grid>
         <f5/>
         <f8/>
      </section-5>
   <section-6>
         <mineral-authority-grid>
            <mineral-authority-grid-iteration>
               <a9d/>
            </mineral-authority-grid-iteration>
         </mineral-authority-grid>
      </section-6>
   <section-7>
         <a24a>Georg-August-Universität Göttingen, Geowissenschaftliches Zentrum, Museum, Sammlungen Geopark</a24a>
         <a24b>UNI Gö, Geowissenschaftliches Zentrum, Museum, Magazin Geologie/Paläontologie, Raum 16-025, Historische Sammlung</a24b>
         <a27/>
         <a28>die Rechte für die digitalen 2D-Einzelaufnahmen liegen beim Geowissenschaftlichen Museum Göttingen, GZG </a28>
         <f2a>A. Böhme, A. Gehler, M. Reich, N. Schäfer</f2a>
         <f2b>2012-03-20</f2b>
         <f3a>N. Schäfer</f3a>
         <f3b>2017-01-19</f3b>
      </section-7>
   <section-8>
         <b1/>
         <b2/>
         <b3b/>
         <b3d>Die Gewichtsangabe (siehe unten) bezieht sich auf den kompletten (aus zwei Teilen zusammengesetzten) Schädel [L = 830 mm, B = 330 mm, H = 230 mm]</b3d>
         <b4a/>
         <b4aa/>
         <b4b/>
         <b4c/>
         <b4ca/>
         <b4d/>
         <b5/>
         <b6/>
         <b7a>L=530 [mm]
B=280 [mm]
H=220 [mm]
</b7a>
         <b8>G=15150 [g]
</b8>
         <a21>ja</a21>
      </section-8>
   <section-9>
         <f1>Der Schädel ist aus zwei Teilen von unterschiedlichen Individuen zusammengesetzt. Die Inventarnummer GZG.HST.0.761 []GZG.V.010.232] bezieht sich nur auf den vorderen Schädel (der hintere Schädel [GZG.V.010.316] ist durch ein anderes Stück aus der Sammlung Hollmann ergänzt worden).</f1>
         <b9a>nicht vorhanden</b9a>
         <b9b/>
         <b10a>gut</b10a>
         <b10b/>
         <b11a>nein</b11a>
         <b11b/>
         <b11c/>
      </section-9>
   <section-10>
         <c1>1</c1>
         <c2>0</c2>
         <etikett-grid1>
            <a10>vom Rhinoceros antiquitatis
vom Fl. Kartamysch im im Ische-
lobinskischen Kreise der Ufaischen
Statthalterschaft.

                                           B. Asch</a10>
            <c3>direkt auf das Stück geklebt (vorne rechte Seite)</c3>
            <c4>L=85 [mm]
B=40 [mm]
</c4>
            <c5>Handschrift von Baron von Asch</c5>
            <c6a>gut</c6a>
            <c6b/>
            <c7a/>
         </etikett-grid1>
      </section-10>
   <section-11>
         <objekttext-grid1>
            <a11>nicht vorhanden</a11>
            <d1/>
            <d2/>
            <d3a/>
            <d3b/>
         </objekttext-grid1>
      </section-11>
   <section-12>
         <number-grid1>
            <a4>nicht vorhanden</a4>
            <e1/>
            <e2/>
            <e3/>
            <e4a/>
            <e4b/>
            <e5a/>
         </number-grid1>
      </section-12>
</form>