<form xmlns:uuid="java:java.util.UUID">
   <section-1>
         <z1>http://purl.org/vocab/blumenbach#Botanik</z1>
         <a1>Botanik</a1>
         <a0>Stammstück eines Baumfarns (&lt;i&gt;Cyathea arborea&lt;/i&gt;)</a0>
         <a8>Cyathea arborea</a8>
         <a2>GZG.HST.</a2>
         <a3>0.250</a3>
         <b12a>0.250</b12a>
         <a5>101-17</a5>
         <a6>1</a6>
      </section-1>
   <section-2>
         <a7a>Tracheophyta: Polypodiopsida: Cyatheales: Cyatheaceae</a7a>
         <a7b>Gefäßpflanzen: Echte Farne: Baumfarne: Schuppige Baumfarne</a7b>
         <a9a>&lt;i&gt;Cyathea arborea&lt;/i&gt;, Stammstück </a9a>
         <a9b>Westindischer Baumfarn, Stammstück</a9b>
         <a9c>Karibischer Baumfarn</a9c>
         <a26>Naturalia</a26>
         <a21>nein</a21>
      </section-2>
   <section-3>
         <a12a>rezent</a12a>
         <a12aa>rezent</a12aa>
         <a12b/>
         <a12c/>
         <a12d/>
      </section-3>
   <section-4>
         <a13a>Rio de Janeiro (Serra d'Estrella [?] bei Rio de Janeiro), Rio de Janeiro state - Sudeste region - Brasil - South America - World</a13a>
         <a13b>22° 53\' 00\'\' S, 043° 17\' 00\'\' W</a13b>
         <a13c>http://vocab.getty.edu/tgn/7017095</a13c>
         <skos:prefLabel xmlns:skos="http://www.w3.org/2004/02/skos/core#">France Antarctique</skos:prefLabel>
         <xml:lang>und</xml:lang>
         <gvp:parentString xmlns:gvp="http://vocab.getty.edu/ontology#">Rio de Janeiro, Brasil, South America, World</gvp:parentString>
         <wgs:lat xmlns:wgs="http://www.w3.org/2003/01/geo/wgs84_pos#">-22.8833</wgs:lat>
         <wgs:long xmlns:wgs="http://www.w3.org/2003/01/geo/wgs84_pos#">-43.2833</wgs:long>
      </section-4>
   <section-41>
         <a14a/>
         <a14aa/>
         <a14b/>
         <a14ba/>
         <a15a/>
         <a15aa/>
         <a15b/>
         <a15ba/>
         <a16a>vermutlich Geschenk</a16a>
         <a16b>Unbekannt (aus Bestand des Academischen Museums oder Privatsammlung Blumenbachs)</a16b>
         <a17/>
         <a12e/>
         <a12f/>
         <a12g/>
         <a12h/>
         <a12i/>
      </section-41>
   <section-5>
         <original-lit-grid>
            <original-lit-grid-iteration>
               <a18/>
            </original-lit-grid-iteration>
         </original-lit-grid>
         <original-desc-grid>
            <original-desc-grid-iteration>
               <a19/>
            </original-desc-grid-iteration>
         </original-desc-grid>
         <original-image-grid>
            <original-image-grid-iteration>
               <a20/>
            </original-image-grid-iteration>
         </original-image-grid>
         <secondary-lit-grid>
            <secondary-lit-grid-iteration>
               <a22/>
               <a23/>
            </secondary-lit-grid-iteration>
         </secondary-lit-grid>
         <brief-mentioned-grid>
            <brief-mentioned-grid-iteration>
               <f4/>
            </brief-mentioned-grid-iteration>
         </brief-mentioned-grid>
         <f5/>
         <f8/>
      </section-5>
   <section-6>
         <mineral-authority-grid>
            <mineral-authority-grid-iteration>
               <a9d/>
            </mineral-authority-grid-iteration>
         </mineral-authority-grid>
         <meteorite-authority-grid>
            <meteorite-authority-grid-iteration>
               <a9e/>
            </meteorite-authority-grid-iteration>
         </meteorite-authority-grid>
         <biological-authority-grid>
            <biological-authority-grid-iteration>
               <a9f/>
            </biological-authority-grid-iteration>
         </biological-authority-grid>
      </section-6>
   <section-7>
         <a24a>Georg-August-Universität Göttingen, Geowissenschaftliches Zentrum, Museum, Sammlungen Geopark</a24a>
         <a24b>UNI Gö, Geowissenschaftliches Zentrum, Museum, Magazin Geologie/Paläontologie, Raum 16-025, Historische Sammlung</a24b>
         <a27/>
         <a28>die Rechte für die digitalen 2D-Einzelaufnahmen liegen beim Geowissenschaftlichen Museum Göttingen, GZG</a28>
         <f2a>M. Reich, A. Böhme, A. Gehler, N. Schäfer</f2a>
         <f2b>2010-05-03</f2b>
         <f3a>N. Schäfer</f3a>
         <f3b>2017-02-06</f3b>
      </section-7>
   <section-8>
         <b1>Trockenpräparat; komplettes, aus dem Stamm herausgesägtes Stammstück</b1>
         <b2>organisch, verholzt</b2>
         <b3b/>
         <b3d/>
         <b4a/>
         <b4aa/>
         <b4b/>
         <b4c/>
         <b4ca/>
         <b4d/>
         <b5/>
         <b6>braun mit charakteristischem Blattnarben-Mosaik und innen hohl</b6>
         <b7a>H=101 [mm]
D=80 [mm]
</b7a>
         <b8>G=167.9 [g]
</b8>
      </section-8>
   <section-9>
         <f1/>
         <b9a>nicht vorhanden</b9a>
         <b9b/>
         <b10a>gut</b10a>
         <b10b>teilweise mit Rissbildung</b10b>
         <b11a>nein</b11a>
         <b11b/>
         <b11c/>
      </section-9>
   <section-10>
         <c1>1</c1>
         <c2>1</c2>
         <etikett-grid1>
            <a10>Cyathea arborea 
Plumier t. 1.2. 
bis 40 ’ […] 
v. Serra d.’Estrella bey R. de Janeiro</a10>
            <c3>isoliert, rechteckig, sehr dickes Papier</c3>
            <c4>B=92 [mm]
L=61 [mm]
</c4>
            <c5>Handschrift von Blumenbach, rote und schwarze Tinte, zittrig</c5>
            <c6a>sehr gut</c6a>
            <c6b/>
            <c7a>nein</c7a>
         </etikett-grid1>
      </section-10>
   <section-11>
         <objekttext-grid1>
            <a11>nicht vorhanden</a11>
            <d1/>
            <d2/>
            <d3a>sehr gut</d3a>
            <d3b/>
         </objekttext-grid1>
      </section-11>
   <section-12>
         <number-grid1>
            <a4>nicht vorhanden</a4>
            <e1/>
            <e2/>
            <e3/>
            <e4a/>
            <e4b/>
            <e5a/>
         </number-grid1>
      </section-12>
   <section-13>
         <IIIFmanifestURI/>
         <f6/>
         <f7/>
         <f8/>
      </section-13>
</form>