<form xmlns:uuid="java:java.util.UUID">
   <section-1>
         <a0>Dazit-Porphyr “Porfido rosso antico“</a0>
         <a8>übermengter antiker Porphyr</a8>
         <a2>GZG.HST.</a2>
         <a3>0.055</a3>
         <b12a>0.055</b12a>
         <a5>16561</a5>
         <a6>1</a6>
      </section-1>
   <section-2>
         <a1>Geologie</a1>
         <a7a>Magmatite: Vulkanite: Porphyre</a7a>
         <a7b>Erstarrungsgestein: Ergussgestein: Porphyre</a7b>
         <a9a>„Porfido rosso antico“, Dazit-Porphyr</a9a>
         <a9b/>
         <a9c>Purpurstein, lapis purpureus porphyrites, Porfido rosso egiziano</a9c>
         <a26>Naturalia</a26>
      </section-2>
   <section-3>
         <a12a>Präkambrium</a12a>
         <a12aa>Präkambrium</a12aa>
         <a12b>es liegt keine konkrete Datierung am Stück vor</a12b>
         <a12c/>
         <a12d/>
      </section-3>
   <section-4>
         <a13a>Ägypten, vermutlich aus einem römischen Steinbruch (Mons Porphyrites) in der Nähe von Hurghada, Djebel Duchan („rauchender Berg“)</a13a>
         <a13b/>
         <a13c/>
         <a13d>tgn:1095262</a13d>
         <a14a>Niebuhr, Carsten (1733-1815)</a14a>
         <a14aa>cnp00399159</a14aa>
         <a14b>1761-01-01</a14b>
         <a14ba>1763-12-31</a14ba>
         <a15a>Niebuhr, Carsten (1733-1815)</a15a>
         <a15aa>cnp00399159</a15aa>
         <a15b>1761-01-01</a15b>
         <a15ba>1791-12-31</a15ba>
         <a16a>vermutlich Geschenk</a16a>
         <a16b>Unbekannt (aus Bestand des Academischen Museums oder Privatsammlung Blumenbachs)</a16b>
         <a17>Carsten Niebuhr (1733 – 1815), deutscher Mathematiker und Forschungsreisender. 1761 wurde er von König Frederik V. von Dänemark als Kartograf in die sechsköpfige dänische Arabien-Expedition berufen, die im gleichen Jahr als
            „Arabische Reise“ mit der Schiffspassage von Kopenhagen nach Alexandria (Ägypten) begann. Diese zweite deutsche wissenschaftliche Expedition zur Erforschung des Orients und Palästinas startete von Göttingen aus. Die Resultate
            der Reise wurden von Carsten Niebuhr in den Jahren 1772-1778 veröffentlicht.</a17>
      </section-4>
   <section-5>
         <a18>00025: 562, 620; 00027: 609</a18>
         <a19/>
         <a20/>
         <a22/>
         <a23/>
         <f4/>
         <f5/>
         <f8/>
      </section-5>
   <section-6>
         <a9d/>
      </section-6>
   <section-7>
         <a24a>Georg-August-Universität Göttingen, Geowissenschaftliches Zentrum, Museum, Sammlungen &amp; Geopark</a24a>
         <a24b>UNI Gö, Geowissenschaftliches Zentrum, Museum, Magazin Geologie/Paläontologie, Raum 16-025, Historische Sammlung</a24b>
         <a27/>
         <a28>die Rechte für die digitalen 2D-Einzelaufnahmen liegen beim Geowissenschaftlichen Museum Göttingen, GZG </a28>
         <f2a>A. Böhme, A. Gehler, N. Schäfer</f2a>
         <f2b>2011-05-06</f2b>
         <f3a>N. Schäfer</f3a>
         <f3b>2017-01-16</f3b>
      </section-7>
   <section-8>
         <b1/>
         <b2/>
         <b3b/>
         <b3d/>
         <b4a/>
         <b4aa/>
         <b4b/>
         <b4c/>
         <b4ca/>
         <b4d/>
         <b5/>
         <b6/>
         <b7a/>
         <b8/>
      </section-8>
   <section-9>
         <f1/>
         <b9a/>
         <b9b/>
         <b10a>sehr gut</b10a>
         <b10b>seitlich angeschliffen</b10b>
         <b11a>nein</b11a>
         <b11b/>
         <b11c/>
      </section-9>
   <section-10>
         <c1>1</c1>
         <c2>2</c2>
         <etikett-grid1>
            <a10>übermengter antiker Porphyr aus Aegypten.</a10>
            <c3>isoliert</c3>
            <c4/>
            <c5>Handschrift von Blumenbach</c5>
            <c6a>sehr gut</c6a>
            <c6b/>
            <c7a>nein</c7a>
         </etikett-grid1>
      </section-10>
   <section-11>
         <objekttext-grid1>
            <a11>Aegypten.</a11>
            <d1>direkt auf Objekt</d1>
            <d2/>
            <d3a>mäßig</d3a>
            <d3b/>
         </objekttext-grid1>
      </section-11>
   <section-12>
         <number-grid1>
            <a4>nicht vorhanden</a4>
            <e1/>
            <e2/>
            <e3/>
            <e4a/>
            <e4b/>
            <e5a/>
         </number-grid1>
      </section-12>
</form>