<form xmlns:uuid="java:java.util.UUID">
   <section-1>
         <a0>Enstatit (Hypersthen)</a0>
         <a8>Hypersthine Powerlit (Labradorische Hornblende)</a8>
         <a2>GZG.HST.</a2>
         <a3>0.858a</a3>
         <b12a>0.858a-b</b12a>
         <a5>3; 8.5.22.66</a5>
         <a6>2</a6>
      </section-1>
   <section-2>
         <a1>Mineralogie</a1>
         <a7a>Silikate (Germanate)</a7a>
         <a7b/>
         <a9a>Enstatit (Hypersthen) [MgSiO3] ([(Mg,Fe)SiO3])</a9a>
         <a9b/>
         <a9c>Paulit</a9c>
         <a26>Naturalia</a26>
      </section-2>
   <section-3>
         <a12a/>
         <a12aa/>
         <a12b/>
         <a12c/>
         <a12d/>
      </section-3>
   <section-4>
         <a13a>St. Paul Island (Nova Scotia), Nova Scotia, Canada</a13a>
         <a13b>47° 12` 10`` N 60° 9` 3`` W </a13b>
         <a13c/>
         <a13d/>
         <a14a/>
         <a14aa/>
         <a14b/>
         <a14ba/>
         <a15a>Wied-Neuwied, Maximilian zu (1782-1867)</a15a>
         <a15aa>cnp01509763</a15aa>
         <a15b/>
         <a15ba/>
         <a16a>unbekannt</a16a>
         <a16b>Sammlungseingang (aus Bestand des Academischen Museums)</a16b>
         <a17/>
      </section-4>
   <section-5>
         <a18/>
         <a19/>
         <a20/>
         <a22/>
         <a23/>
         <f4/>
         <f5/>
         <f8/>
      </section-5>
   <section-6>
         <a9d>http://www.mindat.org/min-1384.html http://www.mindat.org/min-1995.html</a9d>
      </section-6>
   <section-7>
         <a24a>Georg-August-Universität Göttingen, Geowissenschaftliches Zentrum, Museum, Sammlungen &amp; Geopark</a24a>
         <a24b>UNI Gö, Geowissenschaftliches Zentrum, Museum, Magazin Geologie/Paläontologie, Raum 16-025, Historische Sammlung</a24b>
         <a27/>
         <a28>die Rechte für die digitalen 2D-Einzelaufnahmen liegen beim Geowissenschaftlichen Museum Göttingen, GZG</a28>
         <f2a>N. Schäfer</f2a>
         <f2b>2015-11-24</f2b>
         <f3a>N. Schäfer</f3a>
         <f3b>2017-01-24</f3b>
      </section-7>
   <section-8>
         <b1/>
         <b2/>
         <b3b/>
         <b3d/>
         <b4a/>
         <b4aa/>
         <b4b/>
         <b4c/>
         <b4ca/>
         <b4d/>
         <b5/>
         <b6/>
         <b7a/>
         <b8/>
      </section-8>
   <section-9>
         <f1/>
         <b9a/>
         <b9b/>
         <b10a>gut</b10a>
         <b10b/>
         <b11a>nein</b11a>
         <b11b/>
         <b11c/>
      </section-9>
   <section-10>
         <c1>1</c1>
         <c2>3</c2>
         <etikett-grid1>
            <a10>Hypersthine 3. Powerlit (Labradorische Hornblende) v. der Paul's insel an der Küste v. Labrador vom Pr. Max zu Neuwied Blumenb. Samm. ["Blumenb. Samm." sekundär hinzugefügt]</a10>
            <c3>isoliert</c3>
            <c4/>
            <c5>Handschrift von Blumenbach</c5>
            <c6a>gut</c6a>
            <c6b/>
            <c7a>nein</c7a>
         </etikett-grid1>
      </section-10>
   <section-11>
         <objekttext-grid1>
            <a11>nicht vorhanden</a11>
            <d1/>
            <d2/>
            <d3a/>
            <d3b/>
         </objekttext-grid1>
      </section-11>
   <section-12>
         <number-grid1>
            <a4>3</a4>
            <e1>auf isoliertem Eteikett</e1>
            <e2/>
            <e3>Handschrift von Blumenbach</e3>
            <e4a>gut</e4a>
            <e4b/>
            <e5a>nein</e5a>
         </number-grid1>
      </section-12>
</form>