<form xmlns:uuid="java:java.util.UUID">
   <section-1>
         <a0>Mensch (Makassarin) [Schädel; Haare]</a0>
         <a8>Mädchen von Macassar; Puella Macassarensis</a8>
         <a2>AIG</a2>
         <a3>626</a3>
         <b12a>626</b12a>
         <a5>VI; 84d; 30; 53; 273</a5>
         <a6>1</a6>
      </section-1>
   <section-2>
         <z1>http://purl.org/vocab/blumenbach#Anatomie und Anthropologie</z1>
         <a1>Anatomie, Anthropologie</a1>
         <a7a>Mammalia: Hominidae: Homo</a7a>
         <a7b>Säugetiere: Menschenaffen: Menschen</a7b>
         <a9a>&lt;i&gt;Homo sapiens&lt;/i&gt;</a9a>
         <a9b>Mensch</a9b>
         <a9c>Macassarin</a9c>
         <a26>Naturalia</a26>
      </section-2>
   <section-3>
         <a12a>rezent</a12a>
         <a12aa>rezent</a12aa>
         <a12b/>
         <a12c/>
         <a12d/>
      </section-3>
   <section-4>
         <a13a>Celebes, Indonesia - Asia - World</a13a>
         <a13b/>
         <a13c>http://vocab.getty.edu/tgn/7003975</a13c>
         <place>Celebes</place>
         <lang>en</lang>
         <parentString>Indonesia, Asia, World</parentString>
         <lat/>
         <long/>
      </section-4>
   <section-41>
         <a14a>Jassoy, Andreas Ludwig (1765-1808)</a14a>
         <a14aa/>
         <a14b>1803-12-28</a14b>
         <a14ba>1803-12-28</a14ba>
         <a15a>Jassoy, Andreas Ludwig (1765-1808)</a15a>
         <a15aa/>
         <a15b>1805-10-05</a15b>
         <a15ba>1805-12-31</a15ba>
         <a16a>Geschenk</a16a>
         <a16b>1840 (aus Privatsammlung Blumenbachs)</a16b>
         <a17>Eine Kiste mit Schädeln wurde von Andreas Ludwig Jassoy (1765-1808) Herrn J. G. Wolfarth am 18.12.1804 aus Jakarta mitgegeben. Dieser konnte die Kiste nur bis Kopenhagen bringen, wovon Blumenbach am 29.08.1805 erfuhr. Ein Brief vom 05.10.1805 belegt, dass er die Schädel bis zu diesem Zeitpunkt noch nicht erhalten hat.</a17>
         <a12e/>
         <a12f/>
         <a12g/>
         <a12h/>
         <a12i/>
      </section-41>
   <section-5>
         <original-lit-grid>
            <original-lit-grid-iteration>
               <a18/>
            </original-lit-grid-iteration>
         </original-lit-grid>
         <original-desc-grid>
            <original-desc-grid-iteration>
               <a19>00097: 17f;
Spengel (1877): 52f</a19>
            </original-desc-grid-iteration>
         </original-desc-grid>
         <original-image-grid>
            <original-image-grid-iteration>
               <a20>00097: Taf. 59</a20>
            </original-image-grid-iteration>
         </original-image-grid>
         <secondary-lit-grid>
            <secondary-lit-grid-iteration>
               <a22>Spengel, J.W. (1877): Die von Blumenbach gegründete anthropologische Sammlung der Universität Göttingen. Aufgenommen im Jahre 1874. [In:] Schaafhausen, H. (Hrsg.): Die Anthropologischen Sammlungen Deutschlands. Ein Verzeichnis des in Deutschland vorhandenen anthropologischen Materials. Nach dem Beschluss der Deutschen Anthropologischen Gesellschaft zusammengestellt unter der Leitung des Vorsitzenden der zu diesem Zwecke ernannten Commission, H. Schaaffhausen. II. Göttingen. VI + 91 S. Braunschweig (Vieweg und Sohn).</a22>
               <a23/>
            </secondary-lit-grid-iteration>
         </secondary-lit-grid>
         <f4>Corresp. VI, S. 459–467 Nr. 1728
Corresp. VI, S. 517–518 Nr. 1761
Corresp. VI, S. 534–537 Nr. 1771</f4>
         <f5>Cod. Ms. Blumenbach I, Nr. 4: 5</f5>
         <f8/>
      </section-5>
   <section-6>
         <mineral-authority-grid>
            <mineral-authority-grid-iteration>
               <a9d/>
            </mineral-authority-grid-iteration>
         </mineral-authority-grid>
      </section-6>
   <section-7>
         <a24a>Georg-August-Universität Göttingen, Medizinische Fakultät, Zentrum Anatomie (Blumenbachsche Schädelsammlung)</a24a>
         <a24b/>
         <a27/>
         <a28>die Rechte für die digitalen 2D-Einzelaufnahmen liegen bei der Akademie der Wissenschaften zu Göttingen</a28>
         <f2a>L. Numberger-Thuy, M. Schultz, A. Gehler, N. Schäfer
</f2a>
         <f2b>2012-10-22</f2b>
         <f3a>N. Schäfer</f3a>
         <f3b>2017-03-28</f3b>
      </section-7>
   <section-8>
         <b1>Schädel mit Unterkiefer; Haare
</b1>
         <b2/>
         <b3b/>
         <b3d>Inhaberin hieß Jonk Lang und ist am 26. oder 27. Dezember 1803 gewaltsam zu Tode gekommen</b3d>
         <b4a>weiblich</b4a>
         <b4aa>21-22</b4aa>
         <b4b/>
         <b4c/>
         <b4ca/>
         <b4d>Süd-Sulawesi, Indonesien
</b4d>
         <b5/>
         <b6/>
         <b7a/>
         <b8>G=748.9 [g]
</b8>
         <a21>nein</a21>
      </section-8>
   <section-9>
         <f1>Text der Karteikarte:
Krt. Nr. 626
Macassare(fem. )
Bl. 1803
durch Dr.Jassoy
Ort: Mandhaar, Celebes
alte Sign.:53
(Hinweis auf Bl., Decas VI,59)</f1>
         <b9a/>
         <b9b/>
         <b10a>gut</b10a>
         <b10b/>
         <b11a>nein</b11a>
         <b11b/>
         <b11c/>
      </section-9>
   <section-10>
         <c1>0</c1>
         <c2>4</c2>
         <etikett-grid1>
            <a10>nicht vorhanden</a10>
            <c3/>
            <c4/>
            <c5/>
            <c6a/>
            <c6b/>
            <c7a/>
         </etikett-grid1>
      </section-10>
   <section-11>
         <objekttext-grid1>
            <a11>84 d)
puella Macassarensis </a11>
            <d1>Schädel, rechts</d1>
            <d2>Handschrift von Blumenbach
</d2>
            <d3a>gut</d3a>
            <d3b/>
         </objekttext-grid1>
         <objekttext-grid1>
            <a11>84 d)
puella Macassarensis</a11>
            <d1>Unterkiefer, rechts</d1>
            <d2>Handschrift von Blumenbach</d2>
            <d3a>gut</d3a>
            <d3b/>
         </objekttext-grid1>
         <objekttext-grid1>
            <a11>Macassar.</a11>
            <d1>frontal</d1>
            <d2/>
            <d3a>gut</d3a>
            <d3b/>
         </objekttext-grid1>
         <objekttext-grid1>
            <a11>No VI.
1803.</a11>
            <d1>Unterkiefer, links</d1>
            <d2>Handschrift von A. L. Jassoy?</d2>
            <d3a>gut</d3a>
            <d3b/>
         </objekttext-grid1>
         <objekttext-grid1>
            <a11>No VI.
1803.</a11>
            <d1>Unterseite des Hinterkopfs</d1>
            <d2>Handschrift von A. L. Jassoy?</d2>
            <d3a>gut</d3a>
            <d3b/>
         </objekttext-grid1>
      </section-11>
   <section-12>
         <number-grid1>
            <a4>84d
</a4>
            <e1>Schädel, rechts
</e1>
            <e2/>
            <e3/>
            <e4a>gut</e4a>
            <e4b/>
            <e5a>nein</e5a>
         </number-grid1>
         <number-grid1>
            <a4>84d
</a4>
            <e1>Unterkiefer, rechts
</e1>
            <e2/>
            <e3/>
            <e4a>gut</e4a>
            <e4b/>
            <e5a>nein</e5a>
         </number-grid1>
      </section-12>
</form>