<collection xmlns="http://exist.sourceforge.net/NS/exist" name="/db/orbeon/fr/blumenbach" owner="orbeon" group="orbeon" mode="755" created="2015-06-05T11:12:28+02:00" version="1">
    <acl entries="0" version="1"/>
    <resource type="XMLResource" name="page-flow.xml" owner="orbeon" group="orbeon" mode="755" created="2015-06-05T14:25:36+02:00" modified="2015-06-05T14:52:23+02:00" filename="page-flow.xml" mimetype="application/xml">
        <acl entries="0" version="1"/>
    </resource>
    <subcollection name="taxon" filename="taxon"/>
    <subcollection name="werk-1" filename="werk-1"/>
    <subcollection name="xpl" filename="xpl"/>
    <subcollection name="xforms" filename="xforms"/>
</collection>