<form><profileDesc-textClass><classCode-scheme.BiblNr>00090</classCode-scheme.BiblNr><classCode-n>00090.00</classCode-n><categories><taxon-lookup itemset-empty="false">0001.00</taxon-lookup></categories><categories><taxon-lookup itemset-empty="false">0033.00</taxon-lookup></categories><categories><taxon-lookup itemset-empty="false">0036.00</taxon-lookup></categories><categories><taxon-lookup itemset-empty="false">0042.00</taxon-lookup></categories></profileDesc-textClass><titleStmt><title-type.meta>*Física del cuerpo humano : o rudimentos fisiológicos acomodados a toda clase de literatos</title-type.meta></titleStmt><sourceDesc-monograph><title-type.main>*Física del cuerpo humano : o rudimentos fisiológicos acomodados a toda clase de literatos /</title-type.main><title-type.aut/><title-type.sub-grid><title-type.sub>traducidos del latín al español por el doctor &lt;gap reason="ellipsis"/&gt; Josef Coll &lt;gap reason="ellipsis"/&gt;; publícala el Dr. D. Bernardo Vaquer &lt;gap reason="ellipsis"/&gt;                         </title-type.sub></title-type.sub-grid><edition/><series/></sourceDesc-monograph><sourceDesc-analytic><analytic-title-level.a/><monograph-title-level.j/><monograph-biblScope/><citedRange/></sourceDesc-analytic><sourceDesc-imprint><imprint-pubPlace>Barcelona</imprint-pubPlace><imprint-publisher-name>Por Matheo Barceló</imprint-publisher-name><imprint-date-when>1792-01-01</imprint-date-when><imprint-date>[1792]</imprint-date></sourceDesc-imprint><msDesc><msidentifier-repository>Madrid, Biblioteca Nacional de España</msidentifier-repository><msidentifier-idno>1/13488</msidentifier-idno><msidentifier-idno-n>1/13488</msidentifier-idno-n><extent>247 S.</extent><dimensions-dim>16 cm (8°)</dimensions-dim><source-certainty-desc/></msDesc><stdf-annotations><so-annotations><spanGrp>                &lt;span type="note"&gt;Angezeigt von Christian August Fischer in&lt;/span&gt;
                &lt;span type="title" style="j"&gt;Allgemeiner litterarischer Anzeiger oder Annalen der gesammten Litteratur für die geschwinde Bekanntmachung verschiedener Nachrichten aus dem Gebiete der Gelehrsamkeit und Kunst&lt;/span&gt;
                &lt;span type="meta"&gt;
                    &lt;metamark&gt;
                        &lt;pc unit="comma"/&gt;
                    &lt;/metamark&gt;
                &lt;/span&gt;
                &lt;span type="biblScope"&gt;Bd. 6, Nr. 117 (4. August 1801)&lt;/span&gt;
                &lt;span type="citedRange"&gt;Sp. 1105-1106&lt;/span&gt;</spanGrp></so-annotations><so-annotations><spanGrp>&lt;span type="note"&gt;Colls spanische Übersetzung ist demnach eine gekürzte Version&lt;/span&gt;</spanGrp></so-annotations><so-annotations><spanGrp>                &lt;span type="note"&gt;Erwähnt von Blumenbach in&lt;/span&gt;
                &lt;span type="title" style="j"&gt;GgA&lt;/span&gt;
                &lt;span type="meta"&gt;
                    &lt;metamark&gt;
                        &lt;pc unit="space"/&gt;
                    &lt;/metamark&gt;
                &lt;/span&gt;
                &lt;span type="biblScope"&gt;1818 (172. Stück, 26. Oktober)&lt;/span&gt;
                &lt;span type="citedRange"&gt;S. 1713-1715; „London“&lt;/span&gt;
                &lt;span type="reference"&gt;00584&lt;/span&gt;</spanGrp></so-annotations></stdf-annotations><notesStmt_refs><grid-39><note-type.ref>http://www.blumenbach-online.de/fileadmin/wikiuser/Daten_Digitalisierung/ID%2000090/00090.pdf</note-type.ref><ref-type>pdf</ref-type><note-type.ref-rs/></grid-39></notesStmt_refs></form>