<form xmlns:uuid="java:java.util.UUID">
   <section-1>
         <a0>Mauerkirchen (Steinmeteorit)</a0>
         <a8>Aërolith</a8>
         <a2>GZG.HST.</a2>
         <a3>0.339</a3>
         <b12a>0.339</b12a>
         <a5>427; 4.34.32.1</a5>
         <a6>1</a6>
      </section-1>
   <section-2>
         <z1>http://purl.org/vocab/blumenbach#Meteoritenkunde</z1>
         <a1>Meteoritenkunde</a1>
         <a7a>Meteorite: Steinmeteorite: Gewöhnliche Chondrite: L6</a7a>
         <a7b>Meteorite: Steinmeteorite: Gewöhnliche Chondrite: L6</a7b>
         <a9a>L6-Chondrit</a9a>
         <a9b/>
         <a9c>Maurkirchen</a9c>
         <a26>Naturalia</a26>
      </section-2>
   <section-3>
         <a12a>Hadaikum (4000 - 4600)</a12a>
         <a12aa>Hadaikum (4000 - 4600)</a12aa>
         <a12b>Fall am 20. November 1768, 16:00 h</a12b>
         <a12c/>
         <a12d/>
      </section-3>
   <section-4>
         <a13a>Mauerkirchen, Oberösterreich - Österreich - Europe - World</a13a>
         <a13b>48° 11\' 00\'\' N, 013° 08\' 00\'\' E</a13b>
         <a13c>http://vocab.getty.edu/tgn/1025838</a13c>
         <place>Mauerkirchen</place>
         <lang>und</lang>
         <parentString>Oberösterreich, Österreich, Europe, World</parentString>
         <lat>48.1833</lat>
         <long>13.1333</long>
      </section-4>
   <section-41>
         <a14a/>
         <a14aa/>
         <a14b>1768-11-20</a14b>
         <a14ba/>
         <a15a>Ludwig I., König von Bayern (1786-1868)</a15a>
         <a15aa>cnp00872459</a15aa>
         <a15b>1804-01-01</a15b>
         <a15ba>1804-01-13</a15ba>
         <a16a>Geschenk</a16a>
         <a16b>Unbekannt (aus Bestand des Academischen Museums oder Privatsammlung Blumenbachs)</a16b>
         <a17/>
         <a12e>Beobachteter Fall</a12e>
         <a12f/>
         <a12g/>
         <a12h/>
         <a12i/>
      </section-41>
   <section-5>
         <original-lit-grid>
            <original-lit-grid-iteration>
               <a18/>
            </original-lit-grid-iteration>
         </original-lit-grid>
         <original-desc-grid>
            <original-desc-grid-iteration>
               <a19/>
            </original-desc-grid-iteration>
         </original-desc-grid>
         <original-image-grid>
            <original-image-grid-iteration>
               <a20/>
            </original-image-grid-iteration>
         </original-image-grid>
         <secondary-lit-grid>
            <secondary-lit-grid-iteration>
               <a22/>
               <a23/>
            </secondary-lit-grid-iteration>
         </secondary-lit-grid>
         <f4/>
         <f5/>
         <f8>Dougherty, Corresp. VI, S. 369–370 Nr. 1647 </f8>
      </section-5>
   <section-6>
         <mineral-authority-grid>
            <mineral-authority-grid-iteration>
               <a9d>http://www.lpi.usra.edu/meteor/metbull.php?code=15446</a9d>
            </mineral-authority-grid-iteration>
         </mineral-authority-grid>
      </section-6>
   <section-7>
         <a24a>Georg-August-Universität Göttingen, Geowissenschaftliches Zentrum, Museum, Sammlungen Geopark</a24a>
         <a24b>UNI Gö, Geowissenschaftliches Zentrum, Museum, Magazin Geologie/Paläontologie, Raum 16-025, Historische Sammlung</a24b>
         <a27/>
         <a28>die Rechte für die digitalen 2D-Einzelaufnahmen liegen beim Geowissenschaftlichen Museum Göttingen, GZG</a28>
         <f2a>A. Gehler, N. Schäfer</f2a>
         <f2b>2012-10-24</f2b>
         <f3a>N. Schäfer</f3a>
         <f3b>2017-01-17</f3b>
      </section-7>
   <section-8>
         <b1>Fragment mit Kruste</b1>
         <b2/>
         <b3b/>
         <b3d>ca. 10% Schmelzkruste</b3d>
         <b4a/>
         <b4aa/>
         <b4b/>
         <b4c/>
         <b4ca/>
         <b4d/>
         <b5/>
         <b6/>
         <b7a/>
         <b8>G=1576 [g]
</b8>
         <a21>nein</a21>
      </section-8>
   <section-9>
         <f1/>
         <b9a/>
         <b9b/>
         <b10a>gut</b10a>
         <b10b>frühere Gewichtsangaben:
Wöhler (1864): 1927g
Wöhler (1865): 1920g
Wöhler (1868): 1927g
Wöhler (1870, 1874): 1927g + 1 Stück ohne Gewichtsangabe
Klein (1879): 1920g
Koritnig (1962): 1930g + 4,4g Pulver

Abgaben:
92,4 g an Tiara Observatory vertauscht 
??g  2003 im Tausch von G. Schnorrer abgegeben (Unterlagen fehlen)
</b10b>
         <b11a>nein</b11a>
         <b11b/>
         <b11c/>
      </section-9>
   <section-10>
         <c1>1</c1>
         <c2>1</c2>
         <etikett-grid1>
            <a10>Brocken von dem
Aërolithen von
Maurkirchen
1768.</a10>
            <c3/>
            <c4/>
            <c5>Handschrift von Blumenbach</c5>
            <c6a>mäßig</c6a>
            <c6b>weist Knicke früherer Faltung auf</c6b>
            <c7a/>
         </etikett-grid1>
      </section-10>
   <section-11>
         <objekttext-grid1>
            <a11>nicht vorhanden</a11>
            <d1/>
            <d2/>
            <d3a/>
            <d3b/>
         </objekttext-grid1>
      </section-11>
   <section-12>
         <number-grid1>
            <a4>nicht vorhanden</a4>
            <e1/>
            <e2/>
            <e3/>
            <e4a/>
            <e4b/>
            <e5a/>
         </number-grid1>
      </section-12>
</form>