<form><profileDesc-textClass><classCode-scheme.taxon>0121</classCode-scheme.taxon><classCode-biblNr.n>00980.01</classCode-biblNr.n><title-n>3</title-n><classCode-scheme.cat-idno>II.4.36</classCode-scheme.cat-idno><classCode-scheme.cat-text>The New Annual Register</classCode-scheme.cat-text></profileDesc-textClass><titleStmt><title-type.taxon>The New Annual Register</title-type.taxon></titleStmt><sourceDesc-monograph><title-level.j>The New Annual Register : or general repository of history, politics, and literature, for the year 
                        </title-level.j></sourceDesc-monograph><sourceDesc-imprint><pubPlace>London</pubPlace><name>[s.n.]</name><date>1781-1826</date></sourceDesc-imprint><msDesc><repository>SUB Göttingen</repository><repository-idno>8 H UN III, 3771/a</repository-idno></msDesc></form>