<form xmlns:uuid="java:java.util.UUID">
   <section-1>
         <z1>http://purl.org/vocab/blumenbach#Geologie</z1>
         <a1>Geologie</a1>
         <a0>Vulkanische Asche</a0>
         <a8/>
         <a2>GZG.HST.</a2>
         <a3>0.436b</a3>
         <b12a>0.436a-c</b12a>
         <a5/>
         <a6>3</a6>
      </section-1>
   <section-2>
         <a7a>Magmatite: Vulkanite</a7a>
         <a7b>Erstarrungsgesteine: Ergussgesteine</a7b>
         <a9a/>
         <a9b>Vulkanische Asche</a9b>
         <a9c/>
         <a26>Naturalia</a26>
         <a21>nein</a21>
      </section-2>
   <section-3>
         <a12a/>
         <a12aa/>
         <a12b/>
         <a12c/>
         <a12d/>
      </section-3>
   <section-4>
         <a13a>Tanaga Island, Andreanof Islands - Aleutian Islands - Aleutians West - Alaska - United States - North and Central America - World</a13a>
         <a13b>51° 47\' 00\'\' N, 177° 55\' 00\'\' W</a13b>
         <a13c>http://vocab.getty.edu/tgn/7019597</a13c>
         <skos:prefLabel xmlns:skos="http://www.w3.org/2004/02/skos/core#">Tanaga Island</skos:prefLabel>
         <xml:lang>und</xml:lang>
         <gvp:parentString xmlns:gvp="http://vocab.getty.edu/ontology#">Andreanof Islands, Aleutian Islands, Aleutians West, Alaska, United States, North and Central America, World</gvp:parentString>
         <wgs:lat xmlns:wgs="http://www.w3.org/2003/01/geo/wgs84_pos#">51.7833</wgs:lat>
         <wgs:long xmlns:wgs="http://www.w3.org/2003/01/geo/wgs84_pos#">-177.9167</wgs:long>
      </section-4>
   <section-41>
         <a14a/>
         <a14aa/>
         <a14b>1791-01-01</a14b>
         <a14ba>1791-12-31</a14ba>
         <a15a>Asch, Georg Thomas von (1729-1807)</a15a>
         <a15aa>http://thesaurus.cerl.org/record/cnp00397388</a15aa>
         <a15b/>
         <a15ba/>
         <a16a>Geschenk</a16a>
         <a16b>Sammlungseingang (aus Bestand des Academischen Museums)</a16b>
         <a17>1791, Billings-Expedition</a17>
         <a12e/>
         <a12f/>
         <a12g/>
         <a12h/>
         <a12i/>
         <a25/>
         <a25a_a/>
         <a25a/>
         <a25ab/>
         <a25ac/>
         <a25b/>
         <a25c/>
      </section-41>
   <section-5>
         <original-lit-grid>
            <original-lit-grid-iteration>
               <a18/>
            </original-lit-grid-iteration>
         </original-lit-grid>
         <original-desc-grid>
            <original-desc-grid-iteration>
               <a19/>
            </original-desc-grid-iteration>
         </original-desc-grid>
         <original-image-grid>
            <original-image-grid-iteration>
               <a20/>
            </original-image-grid-iteration>
         </original-image-grid>
         <secondary-lit-grid>
            <secondary-lit-grid-iteration>
               <a22/>
               <a23/>
            </secondary-lit-grid-iteration>
         </secondary-lit-grid>
         <brief-mentioned-grid>
            <brief-mentioned-grid-iteration>
               <f4/>
            </brief-mentioned-grid-iteration>
         </brief-mentioned-grid>
         <f5/>
         <f8/>
      </section-5>
   <section-6>
         <mineral-authority-grid>
            <mineral-authority-grid-iteration>
               <a9d/>
            </mineral-authority-grid-iteration>
         </mineral-authority-grid>
         <meteorite-authority-grid>
            <meteorite-authority-grid-iteration>
               <a9e/>
            </meteorite-authority-grid-iteration>
         </meteorite-authority-grid>
         <biological-authority-grid>
            <biological-authority-grid-iteration>
               <a9f/>
            </biological-authority-grid-iteration>
         </biological-authority-grid>
      </section-6>
   <section-7>
         <a24a>Georg-August-Universität Göttingen, Fakultät für Geowissenschaften und Geographie, Geowissenschaftliches Zentrum, Geowissenschaftliches Museum</a24a>
         <a24b>UNI Gö, Geowissenschaftliches Zentrum, Museum, Magazin Geologie/Paläontologie, Raum 16-025, Historische Sammlung</a24b>
         <a27/>
         <a28>die Rechte für die digitalen 2D-Einzelaufnahmen liegen beim Geowissenschaftlichen Museum Göttingen, GZG</a28>
         <f2a>A. Böhme, N. Schäfer</f2a>
         <f2b>2011-05-07</f2b>
         <f3a>N. Schäfer</f3a>
         <f3b>2017-02-06</f3b>
      </section-7>
   <section-8>
         <b1/>
         <b2/>
         <b3a/>
         <b3b/>
         <b3c/>
         <b3d/>
         <b4a/>
         <b4aa/>
         <b4b/>
         <b4c/>
         <b4ca/>
         <b4d/>
         <b5/>
         <b6/>
         <b7a/>
         <b7b/>
         <b7c/>
         <b8/>
      </section-8>
   <section-9>
         <f1>Die letzte vulkanische Aktivität des 1.806 m hohen Schichtvulkans Tanaga innerhalb des Tanaga-Vulkankomplex in den südwestliche Aleuten, wurde 1914 registriert. Frühere Eruptionen fanden in den Jahren 1763-1770, 1791, 1829 statt. Die Insel Tanaga, südwestliche Aleuten, gehört seit 1867 zum Bundesstaat Alaska, U.S.A. </f1>
         <b9a/>
         <b9b/>
         <b10a>mäßig</b10a>
         <b10b/>
         <b11a/>
         <b11b/>
         <b11c/>
      </section-9>
   <section-10>
         <c1>3</c1>
         <c2>1</c2>
         <etikett-grid1>
            <a10>Aleutische
Ins. Tanaga
1791.</a10>
            <c3>auf der historischen Aufbewahrung</c3>
            <c4/>
            <c5>Handschrift von Blumenbach</c5>
            <c6a>sehr gut</c6a>
            <c6b/>
            <c7a/>
         </etikett-grid1>
         <etikett-grid1>
            <a10>Aleutische
Ins. Tanaga
1791.</a10>
            <c3>auf der historischen Aufbewahrung</c3>
            <c4/>
            <c5>Handschrift von Blumenbach</c5>
            <c6a>sehr gut</c6a>
            <c6b/>
            <c7a/>
         </etikett-grid1>
         <etikett-grid1>
            <a10>Aleutische Ins. Tanaga. 1791.</a10>
            <c3>auf der historischen Aufbewahrung</c3>
            <c4/>
            <c5>Handschrift von Blumenbach</c5>
            <c6a>sehr gut</c6a>
            <c6b/>
            <c7a/>
         </etikett-grid1>
      </section-10>
   <section-11>
         <objekttext-grid1>
            <a11>virn.
mastix</a11>
            <d1>auf dem Korken</d1>
            <d2/>
            <d3a>gut</d3a>
            <d3b/>
         </objekttext-grid1>
      </section-11>
   <section-12>
         <number-grid1>
            <a4>nicht vorhanden</a4>
            <e1/>
            <e2/>
            <e3/>
            <e4a/>
            <e4b/>
            <e5a/>
         </number-grid1>
      </section-12>
   <section-13>
         <IIIFmanifestURI/>
         <f6/>
         <f7/>
         <f8/>
      </section-13>
</form>