<form xmlns:uuid="java:java.util.UUID">
   <section-1>
         <a0>Kupfer (gediegen, mit Malachit und Calcit)</a0>
         <a8>Gediegen Kupfer, dendritisch auf Kupfergrün mit Kalkspath</a8>
         <a2>GZG.HST.</a2>
         <a3>0.640</a3>
         <b12a>0.640</b12a>
         <a5>5; 1.1.1.92; 10; XXX.8</a5>
         <a6>1</a6>
      </section-1>
   <section-2>
         <a1>Mineralogie</a1>
         <a7a>Elemente (und Carbonate)</a7a>
         <a7b/>
         <a9a>Kupfer (gediegen) [Cu] (mit Malachit und Calcit)</a9a>
         <a9b/>
         <a9c/>
         <a26>Naturalia</a26>
      </section-2>
   <section-3>
         <a12a/>
         <a12aa/>
         <a12b/>
         <a12c/>
         <a12d/>
      </section-3>
   <section-4>
         <a13a>Verkhoturye (Werke von Maxim Pochadäschin [auch Pochodjaschin oder Pochodäschin]), Sverdlovskaya Oblast' - Rossiya republic - Rossiya - Asia - World</a13a>
         <a13b>58° 52` 0`` N 60° 48` 0`` E </a13b>
         <a13c/>
         <a13d/>
         <a14a/>
         <a14aa/>
         <a14b/>
         <a14ba/>
         <a15a>Severginʹ, Vasilij Michajlovič (1765-1826)</a15a>
         <a15aa>cnp00950180</a15aa>
         <a15b>1793-12-21</a15b>
         <a15ba>1793-12-21</a15ba>
         <a16a>Geschenk</a16a>
         <a16b>Unbekannt (aus Bestand des Academischen Museums oder Privatsammlung Blumenbachs)</a16b>
         <a17>don. über G. T. von Asch, Aschischer Transport vom 21. Dezember 1793</a17>
      </section-4>
   <section-5>
         <a18>00027: 648f, 652, 581f</a18>
         <a19/>
         <a20/>
         <a22/>
         <a23/>
         <f4/>
         <f5/>
         <f8/>
      </section-5>
   <section-6>
         <a9d>http://www.mindat.org/min-1209.html</a9d>
      </section-6>
   <section-7>
         <a24a>Georg-August-Universität Göttingen, Geowissenschaftliches Zentrum, Museum, Sammlungen &amp; Geopark</a24a>
         <a24b/>
         <a27/>
         <a28>die Rechte für die digitalen 2D-Einzelaufnahmen liegen beim Geowissenschaftlichen Museum Göttingen, GZG</a28>
         <f2a>A. Böhme, A. Gehler, N. Schäfer</f2a>
         <f2b>2011-12-08</f2b>
         <f3a>N. Schäfer</f3a>
         <f3b>2017-01-24</f3b>
      </section-7>
   <section-8>
         <b1/>
         <b2/>
         <b3b/>
         <b3d/>
         <b4a/>
         <b4aa/>
         <b4b/>
         <b4c/>
         <b4ca/>
         <b4d/>
         <b5/>
         <b6/>
         <b7a/>
         <b8/>
      </section-8>
   <section-9>
         <f1/>
         <b9a/>
         <b9b/>
         <b10a>gut</b10a>
         <b10b/>
         <b11a>nein</b11a>
         <b11b/>
         <b11c/>
      </section-9>
   <section-10>
         <c1>2</c1>
         <c2>5</c2>
         <etikett-grid1>
            <a10>Gediegen Kupfer, dendritisch auf Kupfergrün mit Kalkspath von den ehemaligen Pochodaschinschen Kupfergruben in Werchoturien. [Rückseite:] Aschischer Transport vom 21 Decem- ber 1793, Sewerginsches Geschenk N.5.</a10>
            <c3>isoliert</c3>
            <c4/>
            <c5>Handschrift von Baron von Asch</c5>
            <c6a/>
            <c6b/>
            <c7a/>
         </etikett-grid1>
         <etikett-grid1>
            <a10>nicht mehr lesbar</a10>
            <c3>direkt auf das Stück geklebt</c3>
            <c4/>
            <c5/>
            <c6a>kritisch</c6a>
            <c6b/>
            <c7a/>
         </etikett-grid1>
      </section-10>
   <section-11>
         <objekttext-grid1>
            <a11>nicht vorhanden</a11>
            <d1/>
            <d2/>
            <d3a/>
            <d3b/>
         </objekttext-grid1>
      </section-11>
   <section-12>
         <number-grid1>
            <a4>5</a4>
            <e1>auf isoliertem Etikett</e1>
            <e2/>
            <e3>Handschrift von Baron von Asch</e3>
            <e4a>gut</e4a>
            <e4b/>
            <e5a>nein</e5a>
         </number-grid1>
      </section-12>
</form>