<form xmlns:uuid="java:java.util.UUID">
   <section-1>
         <a0>Andradit (Demantoid, Granat)</a0>
         <a8>Zweÿ Stück grüner Granaten in ihrer Bergart</a8>
         <a2>GZG.HST.</a2>
         <a3>0.653b</a3>
         <b12a>0.653a-c</b12a>
         <a5>8.1.28.77; 4 (jetzt 0.653a); 8.1.34.134; 28.; 41 (jetzt 0.653b); 8.1.28.79 (jetzt 0.653c)</a5>
         <a6>3 (ein Stück in 2 Teile zerbrochen)</a6>
      </section-1>
   <section-2>
         <z1>http://purl.org/vocab/blumenbach#Mineralogie</z1>
         <a1>Mineralogie</a1>
         <a7a>Silikat: Nesosilikate: Granat-Gruppe</a7a>
         <a7b>Silikate: Inselsilikate: Granat-Gruppe</a7b>
         <a9a>Andradit (Demantoid, Granat) [Ca3Fe23+(SiO4)3]</a9a>
         <a9b/>
         <a9c/>
         <a26>Naturalia</a26>
      </section-2>
   <section-3>
         <a12a/>
         <a12aa/>
         <a12b/>
         <a12c/>
         <a12d/>
      </section-3>
   <section-4>
         <a13a>Wiljui (Fluss); Russland</a13a>
         <a13b/>
         <a13c/>
         <a13d/>
         <a14a/>
         <a14aa/>
         <a14b/>
         <a14ba/>
         <a15a>Asch, Georg Thomas von (1729-1807)</a15a>
         <a15aa>cnp00397388</a15aa>
         <a15b/>
         <a15ba/>
         <a16a>Geschenk</a16a>
         <a16b>Sammlungseingang (aus Bestand des Academischen Museums)</a16b>
         <a17/>
         <a12e/>
         <a12f/>
         <a12g/>
         <a12h/>
         <a12i/>
      </section-4>
   <section-5>
         <original-lit-grid>
            <original-lit-grid-iteration>
               <a18>00027: 547f</a18>
            </original-lit-grid-iteration>
         </original-lit-grid>
         <original-desc-grid>
            <original-desc-grid-iteration>
               <a19/>
            </original-desc-grid-iteration>
         </original-desc-grid>
         <original-image-grid>
            <original-image-grid-iteration>
               <a20/>
            </original-image-grid-iteration>
         </original-image-grid>
         <secondary-lit-grid>
            <secondary-lit-grid-iteration>
               <a22/>
               <a23/>
            </secondary-lit-grid-iteration>
         </secondary-lit-grid>
         <f4/>
         <f5/>
         <f8/>
      </section-5>
   <section-6>
         <mineral-authority-grid>
            <mineral-authority-grid-iteration>
               <a9d>http://www.mindat.org/min-1258.html</a9d>
            </mineral-authority-grid-iteration>
         </mineral-authority-grid>
      </section-6>
   <section-7>
         <a24a>Georg-August-Universität Göttingen, Geowissenschaftliches Zentrum, Museum, Sammlungen &amp; Geopark</a24a>
         <a24b/>
         <a27/>
         <a28>die Rechte für die digitalen 2D-Einzelaufnahmen liegen beim Geowissenschaftlichen Museum Göttingen, GZG </a28>
         <f2a>A. Böhme, A. Gehler, N. Schäfer</f2a>
         <f2b>2011-12-14</f2b>
         <f3a>N. Schäfer</f3a>
         <f3b>2016-01-13</f3b>
      </section-7>
   <section-8>
         <b1/>
         <b2/>
         <b3b/>
         <b3d/>
         <b4a/>
         <b4aa/>
         <b4b/>
         <b4c/>
         <b4ca/>
         <b4d/>
         <b5/>
         <b6/>
         <b7a/>
         <b8/>
         <a21>nein</a21>
      </section-8>
   <section-9>
         <f1>alle Stücke und Teilstücke waren gesondert aufbewahrt mit jeweils eigenen Inventarnummern</f1>
         <b9a/>
         <b9b/>
         <b10a>gut</b10a>
         <b10b/>
         <b11a>nein</b11a>
         <b11b/>
         <b11c/>
      </section-9>
   <section-10>
         <c1>1</c1>
         <c2>8</c2>
         <etikett-grid1>
            <a10>Zweÿ Stück grüner Granaten
in ihrer Bergart, aus dem, auf
Basalt aufgesetztem Kalkge-
bürge, unterhalb der Mün-
dung der Achtaragda, 5 Werste
und 150 [...?]. [...?] am nördlichen
Ufer des Wiluiflusses. Entde-
ckung des Herrn Hofrath L[...?]mann

[Rückseite:]

28ster Aschischer Transport
N. 53. a, b.</a10>
            <c3>isoliert</c3>
            <c4/>
            <c5>Handschrift von Baron von Asch</c5>
            <c6a>gut</c6a>
            <c6b/>
            <c7a>nein</c7a>
         </etikett-grid1>
      </section-10>
   <section-11>
         <objekttext-grid1>
            <a11>nicht vorhanden</a11>
            <d1/>
            <d2/>
            <d3a/>
            <d3b/>
         </objekttext-grid1>
      </section-11>
   <section-12>
         <number-grid1>
            <a4>53 a, b</a4>
            <e1>auf isoliertem Etikett (Rückseite)</e1>
            <e2/>
            <e3>Handschrift von Baron von Asch</e3>
            <e4a>gut</e4a>
            <e4b/>
            <e5a>nein</e5a>
         </number-grid1>
      </section-12>
</form>