<form xmlns:uuid="java:java.util.UUID">
   <section-1>
         <z1>http://purl.org/vocab/blumenbach#Zoologie</z1>
         <a1>Zoologie</a1>
         <a0>'I'iwi (&lt;i&gt;Vestiaria coccinea&lt;/i&gt;)</a0>
         <a8/>
         <a2>EMG</a2>
         <a3>o. Nr.</a3>
         <b12a>o. Nr.</b12a>
         <a5>345; 910; 1155a</a5>
         <a6>1</a6>
      </section-1>
   <section-2>
         <a7a>Aves: Passeriformes: Fringillidae: Drepanidinae</a7a>
         <a7b>Vögel: Sperlingsvögel: Finken: Kleidervögel</a7b>
         <a9a>&lt;i&gt;Vestiaria coccinea&lt;/i&gt;</a9a>
         <a9b>'I'iwi</a9b>
         <a9c>&lt;i&gt;Certhia coccinea&lt;/i&gt;; Carmosinrother Baumläufer; Carmosinrother Honigsauger</a9c>
         <a26>Naturalia</a26>
         <a21>nein</a21>
      </section-2>
   <section-3>
         <a12a>rezent###Informalle#</a12a>
         <a12aa>rezent###Informalle#</a12aa>
         <a12b/>
         <a12c/>
         <a12d/>
      </section-3>
   <section-4>
         <a13a>Hawaii, United States - North and Central America - World</a13a>
         <a13b>20° 00\' 00\'\' N, 157° 50\' 00\'\' W</a13b>
         <a13c>http://vocab.getty.edu/tgn/7007249</a13c>
         <skos:prefLabel xmlns:skos="http://www.w3.org/2004/02/skos/core#">Hawaii</skos:prefLabel>
         <xml:lang>und</xml:lang>
         <gvp:parentString xmlns:gvp="http://vocab.getty.edu/ontology#">United States, North and Central America, World</gvp:parentString>
         <wgs:lat xmlns:wgs="http://www.w3.org/2003/01/geo/wgs84_pos#">20</wgs:lat>
         <wgs:long xmlns:wgs="http://www.w3.org/2003/01/geo/wgs84_pos#">-157.8333</wgs:long>
      </section-4>
   <section-41>
         <a14a>Samwell, David (1751-1798)</a14a>
         <a14aa>http://thesaurus.cerl.org/record/cnp01305687</a14aa>
         <a14b>1779-01-17</a14b>
         <a14ba>1779-02-22</a14ba>
         <a15a>George III., König von Großbritannien (1738-1820)</a15a>
         <a15aa>http://thesaurus.cerl.org/record/cnp01500320</a15aa>
         <a15b>1782-07-01</a15b>
         <a15ba>1782-07-31</a15ba>
         <a16a>Geschenk</a16a>
         <a16b>Sammlungseingang (aus Bestand des Academischen Museums)</a16b>
         <a17>Sammeldatum nach Stresemann (1950);
aus Ankauf einer ganzen Sammlung Cook'scher Expeditionsausbeute im Auftrag von König Georg III. durch Christian Heinrich von Hinüber aus den Beständen des Londoner Naturalienhändlers George Humphrey für ca. 100 Pfund Sterling. Mitteilung des Ankaufs durch Hinüber an Blumenbach am 21. Dezember 1781, Bestätigung des Erhalts durch Blumenbach am 15. Juli 1782 (Plischke 1931)</a17>
         <a12e/>
         <a12f/>
         <a12g/>
         <a12h/>
         <a12i/>
         <a25/>
         <a25a_a/>
         <a25a/>
         <a25ab/>
         <a25ac/>
         <a25b/>
         <a25c/>
      </section-41>
   <section-5>
         <original-lit-grid>
            <original-lit-grid-iteration>
               <a18>Stresemann, E. (1950);
Steinheimer (2005)</a18>
            </original-lit-grid-iteration>
         </original-lit-grid>
         <original-desc-grid>
            <original-desc-grid-iteration>
               <a19>Merrem (1784): 16ff;
00147 (2): (ohne Seitenzählung, Text zu Taf. 16)</a19>
            </original-desc-grid-iteration>
         </original-desc-grid>
         <original-image-grid>
            <original-image-grid-iteration>
               <a20>Merrem, B. (1784): Taf. IV;
00147 (2): Taf. 16</a20>
            </original-image-grid-iteration>
         </original-image-grid>
         <secondary-lit-grid>
            <secondary-lit-grid-iteration>
               <a22>Merrem, B. (1784): Beyträge zur besondern Geschichte der Vögel. Göttingen/Leipzig (Vandenhoek/Müller), 24 S.
Plischke, H. (1931): Die Ethnographische Sammlung der Universität Göttingen. Ihre Geschichte und ihre Bedeutung Vorarbeiten zur Geschichte der Göttinger Universität und Bibliothek 10, Göttingen (Vandenhoeck &amp; Ruprecht), 48 S.
Stresemann, E. (1950): Birds collected during Capt. James Cook's last expedition. Auk 67: 66-88.
Steinheimer (2005): The whereabouts of pre-nineteenth century bird specimens. Zoologische Mededelingen 79: 45-67.</a22>
               <a23/>
            </secondary-lit-grid-iteration>
         </secondary-lit-grid>
         <brief-mentioned-grid>
            <brief-mentioned-grid-iteration>
               <f4/>
            </brief-mentioned-grid-iteration>
         </brief-mentioned-grid>
         <f5/>
         <f8/>
      </section-5>
   <section-6>
         <mineral-authority-grid>
            <mineral-authority-grid-iteration>
               <a9d/>
            </mineral-authority-grid-iteration>
         </mineral-authority-grid>
         <meteorite-authority-grid>
            <meteorite-authority-grid-iteration>
               <a9e/>
            </meteorite-authority-grid-iteration>
         </meteorite-authority-grid>
         <biological-authority-grid>
            <biological-authority-grid-iteration>
               <a9f/>
            </biological-authority-grid-iteration>
         </biological-authority-grid>
      </section-6>
   <section-7>
         <a24a>Georg-August-Universität Göttingen, Sozialwissenschaftliche Fakultät, Institut für Ethnologie, Ethnologische Sammlung</a24a>
         <a24b/>
         <a27/>
         <a28>die Rechte für die digitalen 2D-Einzelaufnahmen liegen beim Geowissenschaftlichen Museum Göttingen, GZG</a28>
         <f2a>A. Gehler, N. Schäfer</f2a>
         <f2b>2013-07-09</f2b>
         <f3a>N. Schäfer</f3a>
         <f3b>2017-04-05</f3b>
      </section-7>
   <section-8>
         <b1>Stopfpräparat</b1>
         <b2/>
         <b3a/>
         <b3b/>
         <b3c/>
         <b3d/>
         <b4a/>
         <b4aa/>
         <b4b/>
         <b4c/>
         <b4ca/>
         <b4d/>
         <b5/>
         <b6/>
         <b7a/>
         <b7b/>
         <b7c/>
         <b8/>
      </section-8>
   <section-9>
         <f1/>
         <b9a/>
         <b9b>ehemals in Holzkästchen mit Glasfront (vorhanden im Magazin der ethnologischen Sammlung)</b9b>
         <b10a>gut</b10a>
         <b10b/>
         <b11a>nein</b11a>
         <b11b/>
         <b11c/>
      </section-9>
   <section-10>
         <c1/>
         <c2/>
         <etikett-grid1>
            <a10>nicht vorhanden</a10>
            <c3/>
            <c4/>
            <c5/>
            <c6a/>
            <c6b/>
            <c7a/>
         </etikett-grid1>
      </section-10>
   <section-11>
         <objekttext-grid1>
            <a11>nicht vorhanden</a11>
            <d1/>
            <d2/>
            <d3a/>
            <d3b/>
         </objekttext-grid1>
      </section-11>
   <section-12>
         <number-grid1>
            <a4>nicht vorhanden</a4>
            <e1/>
            <e2/>
            <e3/>
            <e4a/>
            <e4b/>
            <e5a/>
         </number-grid1>
      </section-12>
   <section-13>
         <IIIFmanifestURI/>
         <f6/>
         <f7/>
         <f8/>
      </section-13>
</form>