<form xmlns:uuid="java:java.util.UUID">
   <section-1>
         <z1>http://purl.org/vocab/blumenbach#Meteoritenkunde</z1>
         <a1>Meteoritenkunde</a1>
         <a0>Krasnojarsk (Stein-Eisen-Meteorit)</a0>
         <a8/>
         <a2>GZG.HST.</a2>
         <a3>0.884</a3>
         <b12a>0.884</b12a>
         <a5>233; 2.20.7.3</a5>
         <a6>1</a6>
      </section-1>
   <section-2>
         <a7a>Meteorite: Stein-Eisen-Meteorite: Pallasite</a7a>
         <a7b>Meteorite: Stein-Eisen-Meteorite: Pallasite</a7b>
         <a9a>Pallasit (PAL)</a9a>
         <a9b/>
         <a9c>Berg Emir; Emir; Kemis; Kemiz; Krasnoiarsk; Krasnoyarsk; Malyi Altai; Malyi Altaj; Medvedeva; Medwedewa; Mount Kemis; Pallaseisen; Pallace Iron; Pallas Iron</a9c>
         <a26>Naturalia</a26>
         <a21>nein</a21>
      </section-2>
   <section-3>
         <a12a>Hadaikum (4000 - 4600)</a12a>
         <a12aa>Hadaikum (4000 - 4600)</a12aa>
         <a12b/>
         <a12c/>
         <a12d/>
      </section-3>
   <section-4>
         <a13a>Mikhavlova [wenige km NW von], Krasnoyarsk territory - Rossiya republic - Rossiya - Asia - World</a13a>
         <a13b>54° 54` 0`` N
 91° 48` 0`` E
 </a13b>
         <a13c/>
         <skos:prefLabel xmlns:skos="http://www.w3.org/2004/02/skos/core#"/>
         <xml:lang/>
         <gvp:parentString xmlns:gvp="http://vocab.getty.edu/ontology#"/>
         <wgs:lat xmlns:wgs="http://www.w3.org/2003/01/geo/wgs84_pos#"/>
         <wgs:long xmlns:wgs="http://www.w3.org/2003/01/geo/wgs84_pos#"/>
      </section-4>
   <section-41>
         <a14a>Pallas, Peter Simon (1741-1811)</a14a>
         <a14aa>http://thesaurus.cerl.org/record/cnp01318105</a14aa>
         <a14b>1772-01-01</a14b>
         <a14ba>1772-12-31</a14ba>
         <a15a>Asch, Georg Thomas von (1729-1807)</a15a>
         <a15aa>http://thesaurus.cerl.org/record/cnp00397388</a15aa>
         <a15b>1772-01-01</a15b>
         <a15ba>1780-12-31</a15ba>
         <a16a>Geschenk</a16a>
         <a16b>Unbekannt (aus Bestand des Academischen Museums oder Privatsammlung Blumenbachs)</a16b>
         <a17>Die gut 700 Kilogramm schwere Eisenmasse von Krasnojarsk wurde 1749 durch den Bauern J. Medwedef auf einem Berg, etwa 230 Kilometer südlich von Krasnojarsk zwischen zwei Nebenflüssen des Jenisei aufgefunden. Im Jahre 1772 erhielt der deutsche Forschungsreisende Peter Simon Pallas (1741-1811), welcher auch einige Semester in Göttingen studiert hatte, über Umwege Proben dieser Eisenmasse. Er ließ die ganze Masse nach Krasnojarsk bringen, sowie etwas später nach St. Petersburg.
An die Georgia Augusta gelangten erste Belege des Meteoriten durch eine der frühen mineralogischen Sendungen von Baron von ASCH, wie einem Brief vom 19. Juni 1779 zu entnehmen ist.
Johann Friedrich Blumenbach berichtet bereits ein Jahr später in der ersten Ausgabe seines „ Zweyten Theils des Handbuchs der Naturgeschichte“ von diesen Stücken im Göttinger Academischen Museum.</a17>
         <a12e>Fund ohne Fallbeobachtung</a12e>
         <a12f/>
         <a12g>1772-01-01</a12g>
         <a12h>1772-12-31</a12h>
         <a12i/>
      </section-41>
   <section-5>
         <original-lit-grid>
            <original-lit-grid-iteration>
               <a18>00022: 534;
00027: 655</a18>
            </original-lit-grid-iteration>
         </original-lit-grid>
         <original-desc-grid>
            <original-desc-grid-iteration>
               <a19/>
            </original-desc-grid-iteration>
         </original-desc-grid>
         <original-image-grid>
            <original-image-grid-iteration>
               <a20/>
            </original-image-grid-iteration>
         </original-image-grid>
         <secondary-lit-grid>
            <secondary-lit-grid-iteration>
               <a22>Chladni (1794)</a22>
               <a23>Die extraterrestrische Herkunft des “Pallas-Eisens” (Meteorit) bewies in überzeugender Weise erstmals Ernst Florenz Friedrich Chladni (1756-1827) in seinem 1794 erschienenen Werk “Über den Ursprung der von Pallas gefundenen und anderer ihr ähnlicher Eisenmassen und über einige damit in Verbindung stehende Naturerscheinungen”.</a23>
            </secondary-lit-grid-iteration>
         </secondary-lit-grid>
         <brief-mentioned-grid>
            <brief-mentioned-grid-iteration>
               <f4/>
            </brief-mentioned-grid-iteration>
         </brief-mentioned-grid>
         <f5/>
         <f8/>
      </section-5>
   <section-6>
         <mineral-authority-grid>
            <mineral-authority-grid-iteration>
               <a9d>http://www.lpi.usra.edu/meteor/metbull.php?code=12356</a9d>
            </mineral-authority-grid-iteration>
         </mineral-authority-grid>
         <meteorite-authority-grid>
            <meteorite-authority-grid-iteration>
               <a9e/>
            </meteorite-authority-grid-iteration>
         </meteorite-authority-grid>
         <biological-authority-grid>
            <biological-authority-grid-iteration>
               <a9f/>
            </biological-authority-grid-iteration>
         </biological-authority-grid>
      </section-6>
   <section-7>
         <a24a>Georg-August-Universität Göttingen, Geowissenschaftliches Zentrum, Museum, Sammlungen Geopark</a24a>
         <a24b>UNI Gö, Geowissenschaftliches Zentrum, Museum, Magazin Geologie/Paläontologie, Raum 16-025, Historische Sammlung</a24b>
         <a27/>
         <a28>die Rechte für die digitalen 2D-Einzelaufnahmen liegen beim Geowissenschaftlichen Museum Göttingen, GZG</a28>
         <f2a>A. Gehler, N. Schäfer</f2a>
         <f2b>2013-01-28</f2b>
         <f3a>N. Schäfer</f3a>
         <f3b>2017-03-30</f3b>
      </section-7>
   <section-8>
         <b1>Fragment</b1>
         <b2/>
         <b3b/>
         <b3d/>
         <b4a/>
         <b4aa/>
         <b4b/>
         <b4c/>
         <b4ca/>
         <b4d/>
         <b5/>
         <b6/>
         <b7a>H=37 [mm]
B=32 [mm]
L=44 [mm]
</b7a>
         <b8>G=37.3 [g]
</b8>
      </section-8>
   <section-9>
         <f1>Der Meteorit von Krasnojarsk war der weltweit erste bekannt gewordene Stein-Eisen-Meteorit, was Anlass dafür war dieser besonderen, aus Olivin und Nickeleisen bestehenden Meteoritenklasse den Namen Pallasite, zu Ehren von Peter Simon Pallas zu geben. </f1>
         <b9a/>
         <b9b/>
         <b10a>sehr gut</b10a>
         <b10b>frühere Gewichtsangaben:
Wöhler (1864, 1865, 1868, 1870, 1874), Klein (1879): nicht spezifiziert
Koritnig (1962): 37,3g</b10b>
         <b11a>nein</b11a>
         <b11b/>
         <b11c/>
      </section-9>
   <section-10>
         <c1>1</c1>
         <c2>3</c2>
         <etikett-grid1>
            <a10>zwischen Krasnojarsk
und Abekansk am
Jenisei.
Asch.</a10>
            <c3/>
            <c4/>
            <c5>Handschrift von Blumenbach</c5>
            <c6a>gut</c6a>
            <c6b/>
            <c7a>nein</c7a>
         </etikett-grid1>
      </section-10>
   <section-11>
         <objekttext-grid1>
            <a11>nicht vorhanden</a11>
            <d1/>
            <d2/>
            <d3a/>
            <d3b/>
         </objekttext-grid1>
      </section-11>
   <section-12>
         <number-grid1>
            <a4>nicht vorhanden</a4>
            <e1/>
            <e2/>
            <e3/>
            <e4a/>
            <e4b/>
            <e5a/>
         </number-grid1>
      </section-12>
   <section-13>
         <IIIFmanifestURI/>
         <f6/>
         <f7/>
         <f8/>
      </section-13>
</form>