<form xmlns:uuid="java:java.util.UUID">
   <section-1>
         <a0>Konglomerat (Nagelfluh)</a0>
         <a8>Nagelfluhe</a8>
         <a2>GZG.HST.</a2>
         <a3>0.277</a3>
         <b12a>0.277</b12a>
         <a5/>
         <a6>1</a6>
      </section-1>
   <section-2>
         <a1>Geologie</a1>
         <a7a>Sedimentite: klastische Sedimentgesteine: Konglomerate</a7a>
         <a7b/>
         <a9a>Konglomerat (Nagelfluh)</a9a>
         <a9b/>
         <a9c>"Herrgottsbeton"</a9c>
         <a26>Naturalia</a26>
      </section-2>
   <section-3>
         <a12a>Langhium (13.82 - 15.97)</a12a>
         <a12aa>Priabonium (33.9 - 37.2)</a12aa>
         <a12b/>
         <a12c/>
         <a12d/>
      </section-3>
   <section-4>
         <a13a>Entlebuch (Entlibuch), Luzern canton - Schweiz - Europe - World</a13a>
         <a13b>46° 59\' 00\'\' N, 008° 04\' 00\'\' E</a13b>
         <a13c>tgn:7007352</a13c>
         <a13d/>
         <a14a/>
         <a14aa/>
         <a14b/>
         <a14ba>1783-10-11</a14ba>
         <a15a/>
         <a15aa/>
         <a15b/>
         <a15ba/>
         <a16a>eigene Aufsammlung</a16a>
         <a16b>Unbekannt (aus Bestand des Academischen Museums oder Privatsammlung Blumenbachs)</a16b>
         <a17>25. April bis 11. Oktober 1783: Schweizreise von Blumenbach via Weimar (erstes Zusammentreffen mit Goethe), Jena, Nürnberg u.a.; Treffen mit Gottlieb Emanuel von Haller in Bern sowie mit Charles Bonnet und Guillaume-Antoine
            Deluc (dem Bruder von Jean-André Deluc) in Genf. </a17>
      </section-4>
   <section-5>
         <a18>00024: 609; 00025: 621f; 00026: 616; 00027: 611</a18>
         <a19/>
         <a20/>
         <a22/>
         <a23/>
         <f4/>
         <f5/>
         <f8/>
      </section-5>
   <section-6>
         <a9d/>
      </section-6>
   <section-7>
         <a24a>Georg-August-Universität Göttingen, Geowissenschaftliches Zentrum, Museum, Sammlungen &amp; Geopark</a24a>
         <a24b>UNI Gö, Geowissenschaftliches Zentrum, Museum, Magazin Geologie/Paläontologie, Raum 16-025, Historische Sammlung</a24b>
         <a27/>
         <a28>die Rechte für die digitalen 2D-Einzelaufnahmen liegen beim Geowissenschaftlichen Museum Göttingen, GZG </a28>
         <f2a>A. Böhme, N. Schäfer</f2a>
         <f2b>2011-07-22</f2b>
         <f3a>N. Schäfer</f3a>
         <f3b>2017-01-19</f3b>
      </section-7>
   <section-8>
         <b1/>
         <b2/>
         <b3b/>
         <b3d/>
         <b4a/>
         <b4aa/>
         <b4b/>
         <b4c/>
         <b4ca/>
         <b4d/>
         <b5/>
         <b6/>
         <b7a/>
         <b8/>
      </section-8>
   <section-9>
         <f1/>
         <b9a/>
         <b9b/>
         <b10a/>
         <b10b/>
         <b11a/>
         <b11b/>
         <b11c/>
      </section-9>
   <section-10>
         <c1>1</c1>
         <c2>1</c2>
         <etikett-grid1>
            <a10> Nagelfluhe aus dem Entlibuch C. Lucern 1783.</a10>
            <c3>isoliert</c3>
            <c4/>
            <c5>Handschrift von Blumenbach</c5>
            <c6a/>
            <c6b/>
            <c7a/>
         </etikett-grid1>
      </section-10>
   <section-11>
         <objekttext-grid1>
            <a11>nicht vorhanden</a11>
            <d1/>
            <d2/>
            <d3a/>
            <d3b/>
         </objekttext-grid1>
      </section-11>
   <section-12>
         <number-grid1>
            <a4>nicht vorhanden</a4>
            <e1/>
            <e2/>
            <e3/>
            <e4a/>
            <e4b/>
            <e5a/>
         </number-grid1>
      </section-12>
</form>