<collection xmlns="http://exist.sourceforge.net/NS/exist" name="/db/orbeon/fr/blumenbach" owner="admin" group="dba" mode="755" created="2015-06-05T11:12:28+02:00" version="1">
    <acl entries="0" version="1"/>
    <resource type="XMLResource" name="config.xml" owner="admin" group="dba" mode="644" created="2015-06-11T14:48:39+02:00" modified="2017-03-30T06:33:47+02:00" filename="config.xml" mimetype="application/xml">
        <acl entries="0" version="1"/>
    </resource>
    <resource type="XMLResource" name="page-flow.xml" owner="admin" group="dba" mode="755" created="2015-06-05T14:25:36+02:00" modified="2015-06-05T14:52:23+02:00" filename="page-flow.xml" mimetype="application/xml">
        <acl entries="0" version="1"/>
    </resource>
    <subcollection name="brief" filename="brief"/>
    <subcollection name="xforms" filename="xforms"/>
    <subcollection name="werk" filename="werk"/>
    <subcollection name="xpl" filename="xpl"/>
    <subcollection name="taxon" filename="taxon"/>
</collection>