<form xmlns:uuid="java:java.util.UUID">
   <section-1>
         <a0>Mensch (Georgierin) [Schädel]</a0>
         <a8>Georgianerin; Feminae Georgianae</a8>
         <a2>AIG</a2>
         <a3>546</a3>
         <b12a>546</b12a>
         <a5>42; 1; 16; 119; 243</a5>
         <a6>1</a6>
      </section-1>
   <section-2>
         <z1>http://purl.org/vocab/blumenbach#Anatomie und Anthropologie</z1>
         <a1>Anatomie, Anthropologie</a1>
         <a7a>Mammalia: Hominidae: Homo</a7a>
         <a7b>Säugetiere: Menschenaffen: Menschen</a7b>
         <a9a>&lt;i&gt;Homo sapiens&lt;/i&gt;</a9a>
         <a9b>Mensch</a9b>
         <a9c/>
         <a26>Naturalia</a26>
      </section-2>
   <section-3>
         <a12a>rezent</a12a>
         <a12aa>rezent</a12aa>
         <a12b/>
         <a12c/>
         <a12d/>
      </section-3>
   <section-4>
         <a13a>Moskau, Moskva autonomous city - Rossiya republic - Rossiya - Asia - World</a13a>
         <a13b>55° 45\' 00\'\' N, 037° 42\' 00\'\' E</a13b>
         <a13c>http://vocab.getty.edu/tgn/7012974</a13c>
         <place>Moscow</place>
         <lang>en</lang>
         <parentString>Moskva, Rossija, Asia, World</parentString>
         <lat>55.75</lat>
         <long>37.7</long>
      </section-4>
   <section-41>
         <a14a/>
         <a14aa/>
         <a14b/>
         <a14ba/>
         <a15a>Hiltebrandt, Johann Konrad (1747-1831)</a15a>
         <a15aa/>
         <a15b>1793-05-29</a15b>
         <a15ba>1793-05-29</a15ba>
         <a16a>Geschenk</a16a>
         <a16b>1840 (aus Privatsammlung Blumenbachs)</a16b>
         <a17>don. über G. T. von Asch</a17>
         <a12e/>
         <a12f/>
         <a12g/>
         <a12h/>
         <a12i/>
      </section-41>
   <section-5>
         <original-lit-grid>
            <original-lit-grid-iteration>
               <a18>Schultz (2011): 52;
Schultz (2012): 52</a18>
            </original-lit-grid-iteration>
         </original-lit-grid>
         <original-desc-grid>
            <original-desc-grid-iteration>
               <a19>00004: XXIII; 206; 325;
00094: 4f;
00008: 2; 148; 290;
00147 (6): (ohne Seitenzählung, Text zu Taf. 51);
Spengel (1877): 46f
</a19>
            </original-desc-grid-iteration>
         </original-desc-grid>
         <original-image-grid>
            <original-image-grid-iteration>
               <a20>00004: Taf. 1, Fig. 2; Taf. 2, Fig. 3;
00094: Taf. 21;
00008: Taf. 1, Fig. 2; Taf. 2, Fig. 3;
00147: Taf. 51;
Schultz (2011): Fig. 1;
Schultz (2012): Fig. 1
</a20>
            </original-image-grid-iteration>
         </original-image-grid>
         <secondary-lit-grid>
            <secondary-lit-grid-iteration>
               <a22>Spengel, J.W. (1877): Die von Blumenbach gegründete anthropologische Sammlung der Universität Göttingen. Aufgenommen im Jahre 1874. [In:] Schaafhausen, H. (Hrsg.): Die Anthropologischen Sammlungen Deutschlands. Ein Verzeichnis des in Deutschland vorhandenen anthropologischen Materials. Nach dem Beschluss der Deutschen Anthropologischen Gesellschaft zusammengestellt unter der Leitung des Vorsitzenden der zu diesem Zwecke ernannten Commission, H. Schaaffhausen. II. Göttingen. VI + 91 S. Braunschweig (Vieweg und Sohn).;
Schultz, M. (2011):Talking Heads. Unearthing the Stories Behind the Skulls in Blumenbach's Collection. - Georgia Augusta. Wissenschaftsmagazin der Georg-August-Universität Göttingen 8: 52-56 [englischsprachige Sonderausgabe].;
Schultz, M. (2012): "Sprechende Schädel". Fakten und Geschichten über historische Schädel - Die Schädelsammlung des Johann Friedrich Blumenbach. - Georgia Augusta. Wissenschaftsmagazin der Georg-August-Universität Göttingen 8: 52-56.
</a22>
               <a23/>
            </secondary-lit-grid-iteration>
         </secondary-lit-grid>
         <f4/>
         <f5>Cod. Ms. Blumenbach I, Nr. 4: 3</f5>
         <f8/>
      </section-5>
   <section-6>
         <mineral-authority-grid>
            <mineral-authority-grid-iteration>
               <a9d/>
            </mineral-authority-grid-iteration>
         </mineral-authority-grid>
      </section-6>
   <section-7>
         <a24a>Georg-August-Universität Göttingen, Medizinische Fakultät, Zentrum Anatomie (Blumenbachsche Schädelsammlung)</a24a>
         <a24b/>
         <a27/>
         <a28>die Rechte für die digitalen 2D-Einzelaufnahmen liegen bei der Akademie der Wissenschaften zu Göttingen</a28>
         <f2a>L. Numberger-Thuy, M. Schultz, A. Gehler, N. Schäfer</f2a>
         <f2b>2011-05-25</f2b>
         <f3a>N. Schäfer</f3a>
         <f3b>2017-03-15</f3b>
      </section-7>
   <section-8>
         <b1>Schädel mit Unterkiefer
</b1>
         <b2/>
         <b3b/>
         <b3d>Schädelkalotte aufgesägt und wieder angeklebt</b3d>
         <b4a>weiblich</b4a>
         <b4aa>23-30 (35)
</b4aa>
         <b4b>ausgedehte, noch nicht ausgeheilte hämorrhagische Prozesse (epidurales Hämatom) in beiden Tubera frontalia sowie parietalia (Trauma? Sickerblutung?)</b4b>
         <b4c>Caucasisch
</b4c>
         <b4ca/>
         <b4d>Kaukasus, Georgien
</b4d>
         <b5/>
         <b6/>
         <b7a/>
         <b8>G=710.9 [g]
</b8>
         <a21>nein</a21>
      </section-8>
   <section-9>
         <f1>"Caucasisch" (Georgierin, Blumenbach Sammlung Nr. 546 (119); übermittelt durch Baron v. Asch)/Ad 119. Bl. Von Prof. Hildebrandt durch Baron von Asch. "Der bildschön proportionierte Schädel einer im Türkenkriege gefangenen Georgianerin, die zu Moskau morte subitanea gestorben und deshalb auf das dasige anatomische Theater zur Legalobduction gesandt worden."</f1>
         <b9a/>
         <b9b/>
         <b10a>gut</b10a>
         <b10b/>
         <b11a>nein</b11a>
         <b11b/>
         <b11c/>
      </section-9>
   <section-10>
         <c1>0</c1>
         <c2>1</c2>
         <etikett-grid1>
            <a10>nicht vorhanden</a10>
            <c3/>
            <c4/>
            <c5/>
            <c6a/>
            <c6b/>
            <c7a/>
         </etikett-grid1>
      </section-10>
   <section-11>
         <objekttext-grid1>
            <a11>nicht vorhanden</a11>
            <d1/>
            <d2/>
            <d3a/>
            <d3b/>
         </objekttext-grid1>
      </section-11>
   <section-12>
         <number-grid1>
            <a4>nicht vorhanden</a4>
            <e1/>
            <e2/>
            <e3/>
            <e4a/>
            <e4b/>
            <e5a/>
         </number-grid1>
      </section-12>
</form>