<collection xmlns="http://exist.sourceforge.net/NS/exist" name="/db/orbeon/fr/blumenbach-sammlung/main/static" owner="admin" group="dba" mode="755" created="2017-04-03T06:53:41+02:00" version="1">
    <acl entries="0" version="1"/>
    <resource type="XMLResource" name="classes.xml" owner="admin" group="dba" mode="644" created="2017-04-06T07:55:40+02:00" modified="2017-04-07T09:16:34+02:00" filename="classes.xml" mimetype="application/xml">
        <acl entries="0" version="1"/>
    </resource>
    <resource type="XMLResource" name="zustand.xml" owner="admin" group="dba" mode="644" created="2017-05-02T05:51:58+02:00" modified="2017-05-02T05:52:43+02:00" filename="zustand.xml" mimetype="application/xml">
        <acl entries="0" version="1"/>
    </resource>
    <resource type="XMLResource" name="chronostratography.xml" owner="admin" group="dba" mode="644" created="2017-03-30T06:47:29+02:00" modified="2017-03-31T09:12:37+02:00" filename="chronostratography.xml" mimetype="application/xml">
        <acl entries="0" version="1"/>
    </resource>
    <resource type="XMLResource" name="objekt-typ.xml" owner="admin" group="dba" mode="644" created="2017-04-24T05:59:01+02:00" modified="2017-04-24T06:01:35+02:00" filename="objekt-typ.xml" mimetype="application/xml">
        <acl entries="0" version="1"/>
    </resource>
    <resource type="XMLResource" name="erwerbsform.xml" owner="admin" group="dba" mode="644" created="2017-05-02T06:29:09+02:00" modified="2017-05-02T06:31:51+02:00" filename="erwerbsform.xml" mimetype="application/xml">
        <acl entries="0" version="1"/>
    </resource>
    <resource type="XMLResource" name="person-typ.xml" owner="admin" group="dba" mode="644" created="2017-05-02T08:18:07+02:00" modified="2017-05-02T08:19:12+02:00" filename="person-typ.xml" mimetype="application/xml">
        <acl entries="0" version="1"/>
    </resource>
    <resource type="XMLResource" name="standort.xml" owner="admin" group="dba" mode="644" created="2017-04-24T06:06:09+02:00" modified="2017-04-24T06:06:55+02:00" filename="standort.xml" mimetype="application/xml">
        <acl entries="0" version="1"/>
    </resource>
</collection>