<erwerbsform>
    <item>
        <label>Geschenk</label>
        <value>Geschenk</value>
    </item>
    <item>
        <label>vermutlich Geschenk</label>
        <value>vermutlich Geschenk</value>
    </item>
    <item>
        <label>Ankauf</label>
        <value>Ankauf</value>
    </item>
    <item>
        <label>vermutlich Ankauf</label>
        <value>vermutlich Ankauf</value>
    </item>
    <item>
        <label>Tausch</label>
        <value>Tausch</value>
    </item>
    <item>
        <label>vermutlich Tausch</label>
        <value>vermutlich Tausch</value>
    </item>
    <item>
        <label>eigene Aufsammlung</label>
        <value>eigene Aufsammlung</value>
    </item>
    <item>
        <label>unbekannt</label>
        <value>unbekannt</value>
    </item>
</erwerbsform>