<form xmlns:uuid="java:java.util.UUID">
   <section-1>
         <z1>http://purl.org/vocab/blumenbach#Palaeozoologie</z1>
         <a1>Palaeozoologie</a1>
         <a0>Wollhaarnashorn (&lt;i&gt;Coelodonta antiquitatis&lt;/i&gt;, juvenil) [Oberarm, unvollständig]</a0>
         <a8/>
         <a2>GZG.HST.</a2>
         <a3>0.508</a3>
         <b12a>0.508</b12a>
         <a5>378-6; GZG.V.010.210</a5>
         <a6>1</a6>
      </section-1>
   <section-2>
         <a7a>Mammalia: Perissodactyla: Rhinocerotidae</a7a>
         <a7b>Säugetiere: Unpaarhufer: Nashörner</a7b>
         <a9a>&lt;i&gt;Coelodonta antiquitatis&lt;/i&gt;, Humerus (dex., unvollständig, juvenil)</a9a>
         <a9b>Wollhaarnashorn, Oberarm (rechts, unvollständig, Jungtier)</a9b>
         <a9c>&lt;i&gt;Rhinoceros antiquitatis&lt;/i&gt;</a9c>
         <a26>Naturalia</a26>
         <a21>ja</a21>
      </section-2>
   <section-3>
         <a12a>Pleistozän (0.0117 - 2.588)</a12a>
         <a12aa>Pleistozän (0.0117 - 2.588)</a12aa>
         <a12b/>
         <a12c/>
         <a12d/>
      </section-3>
   <section-4>
         <a13a>Osterode (OT Düna), Niedersachsen, Deutschland</a13a>
         <a13b>51° 41` 20`` N
 10° 17` 1`` E
 </a13b>
         <a13c/>
         <skos:prefLabel xmlns:skos="http://www.w3.org/2004/02/skos/core#"/>
         <xml:lang/>
         <gvp:parentString xmlns:gvp="http://vocab.getty.edu/ontology#"/>
         <wgs:lat xmlns:wgs="http://www.w3.org/2003/01/geo/wgs84_pos#"/>
         <wgs:long xmlns:wgs="http://www.w3.org/2003/01/geo/wgs84_pos#"/>
      </section-4>
   <section-41>
         <a14a>Nanne, Justus Heinrich (1729-1769)</a14a>
         <a14aa/>
         <a14b>1751-01-01</a14b>
         <a14ba>1751-05-04</a14ba>
         <a15a>Hollmann, Samuel Christian (1696-1787)</a15a>
         <a15aa>http://thesaurus.cerl.org/record/cnp00388145</a15aa>
         <a15b/>
         <a15ba>1787-09-04</a15ba>
         <a16a>Geschenk</a16a>
         <a16b/>
         <a17>Die Funde sind S. C. Hollmann durch den Regierungsbeamten Justus Heinrich Nanne (1729-1769) im Februar 1751 angekündigt und in Teilen am 4. Mai 1751 übersandt worden. Über Hollmann gelangten diese später ins Academische Museum und respektive in Blumenbachs Hand.</a17>
         <a12e/>
         <a12f/>
         <a12g/>
         <a12h/>
         <a12i/>
      </section-41>
   <section-5>
         <original-lit-grid>
            <original-lit-grid-iteration>
               <a18>00027: 697;
Gehler (2006)</a18>
            </original-lit-grid-iteration>
         </original-lit-grid>
         <original-desc-grid>
            <original-desc-grid-iteration>
               <a19>Hollmann (1753a);
Hollmann (1753b)</a19>
            </original-desc-grid-iteration>
         </original-desc-grid>
         <original-image-grid>
            <original-image-grid-iteration>
               <a20>Hollmann (1753b): Taf. II, Fig. 7-8</a20>
            </original-image-grid-iteration>
         </original-image-grid>
         <secondary-lit-grid>
            <secondary-lit-grid-iteration>
               <a22>Hollmann, S. C. (1753a): Ossium fossilium, insolitae magnitudinis, in praefectura vicina herzbergensi a. 1751. e marga erutorum. Commentarii Societatis Regiae Scientiarum Gottingensis 2: 215-241.;
Hollmann, S. C. (1753b): De Ossibus fossilibus in Praefectura Herzbergensi repertis. Commentarii Societatis Regiae Scientiarum Gottingensis 2: 242-280.;
Gehler, A. (2006): Die spätpleistozänen Mammuthus- und Coelodonta-Bestände im Geowissenschaftlichen Zentrum der Universität Göttingen – Unveröffentlichte Diplomarbeit, Geowissenschaftliches Zentrum der Universität Göttingen: 76 S., Göttingen.</a22>
               <a23>Syntypus</a23>
            </secondary-lit-grid-iteration>
         </secondary-lit-grid>
         <brief-mentioned-grid>
            <brief-mentioned-grid-iteration>
               <f4/>
            </brief-mentioned-grid-iteration>
         </brief-mentioned-grid>
         <f5/>
         <f8/>
      </section-5>
   <section-6>
         <mineral-authority-grid>
            <mineral-authority-grid-iteration>
               <a9d/>
            </mineral-authority-grid-iteration>
         </mineral-authority-grid>
         <meteorite-authority-grid>
            <meteorite-authority-grid-iteration>
               <a9e/>
            </meteorite-authority-grid-iteration>
         </meteorite-authority-grid>
         <biological-authority-grid>
            <biological-authority-grid-iteration>
               <a9f/>
            </biological-authority-grid-iteration>
         </biological-authority-grid>
      </section-6>
   <section-7>
         <a24a>Georg-August-Universität Göttingen, Geowissenschaftliches Zentrum, Museum, Sammlungen Geopark</a24a>
         <a24b>UNI Gö, Geowissenschaftliches Zentrum, Museum, Magazin Geologie/Paläontologie, Raum 16-025, Historische Sammlung</a24b>
         <a27/>
         <a28>die Rechte für die digitalen 2D-Einzelaufnahmen liegen beim Geowissenschaftlichen Museum Göttingen, GZG </a28>
         <f2a>A. Böhme, A. Gehler, M. Reich</f2a>
         <f2b>2011-06-17</f2b>
         <f3a>A. Gehler</f3a>
         <f3b>2014-03-25</f3b>
      </section-7>
   <section-8>
         <b1/>
         <b2/>
         <b3b/>
         <b3d/>
         <b4a/>
         <b4aa/>
         <b4b/>
         <b4c/>
         <b4ca/>
         <b4d/>
         <b5/>
         <b6/>
         <b7a/>
         <b8/>
      </section-8>
   <section-9>
         <f1/>
         <b9a/>
         <b9b/>
         <b10a>gut</b10a>
         <b10b/>
         <b11a>nein</b11a>
         <b11b/>
         <b11c/>
      </section-9>
   <section-10>
         <c1>0</c1>
         <c2>4</c2>
         <etikett-grid1>
            <a10>nicht vorhanden</a10>
            <c3/>
            <c4/>
            <c5/>
            <c6a/>
            <c6b/>
            <c7a/>
         </etikett-grid1>
      </section-10>
   <section-11>
         <objekttext-grid1>
            <a11>nicht vorhanden</a11>
            <d1/>
            <d2/>
            <d3a/>
            <d3b/>
         </objekttext-grid1>
      </section-11>
   <section-12>
         <number-grid1>
            <a4>nicht vorhanden</a4>
            <e1/>
            <e2/>
            <e3/>
            <e4a/>
            <e4b/>
            <e5a/>
         </number-grid1>
      </section-12>
   <section-13>
         <IIIFmanifestURI/>
         <f6/>
         <f7/>
         <f8/>
      </section-13>
</form>