<form xmlns:uuid="java:java.util.UUID">
   <section-1>
         <z1>http://purl.org/vocab/blumenbach#Archaeologie und Ur- und Fruehgeschichte</z1>
         <a1>Archaeologie; Zoologie</a1>
         <a0>Vogel? [Mumie]</a0>
         <a8/>
         <a2>ANTIG</a2>
         <a3>o. Nr.</a3>
         <b12a>o. Nr.</b12a>
         <a5>644; Af. 2866</a5>
         <a6>1</a6>
      </section-1>
   <section-2>
         <a7a/>
         <a7b/>
         <a9a/>
         <a9b/>
         <a9c/>
         <a26>Artificialia/Naturalia</a26>
         <a21>nein</a21>
      </section-2>
   <section-3>
         <a12a>rezent###Informalle</a12a>
         <a12aa>rezent###Informalle</a12aa>
         <a12b/>
         <a12c/>
         <a12d/>
      </section-3>
   <section-4>
         <a13a>Ägypten, Africa - World</a13a>
         <a13b>27° 00\' 00\'\' N, 030° 00\' 00\'\' E</a13b>
         <a13c>http://vocab.getty.edu/tgn/7016833</a13c>
         <skos:prefLabel xmlns:skos="http://www.w3.org/2004/02/skos/core#">Ägypten</skos:prefLabel>
         <xml:lang>de</xml:lang>
         <gvp:parentString xmlns:gvp="http://vocab.getty.edu/ontology#">Africa, World</gvp:parentString>
         <wgs:lat xmlns:wgs="http://www.w3.org/2003/01/geo/wgs84_pos#">27</wgs:lat>
         <wgs:long xmlns:wgs="http://www.w3.org/2003/01/geo/wgs84_pos#">30</wgs:long>
      </section-4>
   <section-41>
         <a14a/>
         <a14aa/>
         <a14b/>
         <a14ba/>
         <a15a>Strombeck, Friedrich Karl von (1771-1848)</a15a>
         <a15aa>http://thesaurus.cerl.org/record/cnp00588595</a15aa>
         <a15b>1816-01-01</a15b>
         <a15ba>1816-12-31</a15ba>
         <a16a>vermutlich Geschenk</a16a>
         <a16b/>
         <a17>Donator und Donationsdatum gehen aus alter Karteikarte (644) in der ethnologischen Sammlung hervor</a17>
         <a12e/>
         <a12f/>
         <a12g/>
         <a12h/>
         <a12i/>
         <a25/>
         <a25a_a/>
         <a25a/>
         <a25ab/>
         <a25ac/>
         <a25b/>
         <a25c/>
      </section-41>
   <section-5>
         <original-lit-grid>
            <original-lit-grid-iteration>
               <a18/>
            </original-lit-grid-iteration>
         </original-lit-grid>
         <original-desc-grid>
            <original-desc-grid-iteration>
               <a19/>
            </original-desc-grid-iteration>
         </original-desc-grid>
         <original-image-grid>
            <original-image-grid-iteration>
               <a20/>
            </original-image-grid-iteration>
         </original-image-grid>
         <secondary-lit-grid>
            <secondary-lit-grid-iteration>
               <a22/>
               <a23/>
            </secondary-lit-grid-iteration>
         </secondary-lit-grid>
         <brief-mentioned-grid>
            <brief-mentioned-grid-iteration>
               <f4/>
            </brief-mentioned-grid-iteration>
         </brief-mentioned-grid>
         <f5/>
         <f8/>
      </section-5>
   <section-6>
         <mineral-authority-grid>
            <mineral-authority-grid-iteration>
               <a9d/>
            </mineral-authority-grid-iteration>
         </mineral-authority-grid>
         <meteorite-authority-grid>
            <meteorite-authority-grid-iteration>
               <a9e/>
            </meteorite-authority-grid-iteration>
         </meteorite-authority-grid>
         <biological-authority-grid>
            <biological-authority-grid-iteration>
               <a9f/>
            </biological-authority-grid-iteration>
         </biological-authority-grid>
      </section-6>
   <section-7>
         <a24a>Georg-August-Universität Göttingen, Fakultät für Biologie und Psychologie, Johann-Friedrich-Blumenbach-Institut für Zoologie und Anthropologie, Historische Anthropologie und Humanökologie</a24a>
         <a24b/>
         <a27/>
         <a28>die Rechte für die digitalen 2D-Einzelaufnahmen liegen bei der Akademie der Wissenschaften zu Göttingen</a28>
         <f2a>A. Gehler</f2a>
         <f2b>2015-02-03</f2b>
         <f3a>A. Gehler</f3a>
         <f3b>2015-02-03</f3b>
      </section-7>
   <section-8>
         <b1/>
         <b2/>
         <b3a/>
         <b3b/>
         <b3c/>
         <b3d/>
         <b4a/>
         <b4aa/>
         <b4b/>
         <b4c/>
         <b4ca/>
         <b4d/>
         <b5/>
         <b6/>
         <b7a/>
         <b7b/>
         <b7c/>
         <b8/>
      </section-8>
   <section-9>
         <f1>Brief in dieser? Schachtel, noch prüfen</f1>
         <b9a>in zeitgenössischer ovaler Holzschachtel mit Deckel</b9a>
         <b9b/>
         <b10a>gut</b10a>
         <b10b/>
         <b11a>nein</b11a>
         <b11b/>
         <b11c/>
      </section-9>
   <section-10>
         <c1/>
         <c2/>
         <etikett-grid1>
            <a10>nicht vorhanden</a10>
            <c3/>
            <c4/>
            <c5/>
            <c6a/>
            <c6b/>
            <c7a/>
         </etikett-grid1>
      </section-10>
   <section-11>
         <objekttext-grid1>
            <a11>nicht vorhanden</a11>
            <d1/>
            <d2/>
            <d3a/>
            <d3b/>
         </objekttext-grid1>
      </section-11>
   <section-12>
         <number-grid1>
            <a4>nicht vorhanden</a4>
            <e1/>
            <e2/>
            <e3/>
            <e4a/>
            <e4b/>
            <e5a/>
         </number-grid1>
      </section-12>
   <section-13>
         <IIIFmanifestURI/>
         <f6/>
         <f7/>
         <f8/>
      </section-13>
</form>