<form><section-1><classCode-scheme.taxon>0070</classCode-scheme.taxon><classCode-biblNr.n>00179.02</classCode-biblNr.n><title-n>4</title-n><classCode-scheme.cat-idno>II.3.1.1</classCode-scheme.cat-idno><classCode-scheme.cat-text>Commentationes Societatis Regiae Scientiarum Gottingensis</classCode-scheme.cat-text></section-1><section-7><Titel>Commentationes Societatis Regiae Scientiarum Gottingensis</Titel><TitleTypeJournal>true</TitleTypeJournal></section-7><section-10><pubPlace>Gottingae</pubPlace><name>Dieterich</name><date>1779-1808</date></section-10><section-14><repository>SUB Göttingen</repository><repository-idno>4 PHYS MATH IV, 356</repository-idno></section-14></form>