<form xmlns:uuid="java:java.util.UUID">
   <section-1>
         <a0>(257) Deutsche_22</a0>
         <a8/>
         <a2>AIG</a2>
         <a3>22</a3>
         <b12a>22</b12a>
         <a5/>
         <a6>1</a6>
      </section-1>
   <section-2>
         <z1>http://purl.org/vocab/blumenbach#Anatomie und Anthropologie</z1>
         <a1>Anatomie, Anthropologie</a1>
         <a7a>Mammalia: Hominidae: Homo</a7a>
         <a7b>Säugetiere: Menschenaffen: Menschen</a7b>
         <a9a>&lt;i&gt;Homo sapiens&lt;/i&gt;</a9a>
         <a9b>Mensch
</a9b>
         <a9c/>
         <a26>Naturalia</a26>
      </section-2>
   <section-3>
         <a12a>rezent</a12a>
         <a12aa>rezent</a12aa>
         <a12b/>
         <a12c/>
         <a12d/>
      </section-3>
   <section-4>
         <a13a>Göttingen [Drakenberg, OT Roringen], Braunschweig district - Niedersachsen - Deutschland - Europe - World</a13a>
         <a13b>51° 32\' 00\'\' N, 009° 57\' 00\'\' E</a13b>
         <a13c>http://vocab.getty.edu/tgn/7005246</a13c>
         <place>Göttingen</place>
         <lang>de</lang>
         <parentString>Niedersachsen, Deutschland, Europe, World</parentString>
         <lat>51.533333</lat>
         <long>9.933333</long>
      </section-4>
   <section-41>
         <a14a/>
         <a14aa/>
         <a14b/>
         <a14ba/>
         <a15a>Murray, ? (????-????)</a15a>
         <a15aa/>
         <a15b>1834-01-01</a15b>
         <a15ba>1834-12-31</a15ba>
         <a16a>vermutlich Geschenk</a16a>
         <a16b>1840 (aus Privatsammlung Blumenbachs)</a16b>
         <a17/>
         <a12e/>
         <a12f/>
         <a12g/>
         <a12h/>
         <a12i/>
      </section-41>
   <section-5>
         <original-lit-grid>
            <original-lit-grid-iteration>
               <a18/>
            </original-lit-grid-iteration>
         </original-lit-grid>
         <original-desc-grid>
            <original-desc-grid-iteration>
               <a19/>
            </original-desc-grid-iteration>
         </original-desc-grid>
         <original-image-grid>
            <original-image-grid-iteration>
               <a20/>
            </original-image-grid-iteration>
         </original-image-grid>
         <secondary-lit-grid>
            <secondary-lit-grid-iteration>
               <a22/>
               <a23/>
            </secondary-lit-grid-iteration>
         </secondary-lit-grid>
         <f4/>
         <f5/>
         <f8/>
      </section-5>
   <section-6>
         <mineral-authority-grid>
            <mineral-authority-grid-iteration>
               <a9d/>
            </mineral-authority-grid-iteration>
         </mineral-authority-grid>
      </section-6>
   <section-7>
         <a24a>Georg-August-Universität Göttingen, Medizinische Fakultät, Zentrum Anatomie (Blumenbachsche Schädelsammlung)</a24a>
         <a24b/>
         <a27/>
         <a28>die Rechte für die digitalen 2D-Einzelaufnahmen liegen bei der Akademie der Wissenschaften zu Göttingen</a28>
         <f2a>L. Numberger-Thuy, M. Schultz, A. Gehler, N. Schäfer</f2a>
         <f2b>2011-08-29</f2b>
         <f3a>N. Schäfer</f3a>
         <f3b>2017-02-06</f3b>
      </section-7>
   <section-8>
         <b1>Schädel</b1>
         <b2>Knochen</b2>
         <b3b/>
         <b3d/>
         <b4a/>
         <b4aa/>
         <b4b/>
         <b4c/>
         <b4ca/>
         <b4d/>
         <b5/>
         <b6/>
         <b7a/>
         <b8>G=511.4 [g]
</b8>
         <a21>nein</a21>
      </section-8>
   <section-9>
         <f1>Krt. Nr. 22; Deutsche, 22); Bl. 1834; d. Dr. Murray; v. Drakenberge b. Rohringen, Gött.; alte Sign.: 257
</f1>
         <b9a/>
         <b9b/>
         <b10a>gut</b10a>
         <b10b/>
         <b11a/>
         <b11b/>
         <b11c/>
      </section-9>
   <section-10>
         <c1>0</c1>
         <c2>2</c2>
         <etikett-grid1>
            <a10>n. Drakenberge bey Rohringen … 1834
</a10>
            <c3>beigelegt
</c3>
            <c4>H=40 [mm]
B=50 [mm]
</c4>
            <c5/>
            <c6a/>
            <c6b/>
            <c7a/>
         </etikett-grid1>
      </section-10>
   <section-11>
         <objekttext-grid1>
            <a11>Vom Drakenberge bei Roringen (b. Göttingen); …; …; Schwede… [frontal]
</a11>
            <d1>Stirn
</d1>
            <d2>Handschrift Blumenbach auf Knochen
</d2>
            <d3a>gut</d3a>
            <d3b/>
         </objekttext-grid1>
      </section-11>
   <section-12>
         <number-grid1>
            <a4/>
            <e1/>
            <e2/>
            <e3/>
            <e4a/>
            <e4b/>
            <e5a/>
         </number-grid1>
      </section-12>
</form>