<standort>
    <item>
        <label>UNI Gö, Geowissenschaftliches Zentrum, Museum, Sammlungen Geopark</label>
        <value>Georg-August-Universität Göttingen, Geowissenschaftliches Zentrum, Museum, Sammlungen Geopark</value>
    </item>
    <item>
        <label>UNI Gö, Medizinische Fakultät, Zentrum Anatomie (Blumenbachsche Schädelsammlung)</label>
        <value>Georg-August-Universität Göttingen, Medizinische Fakultät, Zentrum Anatomie (Blumenbachsche Schädelsammlung)</value>
    </item>
    <item>
        <label>UNI Gö, Institut für Ethnologie</label>
        <value>Georg-August-Universität Göttingen, Institut für Ethnologie</value>
    </item>
    <item>
        <label>UNI Gö, Institut f. Zoo. u. Anthropol., Hist. Anthropol.</label>
        <value>Georg-August-Universität Göttingen, Johann-Friedrich-Blumenbach Institut für Zoologie und Anthropologie, Zoologisches Museum</value>
    </item>
</standort>