<form xmlns:uuid="java:java.util.UUID">
   <section-1>
         <a0>Platin [Medaille aus Platinblech]</a0>
         <a8>Bracteat aus Platina</a8>
         <a2>GZG.HST.</a2>
         <a3>0.876</a3>
         <b12a>0.876</b12a>
         <a5>XIII.4; 4821; 1.1.71.63 </a5>
         <a6>1</a6>
      </section-1>
   <section-2>
         <z1>http://purl.org/vocab/blumenbach#Mineralogie</z1>
         <a1>Mineralogie</a1>
         <a7a/>
         <a7b/>
         <a9a/>
         <a9b>Platinmedaille</a9b>
         <a9c/>
         <a26>Artificialia</a26>
      </section-2>
   <section-3>
         <a12a/>
         <a12aa/>
         <a12b/>
         <a12c/>
         <a12d/>
      </section-3>
   <section-4>
         <a13a/>
         <a13b/>
         <a13c/>
         <skos:prefLabel xmlns:skos="http://www.w3.org/2004/02/skos/core#"/>
         <xml:lang/>
         <gvp:parentString xmlns:gvp="http://vocab.getty.edu/ontology#"/>
         <wgs:lat xmlns:wgs="http://www.w3.org/2003/01/geo/wgs84_pos#"/>
         <wgs:long xmlns:wgs="http://www.w3.org/2003/01/geo/wgs84_pos#"/>
      </section-4>
   <section-41>
         <a14a/>
         <a14aa/>
         <a14b/>
         <a14ba/>
         <a15a>Hell, Maximilian (1720-1792)</a15a>
         <a15aa>http://thesaurus.cerl.org/record/cnp01497174</a15aa>
         <a15b>1789-03-06</a15b>
         <a15ba>1789-09-30</a15ba>
         <a16a>Geschenk</a16a>
         <a16b>Sammlungseingang (aus Bestand des Academischen Museums)</a16b>
         <a17>Sechs dieser Medaillen erhielt Maximilian Hell in Wien am 06. März 1789 durch einen unbekannten Gönner (wahrscheinlich Jan Ingenhousz). Hell ließ zwei dieser Medaillen durch Friedrich Casimir Kitz an Abraham Gotthelf Kästner in Göttingen überbringen. Eine dieser war für die Akademie der Wissenschaften in Göttingen bestimmt, die zweite für den König von England.
Eine weitere dieser sechs Medaillien befindet sich heute im Kunsthistorischen Museum in Wien.
Ebenfalls besitzt das Noordbrabants Museum in 's Hertogenbosch, Niederlande ein Exemplar, welches aber möglicherweise ein zusätzliches Stück zu den an Hell übersandten Exemplaren ist.  </a17>
         <a12e/>
         <a12f/>
         <a12g/>
         <a12h/>
         <a12i/>
      </section-41>
   <section-5>
         <original-lit-grid>
            <original-lit-grid-iteration>
               <a18/>
            </original-lit-grid-iteration>
         </original-lit-grid>
         <original-desc-grid>
            <original-desc-grid-iteration>
               <a19>Anonymus (1789);
00027: 640;
Beer, G. (2003a);
Beer, G. (2003b);
Beer, G. (2013)</a19>
            </original-desc-grid-iteration>
         </original-desc-grid>
         <original-image-grid>
            <original-image-grid-iteration>
               <a20>isolierter Kupferstich im Nachlass Lichtenberg der Nds. Staats- und Universitätsbibliothek Göttingen</a20>
            </original-image-grid-iteration>
         </original-image-grid>
         <secondary-lit-grid>
            <secondary-lit-grid-iteration>
               <a22>Anonymus (1789): Göttingische Anzeigen von gelehrten Sachen, 176. Stück (26. Oktober 1789), S. 1721-1722;
Beer, G. (2003a): Museum der Göttinger Chemie Museumsbrief Nr. 21/22, S. 1-17.;
Beer, G. (2003b): Ein neues Metall - ein neuer Planet. Eine letzte Koinzidenz der astrologischen Entsprechung am Beispiel einer 1789 nach Göttingen gelangten Platin-Gedenkmedaille des Astronomen Maximilian Hell. [In:] Wittig, R. (Hrsg.), Göttinger Lesebuch zum Planetenweg, Göttingen (Planet Poster Editions), S. 101-118.;
Beer, G. (2013): Museum der Göttinger Chemie Museumsbrief Nr. 32, S. 1.</a22>
               <a23/>
            </secondary-lit-grid-iteration>
         </secondary-lit-grid>
         <brief-mentioned-grid>
            <brief-mentioned-grid-iteration>
               <f4/>
            </brief-mentioned-grid-iteration>
         </brief-mentioned-grid>
         <f5/>
         <f8/>
      </section-5>
   <section-6>
         <mineral-authority-grid>
            <mineral-authority-grid-iteration>
               <a9d>http://www.mindat.org/min-3236.html</a9d>
            </mineral-authority-grid-iteration>
         </mineral-authority-grid>
      </section-6>
   <section-7>
         <a24a>Georg-August-Universität Göttingen, Geowissenschaftliches Zentrum, Museum, Sammlungen Geopark</a24a>
         <a24b>UNI Gö, Geowissenschaftliches Zentrum, Museum, Magazin Geologie/Paläontologie, Raum 16-025, Historische Sammlung</a24b>
         <a27/>
         <a28>die Rechte für die digitalen 2D-Einzelaufnahmen liegen beim Geowissenschaftlichen Museum Göttingen, GZG</a28>
         <f2a>A. Gehler, N. Schäfer</f2a>
         <f2b>2012-08-09</f2b>
         <f3a>N. Schäfer</f3a>
         <f3b>2017-01-24</f3b>
      </section-7>
   <section-8>
         <b1>Medaille</b1>
         <b2>Platin</b2>
         <b3b/>
         <b3d/>
         <b4a/>
         <b4aa/>
         <b4b/>
         <b4c/>
         <b4ca/>
         <b4d/>
         <b5/>
         <b6>Umschrift auf der Medaille:
NOVO PLANETAE DICAT HELLIUS ASTR. ANNO 1786.</b6>
         <b7a/>
         <b8/>
         <a21>nein</a21>
      </section-8>
   <section-9>
         <f1/>
         <b9a/>
         <b9b/>
         <b10a>gut</b10a>
         <b10b>besitzt ein Loch von etwa einem mm Durchmesser</b10b>
         <b11a>nein</b11a>
         <b11b/>
         <b11c/>
      </section-9>
   <section-10>
         <c1>0</c1>
         <c2>3</c2>
         <etikett-grid1>
            <a10>nicht vorhanden</a10>
            <c3/>
            <c4/>
            <c5/>
            <c6a/>
            <c6b/>
            <c7a/>
         </etikett-grid1>
      </section-10>
   <section-11>
         <objekttext-grid1>
            <a11>nicht vorhanden</a11>
            <d1/>
            <d2/>
            <d3a/>
            <d3b/>
         </objekttext-grid1>
      </section-11>
   <section-12>
         <number-grid1>
            <a4>nicht vorhanden</a4>
            <e1/>
            <e2/>
            <e3/>
            <e4a/>
            <e4b/>
            <e5a/>
         </number-grid1>
      </section-12>
</form>