<form xmlns:uuid="java:java.util.UUID">
   <section-1>
         <z1>http://purl.org/vocab/blumenbach#Geologie</z1>
         <a1>Geologie</a1>
         <a0>Obsidian</a0>
         <a8>der ächte Opsian der Alten λιϑος οψιανος</a8>
         <a2>GZG.HST.</a2>
         <a3>1.959</a3>
         <b12a>1.959</b12a>
         <a5>12572</a5>
         <a6>1</a6>
      </section-1>
   <section-2>
         <a7a>Magmatite: Vulkanite</a7a>
         <a7b>Erstarrungsgesteine: Ergussgesteine</a7b>
         <a9a>Obsidian</a9a>
         <a9b>Vulkanisches Glas</a9b>
         <a9c/>
         <a26>Naturalia</a26>
         <a21>nein</a21>
      </section-2>
   <section-3>
         <a12a/>
         <a12aa/>
         <a12b/>
         <a12c/>
         <a12d/>
      </section-3>
   <section-4>
         <a13a>Sarbo-Bucht, Eritrea</a13a>
         <a13b>15° 10` 0`` N
 </a13b>
         <a13c/>
         <skos:prefLabel xmlns:skos="http://www.w3.org/2004/02/skos/core#"/>
         <xml:lang/>
         <gvp:parentString xmlns:gvp="http://vocab.getty.edu/ontology#"/>
         <wgs:lat xmlns:wgs="http://www.w3.org/2003/01/geo/wgs84_pos#"/>
         <wgs:long xmlns:wgs="http://www.w3.org/2003/01/geo/wgs84_pos#"/>
      </section-4>
   <section-41>
         <a14a>Salt, Henry (1780-1827)</a14a>
         <a14aa/>
         <a14b>1809-01-01</a14b>
         <a14ba>1809-01-31</a14ba>
         <a15a>Vincent, William (1739-1815)</a15a>
         <a15aa>http://thesaurus.cerl.org/record/cnp01175047</a15aa>
         <a15b>1815-08-04</a15b>
         <a15ba>1815-08-04</a15ba>
         <a16a>Geschenk</a16a>
         <a16b>Unbekannt (aus Bestand des Academischen Museums oder Privatsammlung Blumenbachs)</a16b>
         <a17>Henry Salt war Reisegfährte von George Annesley (1770-1844) welcher von 1793-1816 den Titel Lord Valentia trug.</a17>
         <a12e/>
         <a12f/>
         <a12g/>
         <a12h/>
         <a12i/>
         <a25/>
         <a25a_a/>
         <a25a/>
         <a25ab/>
         <a25ac/>
         <a25b/>
         <a25c/>
      </section-41>
   <section-5>
         <original-lit-grid>
            <original-lit-grid-iteration>
               <a18>00034: 478f
00197: 76f</a18>
            </original-lit-grid-iteration>
         </original-lit-grid>
         <original-desc-grid>
            <original-desc-grid-iteration>
               <a19/>
            </original-desc-grid-iteration>
         </original-desc-grid>
         <original-image-grid>
            <original-image-grid-iteration>
               <a20/>
            </original-image-grid-iteration>
         </original-image-grid>
         <secondary-lit-grid>
            <secondary-lit-grid-iteration>
               <a22>George, Viscount Valentia (1809): Voyages and travels to India, Ceylon, the Red Sea, Abyssinia, and Egypt, in the years 1802, 1803, 1804, 1805, and 1806. In three volumes. Vol. II. London: Printed for William Miller, Albemarle-Street, by W. Bulmer and Co. Cleveland-Bow, St. James's.</a22>
               <a23/>
            </secondary-lit-grid-iteration>
         </secondary-lit-grid>
         <brief-mentioned-grid>
            <brief-mentioned-grid-iteration>
               <f4/>
            </brief-mentioned-grid-iteration>
         </brief-mentioned-grid>
         <f5/>
         <f8/>
      </section-5>
   <section-6>
         <mineral-authority-grid>
            <mineral-authority-grid-iteration>
               <a9d>http://www.mindat.org/min-8519.html</a9d>
            </mineral-authority-grid-iteration>
         </mineral-authority-grid>
         <meteorite-authority-grid>
            <meteorite-authority-grid-iteration>
               <a9e/>
            </meteorite-authority-grid-iteration>
         </meteorite-authority-grid>
         <biological-authority-grid>
            <biological-authority-grid-iteration>
               <a9f/>
            </biological-authority-grid-iteration>
         </biological-authority-grid>
      </section-6>
   <section-7>
         <a24a>Georg-August-Universität Göttingen, Fakultät für Geowissenschaften und Geographie, Geowissenschaftliches Zentrum, Geowissenschaftliches Museum</a24a>
         <a24b>UNI Gö, Geowissenschaftliches Zentrum, Museum, Magazin Geologie/Paläontologie, Raum 16-025, Historische Sammlung</a24b>
         <a27/>
         <a28>die Rechte für die digitalen 2D-Einzelaufnahmen liegen beim Geowissenschaftlichen Museum Göttingen, GZG </a28>
         <f2a>N. Schäfer</f2a>
         <f2b>2016-04-20</f2b>
         <f3a>N. Schäfer</f3a>
         <f3b>2017-01-24</f3b>
      </section-7>
   <section-8>
         <b1/>
         <b2/>
         <b3a/>
         <b3b/>
         <b3c/>
         <b3d/>
         <b4a/>
         <b4aa/>
         <b4b/>
         <b4c/>
         <b4ca/>
         <b4d/>
         <b5/>
         <b6/>
         <b7a/>
         <b7b/>
         <b7c/>
         <b8/>
      </section-8>
   <section-9>
         <f1/>
         <b9a/>
         <b9b/>
         <b10a>gut</b10a>
         <b10b>2 Seiten geschliffen</b10b>
         <b11a>nein</b11a>
         <b11b/>
         <b11c/>
      </section-9>
   <section-10>
         <c1>1</c1>
         <c2>3</c2>
         <etikett-grid1>
            <a10>der ächte Opsian der Alten
λιϑος οψιανος [l-i-th-o-s o-ps-i-a-n-o-s]
aus der Sarbo-Bucht an der West-
Küste des rothen Meeres, 10 Meilen
unterhalb Aduli.
von da mitgebracht durch Ld ["d" hochgestellt] Valen-
tia's Gefährten Hn Salt.
erhalten von Hn Dr ["r" hochgestellt] Wm ["m" hochgestellt, unterstrichen] Vincent
4 Aug. 15.</a10>
            <c3>isoliert</c3>
            <c4/>
            <c5>Handschrift von Blumenbach</c5>
            <c6a>gut</c6a>
            <c6b/>
            <c7a>nein</c7a>
         </etikett-grid1>
      </section-10>
   <section-11>
         <objekttext-grid1>
            <a11>nicht vorhanden</a11>
            <d1/>
            <d2/>
            <d3a/>
            <d3b/>
         </objekttext-grid1>
      </section-11>
   <section-12>
         <number-grid1>
            <a4>nicht vorhanden</a4>
            <e1/>
            <e2/>
            <e3/>
            <e4a/>
            <e4b/>
            <e5a/>
         </number-grid1>
      </section-12>
   <section-13>
         <IIIFmanifestURI/>
         <f6/>
         <f7/>
         <f8/>
      </section-13>
</form>