<form xmlns:uuid="java:java.util.UUID">
   <section-1>
         <a0>Beilklinge "toki pounamu" aus Nephrit (abgebrochen)</a0>
         <a8>Punammustein</a8>
         <a2>GZG.HST.</a2>
         <a3>0.760</a3>
         <b12a>0.760</b12a>
         <a5>Humphrey-Katalog Nr. 215</a5>
         <a6>1</a6>
      </section-1>
   <section-2>
         <z1>http://purl.org/vocab/blumenbach#Ethnologie</z1>
         <a1>Mineralogie, Ethnologie</a1>
         <a7a>Mineralgemisch (Mischreihe Tremolit - Aktinolith)</a7a>
         <a7b/>
         <a9a>Beilklinge "toki pounamu" aus Nephrit (abgebrochen)</a9a>
         <a9b/>
         <a9c>Nierenstein, Beilstein, Nephrit Jade, Punammu</a9c>
         <a26>Artificialia/Naturalia</a26>
      </section-2>
   <section-3>
         <a12a/>
         <a12aa/>
         <a12b/>
         <a12c/>
         <a12d/>
      </section-3>
   <section-4>
         <a13a>Neuseeland, Oceania - World</a13a>
         <a13b>42° 00\' 00\'\' S, 174° 00\' 00\'\' E</a13b>
         <a13c>http://vocab.getty.edu/tgn/1000226</a13c>
         <gvp:prefLabel xmlns:gvp="http://vocab.getty.edu/ontology#">New Zealand</gvp:prefLabel>
         <xml:lang>en</xml:lang>
         <gvp:parentString xmlns:gvp="http://vocab.getty.edu/ontology#">Oceania, World</gvp:parentString>
         <wgs:lat xmlns:wgs="http://www.w3.org/2003/01/geo/wgs84_pos#">-42</wgs:lat>
         <wgs:long xmlns:wgs="http://www.w3.org/2003/01/geo/wgs84_pos#">174</wgs:long>
      </section-4>
   <section-41>
         <a14a>Cook, James (1728-1779)</a14a>
         <a14aa> cnp01316907</a14aa>
         <a14b>1769-10-?</a14b>
         <a14ba>1779-02-?</a14ba>
         <a15a>George III., König von Großbritannien (1738-1820)</a15a>
         <a15aa>cnp01500320</a15aa>
         <a15b>1782-08-02</a15b>
         <a15ba>1782-08-02</a15ba>
         <a16a>Ankauf</a16a>
         <a16b>Sammlungseingang (aus Bestand des Academischen Museums)</a16b>
         <a17>König Georg III. gewährte 1782 dem Königlich Academischen Museum (nach Nachfrage von Blumenbach) eine Suite von ca. 350 Stücken der Cook-Expeditionen (Nawa 2010). Es existiert auch noch eine Auflistung des Zwischenhändlers George Humphrey (vgl. Nr. 215). 

</a17>
         <a12e/>
         <a12f/>
         <a12g/>
         <a12h/>
         <a12i/>
      </section-41>
   <section-5>
         <original-lit-grid>
            <original-lit-grid-iteration>
               <a18>00024: 583;
00025: 589;
00026: 575f;
00027: 574;
00029: 595;
00030: 602;
00031: 613;
00032: 623;
00033: 515;
00034: 406</a18>
            </original-lit-grid-iteration>
         </original-lit-grid>
         <original-desc-grid>
            <original-desc-grid-iteration>
               <a19/>
            </original-desc-grid-iteration>
         </original-desc-grid>
         <original-image-grid>
            <original-image-grid-iteration>
               <a20/>
            </original-image-grid-iteration>
         </original-image-grid>
         <secondary-lit-grid>
            <secondary-lit-grid-iteration>
               <a22/>
               <a23>unvollständig</a23>
            </secondary-lit-grid-iteration>
         </secondary-lit-grid>
         <f4/>
         <f5/>
         <f8/>
      </section-5>
   <section-6>
         <mineral-authority-grid>
            <mineral-authority-grid-iteration>
               <a9d>http://www.mindat.org/min-2881.html</a9d>
            </mineral-authority-grid-iteration>
         </mineral-authority-grid>
      </section-6>
   <section-7>
         <a24a>Georg-August-Universität Göttingen, Geowissenschaftliches Zentrum, Museum, Sammlungen Geopark</a24a>
         <a24b>UNI Gö, Geowissenschaftliches Zentrum, Museum, Magazin Geologie/Paläontologie, Raum 16-025, Historische Sammlung</a24b>
         <a27/>
         <a28>die Rechte für die digitalen 2D-Einzelaufnahmen liegen beim Geowissenschaftlichen Museum Göttingen, GZG </a28>
         <f2a>A. Böhme, A. Gehler, N. Schäfer</f2a>
         <f2b>2012-02-24</f2b>
         <f3a>N. Schäfer</f3a>
         <f3b>2017-01-31</f3b>
      </section-7>
   <section-8>
         <b1>Trockenpräparat; abgebrochene Beilklinge der Maori</b1>
         <b2>Nephrit</b2>
         <b3b>Maori</b3b>
         <b3d/>
         <b4a/>
         <b4aa/>
         <b4b/>
         <b4c/>
         <b4ca/>
         <b4d/>
         <b5>evtl. Klinge von einem Zeremonialdechsel</b5>
         <b6/>
         <b7a>H=10 [mm]
B=42 [mm]
L=64 [mm]
</b7a>
         <b8>G=60 [g]
</b8>
         <a21>nein</a21>
      </section-8>
   <section-9>
         <f1/>
         <b9a>nicht vorhanden</b9a>
         <b9b/>
         <b10a>sehr gut</b10a>
         <b10b/>
         <b11a>nein</b11a>
         <b11b/>
         <b11c/>
      </section-9>
   <section-10>
         <c1>1</c1>
         <c2>3</c2>
         <etikett-grid1>
            <a10>Punammustein

v. Neu Seeland

["Blumenb. S." sekundär hinzugefügt]</a10>
            <c3>isoliert</c3>
            <c4>B=32 [mm]
L=68 [mm]
</c4>
            <c5>Handschrift von Blumenbach</c5>
            <c6a/>
            <c6b/>
            <c7a/>
         </etikett-grid1>
      </section-10>
   <section-11>
         <objekttext-grid1>
            <a11>nicht vorhanden</a11>
            <d1/>
            <d2/>
            <d3a/>
            <d3b/>
         </objekttext-grid1>
      </section-11>
   <section-12>
         <number-grid1>
            <a4>nicht vorhanden</a4>
            <e1/>
            <e2/>
            <e3/>
            <e4a/>
            <e4b/>
            <e5a/>
         </number-grid1>
      </section-12>
</form>