<form xmlns:uuid="java:java.util.UUID">
   <section-1>
         <a0>Dose aus versteinertem "Megadendron"-Holz</a0>
         <a8>von dem großem Baumstamme der 1752 zu Hilbersdorf bey Chemnitz ausgegraben worden</a8>
         <a2>GZG.HST.</a2>
         <a3>0.444</a3>
         <b12a>0.444</b12a>
         <a5>101-11</a5>
         <a6>1</a6>
      </section-1>
   <section-2>
         <z1>http://purl.org/vocab/blumenbach#Palaeobotanik</z1>
         <a1>Palaeobotanik</a1>
         <a7a>Plantae: Pinopsida: Pinales: Araucariaceae</a7a>
         <a7b>Pflanzen: Koniferenartige: Koniferen: Araukariengewächse</a7b>
         <a9a>&lt;i&gt;Dadoxylon saxonicum&lt;/i&gt;</a9a>
         <a9b>Araukarie</a9b>
         <a9c>&lt;i&gt;Megadendron saxonicum&lt;/i&gt;, Araucarioxylon saxonicum&lt;/i&gt;, &lt;i&gt;Araucarites saxonicus&lt;/i&gt;</a9c>
         <a26>Naturalia</a26>
      </section-2>
   <section-3>
         <a12a>Sakmarium (284.4 - 294.6)</a12a>
         <a12aa>Sakmarium (284.4 - 294.6)</a12aa>
         <a12b/>
         <a12c>Radiometrische Altersdatierung</a12c>
         <a12d>U-Pb am umgebenden vulkanischen Gestein ergab ein Alter von ca. 291 +/- 3 Ma</a12d>
      </section-3>
   <section-4>
         <a13a>Hilbersdorf, Chemnitz district - Sachsen - Deutschland - Europe - World</a13a>
         <a13b>50° 54\' 00\'\' N, 013° 24\' 00\'\' E</a13b>
         <a13c>tgn:1036942</a13c>
         <a13d/>
         <a14a/>
         <a14aa/>
         <a14b>1752-01-01</a14b>
         <a14ba>1752-12-31</a14ba>
         <a15a/>
         <a15aa/>
         <a15b/>
         <a15ba/>
         <a16a>unbekannt</a16a>
         <a16b>Unbekannt (aus Bestand des Academischen Museums oder Privatsammlung Blumenbachs)</a16b>
         <a17/>
         <a12e/>
         <a12f/>
         <a12g/>
         <a12h/>
         <a12i/>
      </section-4>
   <section-5>
         <original-lit-grid>
            <original-lit-grid-iteration>
               <a18/>
            </original-lit-grid-iteration>
         </original-lit-grid>
         <original-desc-grid>
            <original-desc-grid-iteration>
               <a19/>
            </original-desc-grid-iteration>
         </original-desc-grid>
         <original-image-grid>
            <original-image-grid-iteration>
               <a20/>
            </original-image-grid-iteration>
         </original-image-grid>
         <secondary-lit-grid>
            <secondary-lit-grid-iteration>
               <a22/>
               <a23/>
            </secondary-lit-grid-iteration>
         </secondary-lit-grid>
         <f4/>
         <f5/>
         <f8/>
      </section-5>
   <section-6>
         <mineral-authority-grid>
            <mineral-authority-grid-iteration>
               <a9d/>
            </mineral-authority-grid-iteration>
         </mineral-authority-grid>
      </section-6>
   <section-7>
         <a24a>Georg-August-Universität Göttingen, Geowissenschaftliches Zentrum, Museum, Sammlungen &amp; Geopark</a24a>
         <a24b>UNI Gö, Geowissenschaftliches Zentrum, Museum, Magazin Geologie/Paläontologie, Raum 16-025, Historische Sammlung</a24b>
         <a27/>
         <a28>die Rechte für die digitalen 2D-Einzelaufnahmen liegen beim Geowissenschaftlichen Museum Göttingen, GZG </a28>
         <f2a>A. Böhme, A. Gehler, N. Schäfer</f2a>
         <f2b>2012-04-23</f2b>
         <f3a>N. Schäfer</f3a>
         <f3b>2017-01-17</f3b>
      </section-7>
   <section-8>
         <b1/>
         <b2/>
         <b3b/>
         <b3d/>
         <b4a/>
         <b4aa/>
         <b4b/>
         <b4c/>
         <b4ca/>
         <b4d/>
         <b5/>
         <b6/>
         <b7a/>
         <b8/>
         <a21>vielleicht</a21>
      </section-8>
   <section-9>
         <f1/>
         <b9a/>
         <b9b>nicht vorhanden</b9b>
         <b10a/>
         <b10b/>
         <b11a/>
         <b11b/>
         <b11c/>
      </section-9>
   <section-10>
         <c1>1</c1>
         <c2>2</c2>
         <etikett-grid1>
            <a10>N3 von dem grossen im
Dresdner Naturalien Cab.
befindlichen Baumstam[m]e
der 1752 zu Hilbersdorf
bey Chemnitz ausgegraben
worden. [...?] Dresdner Magaz.
                                      IB.

["IB." sekundär hinzugefügt?]</a10>
            <c3>direkt auf die Innenseite des Bodens der Dose geklebt</c3>
            <c4/>
            <c5>Handschrift von Blumenbach</c5>
            <c6a/>
            <c6b/>
            <c7a/>
         </etikett-grid1>
      </section-10>
   <section-11>
         <objekttext-grid1>
            <a11>nicht vorhanden</a11>
            <d1/>
            <d2/>
            <d3a/>
            <d3b/>
         </objekttext-grid1>
      </section-11>
   <section-12>
         <number-grid1>
            <a4>N3</a4>
            <e1>auf Etikett (direkt auf die Innenseite des Bodens der Dose geklebt)</e1>
            <e2/>
            <e3/>
            <e4a/>
            <e4b/>
            <e5a/>
         </number-grid1>
      </section-12>
</form>