<form xmlns:uuid="java:java.util.UUID">
   <section-1>
         <a0>Kupfer (gediegen, mit Cuprit und Malachit)</a0>
         <a8>Kupfer Ziegel Erz</a8>
         <a2>GZG.HST.</a2>
         <a3>0.645</a3>
         <b12a>0.645</b12a>
         <a5>1.1.1.123; 14; XXXI. 17; 8</a5>
         <a6>1</a6>
      </section-1>
   <section-2>
         <z1>http://purl.org/vocab/blumenbach#Mineralogie</z1>
         <a1>Mineralogie</a1>
         <a7a>Elemente (und Oxide und Hydroxide, Carbonate)</a7a>
         <a7b/>
         <a9a>Kupfer (gediegen) [Cu] (mit Cuprit und Malachit)</a9a>
         <a9b/>
         <a9c/>
         <a26>Naturalia</a26>
      </section-2>
   <section-3>
         <a12a/>
         <a12aa/>
         <a12b/>
         <a12c/>
         <a12d/>
      </section-3>
   <section-4>
         <a13a>bei Schlangenberg (Grube Semenowsk), Altai, Russland</a13a>
         <a13b/>
         <a13c/>
         <place/>
         <lang/>
         <parentString/>
         <lat/>
         <long/>
      </section-4>
   <section-41>
         <a14a/>
         <a14aa/>
         <a14b/>
         <a14ba/>
         <a15a>Asch, Georg Thomas von (1729-1807)</a15a>
         <a15aa>cnp00397388</a15aa>
         <a15b/>
         <a15ba/>
         <a16a>vermutlich Geschenk</a16a>
         <a16b/>
         <a17/>
         <a12e/>
         <a12f/>
         <a12g/>
         <a12h/>
         <a12i/>
      </section-41>
   <section-5>
         <original-lit-grid>
            <original-lit-grid-iteration>
               <a18>Handbuch der Naturgeschichte (6 ed., 1799: 651)</a18>
            </original-lit-grid-iteration>
         </original-lit-grid>
         <original-desc-grid>
            <original-desc-grid-iteration>
               <a19/>
            </original-desc-grid-iteration>
         </original-desc-grid>
         <original-image-grid>
            <original-image-grid-iteration>
               <a20/>
            </original-image-grid-iteration>
         </original-image-grid>
         <secondary-lit-grid>
            <secondary-lit-grid-iteration>
               <a22/>
               <a23/>
            </secondary-lit-grid-iteration>
         </secondary-lit-grid>
         <f4/>
         <f5/>
         <f8/>
      </section-5>
   <section-6>
         <mineral-authority-grid>
            <mineral-authority-grid-iteration>
               <a9d>http://www.mindat.org/min-1209.html</a9d>
            </mineral-authority-grid-iteration>
         </mineral-authority-grid>
      </section-6>
   <section-7>
         <a24a>Georg-August-Universität Göttingen, Geowissenschaftliches Zentrum, Museum, Sammlungen Geopark</a24a>
         <a24b/>
         <a27/>
         <a28>die Rechte für die digitalen 2D-Einzelaufnahmen liegen beim Geowissenschaftlichen Museum Göttingen, GZG</a28>
         <f2a>A. Böhme, A. Gehler</f2a>
         <f2b>2011-12-12</f2b>
         <f3a>A. Gehler</f3a>
         <f3b>2013-04-09</f3b>
      </section-7>
   <section-8>
         <b1/>
         <b2/>
         <b3b/>
         <b3d/>
         <b4a/>
         <b4aa/>
         <b4b/>
         <b4c/>
         <b4ca/>
         <b4d/>
         <b5/>
         <b6/>
         <b7a/>
         <b8>G=121.4 [g]
</b8>
         <a21>nein</a21>
      </section-8>
   <section-9>
         <f1>Stück war 2008 am GZG ausgestellt in der Ausstellung "Edles aus Sibirien" - Baron von Asch und seine geowissenschaftlichen Sammlungen.</f1>
         <b9a/>
         <b9b/>
         <b10a>gut</b10a>
         <b10b/>
         <b11a>nein</b11a>
         <b11b/>
         <b11c/>
      </section-9>
   <section-10>
         <c1>1</c1>
         <c2>7</c2>
         <etikett-grid1>
            <a10>             Kupfer Ziegel Erz
1. Pud hält 8 bis 9 [Symbol für Unzen] Kupfer
   aus der Simonowschen Grube
         im Barnaulischen [durchgestrichen]
               von Koliwan.   </a10>
            <c3>isoliert</c3>
            <c4/>
            <c5/>
            <c6a>mäßig</c6a>
            <c6b>stärker verknickt (möglicherweise ehemals um das Stück gewickelt), rechte obere Ecke ausgerissen</c6b>
            <c7a>nein</c7a>
         </etikett-grid1>
      </section-10>
   <section-11>
         <objekttext-grid1>
            <a11>nicht vorhanden</a11>
            <d1/>
            <d2/>
            <d3a/>
            <d3b/>
         </objekttext-grid1>
      </section-11>
   <section-12>
         <number-grid1>
            <a4>nicht vorhanden</a4>
            <e1/>
            <e2/>
            <e3/>
            <e4a/>
            <e4b/>
            <e5a/>
         </number-grid1>
      </section-12>
</form>