<form xmlns:uuid="java:java.util.UUID">
   <section-1>
         <a0>Collina di Brianza (Pseudometeorit, Eisen)</a0>
         <a8/>
         <a2>GZG.HST.</a2>
         <a3>0.319b</a3>
         <b12a>0.319a-c</b12a>
         <a5>13; 31</a5>
         <a6>3</a6>
      </section-1>
   <section-2>
         <a1>Meteoritenkunde</a1>
         <a7a>Pseudometeorite (Eisen)</a7a>
         <a7b>Pseudometeorite (Eisen)</a7b>
         <a9a>Pseudometeorit, Eisen</a9a>
         <a9b>Pseudometeorit, Eisen</a9b>
         <a9c/>
         <a26>Naturalia</a26>
      </section-2>
   <section-3>
         <a12a/>
         <a12aa/>
         <a12b>Fund um 1770</a12b>
         <a12c/>
         <a12d/>
      </section-3>
   <section-4>
         <a13a>Colle Brianza, Lecco province, Lombardia - Italia - Europe - World</a13a>
         <a13b>45° 46` 0`` N 9° 22` 0`` E </a13b>
         <a13c/>
         <a13d>tgn:7024845</a13d>
         <a14a/>
         <a14aa/>
         <a14b/>
         <a14ba/>
         <a15a>Chladni, Ernst Florens Friedrich (1756-1827)</a15a>
         <a15aa>cnp00394455</a15aa>
         <a15b/>
         <a15ba/>
         <a16a>vermutlich Geschenk</a16a>
         <a16b>Unbekannt (aus Bestand des Academischen Museums oder Privatsammlung Blumenbachs)</a16b>
         <a17/>
      </section-4>
   <section-5>
         <a18/>
         <a19/>
         <a20/>
         <a22/>
         <a23/>
         <f4/>
         <f5/>
         <f8/>
      </section-5>
   <section-6>
         <a9d/>
      </section-6>
   <section-7>
         <a24a>Georg-August-Universität Göttingen, Geowissenschaftliches Zentrum, Museum, Sammlungen &amp; Geopark</a24a>
         <a24b>UNI Gö, Geowissenschaftliches Zentrum, Museum, Magazin Geologie/Paläontologie, Raum 16-025, Historische Sammlung</a24b>
         <a27/>
         <a28>die Rechte für die digitalen 2D-Einzelaufnahmen liegen beim Geowissenschaftlichen Museum Göttingen, GZG </a28>
         <f2a>A. Gehler, N. Schäfer</f2a>
         <f2b>2013-11-15</f2b>
         <f3a>N. Schäfer</f3a>
         <f3b>2017-01-17</f3b>
      </section-7>
   <section-8>
         <b1>Fragment</b1>
         <b2/>
         <b3b/>
         <b3d/>
         <b4a/>
         <b4aa/>
         <b4b/>
         <b4c/>
         <b4ca/>
         <b4d/>
         <b5/>
         <b6/>
         <b7a/>
         <b8/>
      </section-8>
   <section-9>
         <f1/>
         <b9a/>
         <b9b/>
         <b10a>gut</b10a>
         <b10b/>
         <b11a>nein</b11a>
         <b11b/>
         <b11c/>
      </section-9>
   <section-10>
         <c1>2</c1>
         <c2>2</c2>
         <etikett-grid1>
            <a10>Gediegen Eisen von einer im Mailändischen auf der Collina di Brianza bey Villa gefundenen 200 bis 300 lb schweren Masse, von problematischem Ursprung. Ist nich von dem Gefüge, wie das ausgemacht meteo- rische Eisen, enthält
                auch kein Nickel, ist aber doch von allem bekannten durch Kunst geschmolznen Eisen sehr verschieden, da es äußerst weich ist, und sich warm und kalt schmieden läßt, da es auch ganz isolirt ist gefunden worden, an einer
                Stelle, wo weder Eisensteinbrüche noch Schmelzhütten in der Nähe sind. Die Farbe ist mehr silberweiß, als von andrem gewöhn- lichen Eisen, weil es keinen Kohlenstoff enthält. Analysiert [vo]n Klaproth und Gehlen.</a10>
            <c3>isoliert</c3>
            <c4/>
            <c5>Handschrift von Chladni</c5>
            <c6a>kritisch</c6a>
            <c6b>ehemals zweifach gefaltet, stark verknickt, starker Feuchtigkeitsschaden, größere Zahl kleiner Löcher, geringer Textverlust links unten, Tintenfleck auf dem Wort "Eisen" in der ersten Zeile</c6b>
            <c7a>ja</c7a>
         </etikett-grid1>
         <etikett-grid1>
            <a10>von der auf der Collina di Brianza im Mailändischen ge- fundenen Eisenmasse.</a10>
            <c3>isoliert</c3>
            <c4/>
            <c5>unbekannte Handschrift</c5>
            <c6a>gut</c6a>
            <c6b/>
            <c7a>nein</c7a>
         </etikett-grid1>
      </section-10>
   <section-11>
         <objekttext-grid1>
            <a11>nicht vorhanden</a11>
            <d1/>
            <d2/>
            <d3a/>
            <d3b/>
         </objekttext-grid1>
      </section-11>
   <section-12>
         <number-grid1>
            <a4>nicht vorhanden</a4>
            <e1/>
            <e2/>
            <e3/>
            <e4a/>
            <e4b/>
            <e5a/>
         </number-grid1>
      </section-12>
</form>