<form><profileDesc-textClass><classCode-scheme.taxon>0079</classCode-scheme.taxon><classCode-biblNr.n>00770.01</classCode-biblNr.n><title-n>4</title-n><classCode-scheme.cat-idno>II.4.X.2</classCode-scheme.cat-idno><classCode-scheme.cat-text>Allgemeine Literatur-Zeitung. Intelligenzblatt</classCode-scheme.cat-text></profileDesc-textClass><titleStmt><title-type.taxon>Allgemeine Literatur-Zeitung. Intelligenzblatt</title-type.taxon></titleStmt><sourceDesc-monograph><title-level.j>Allgemeine Literatur-Zeitung. Intelligenzblatt</title-level.j></sourceDesc-monograph><sourceDesc-imprint><pubPlace>Halle, S.</pubPlace><name>Schwetschke ; Leibzig [i.e. Leipzig] : Churfürstl. Sächs. Zeitungsexpedition</name><date>1787-1849</date></sourceDesc-imprint><msDesc><repository>SUB Göttingen</repository><repository-idno>4 EPH LIT 196/5</repository-idno></msDesc></form>