<form xmlns:uuid="java:java.util.UUID">
   <section-1>
         <a0>Brachiopode (&lt;i&gt;Pliothyrina grandis&lt;/i&gt;)</a0>
         <a8>Terebratulites grandis </a8>
         <a2>GZG.HST.</a2>
         <a3>0.450</a3>
         <b12a>0.450</b12a>
         <a5>101-1</a5>
         <a6>1</a6>
      </section-1>
   <section-2>
         <z1>http://purl.org/vocab/blumenbach#Palaeozoologie</z1>
         <a1>Palaeozoologie</a1>
         <a7a>Brachiopoda: Rhynchonelliformea: Terebratulida: Terebratulidae</a7a>
         <a7b>Armfüßer: Rhynchonelliformea: Terebratulida: Terebrateln s. s.</a7b>
         <a9a>&lt;i&gt;Pliothyrina grandis&lt;/i&gt;</a9a>
         <a9b/>
         <a9c>&lt;i&gt;Terebratula grandis&lt;/i&gt;</a9c>
         <a26>Naturalia</a26>
      </section-2>
   <section-3>
         <a12a>Chattium (23.03 - 28.4)</a12a>
         <a12aa>Chattium (23.03 - 28.4)</a12aa>
         <a12b/>
         <a12c>Biostratigraphie</a12c>
         <a12d>an Mikrofossilien (Kalknannoplankton, Foraminiferen und Dinozysten); vgl. u. a. Köthe, A. (2005): Korrelation der Dinozysten-Zonen mit anderen biostratigraphisch wichtigen Zonierungen im Tertiär Norddeutschlands. – Revue de Paléobiologie 24 (2): 697-718</a12d>
      </section-3>
   <section-4>
         <a13a>Astruper Mergelgrube, Osnabrück, Deutschland</a13a>
         <a13b/>
         <a13c>http://vocab.getty.edu/tgn/7005252</a13c>
         <skos:prefLabel xmlns:skos="http://www.w3.org/2004/02/skos/core#">Osnabrück</skos:prefLabel>
         <xml:lang>de</xml:lang>
         <gvp:parentString xmlns:gvp="http://vocab.getty.edu/ontology#">Niedersachsen, Deutschland, Europe, World</gvp:parentString>
         <wgs:lat xmlns:wgs="http://www.w3.org/2003/01/geo/wgs84_pos#">52.266667</wgs:lat>
         <wgs:long xmlns:wgs="http://www.w3.org/2003/01/geo/wgs84_pos#">8.05</wgs:long>
      </section-4>
   <section-41>
         <a14a/>
         <a14aa/>
         <a14b/>
         <a14ba>1803-12-31</a14ba>
         <a15a/>
         <a15aa/>
         <a15b/>
         <a15ba>1803-12-31</a15ba>
         <a16a>unbekannt</a16a>
         <a16b>Unbekannt (aus Bestand des Academischen Museums oder Privatsammlung Blumenbachs)</a16b>
         <a17/>
         <a12e/>
         <a12f/>
         <a12g/>
         <a12h/>
         <a12i/>
      </section-41>
   <section-5>
         <original-lit-grid>
            <original-lit-grid-iteration>
               <a18>00027: 701;
00029: 727;
00030: 735</a18>
            </original-lit-grid-iteration>
         </original-lit-grid>
         <original-desc-grid>
            <original-desc-grid-iteration>
               <a19>00139: 18;
00453: 147</a19>
            </original-desc-grid-iteration>
         </original-desc-grid>
         <original-image-grid>
            <original-image-grid-iteration>
               <a20>00139: Taf. 1, Fig. 4;
00453: Taf. 1, Fig. 4</a20>
            </original-image-grid-iteration>
         </original-image-grid>
         <secondary-lit-grid>
            <secondary-lit-grid-iteration>
               <a22>Dunker (1847: 129), Sandberger (1863: 384), Speyer (1864: 321), v. Koenen (1867: 151, Taf. 14, Fig. 1b; 1868: 224; 1894: 1339), Lienenklaus (1891: 92), Harder (1913: 43), Albrecht &amp; Valk (1943: 15), Görges (1957: 122-123), García Ramos (2006: 25, 29, 32-33, Fig. 2)</a22>
               <a23>Holotypus durch Monotypie</a23>
            </secondary-lit-grid-iteration>
         </secondary-lit-grid>
         <brief-mentioned-grid>
            <brief-mentioned-grid-iteration>
               <f4/>
            </brief-mentioned-grid-iteration>
         </brief-mentioned-grid>
         <f5/>
         <f8/>
      </section-5>
   <section-6>
         <mineral-authority-grid>
            <mineral-authority-grid-iteration>
               <a9d/>
            </mineral-authority-grid-iteration>
         </mineral-authority-grid>
      </section-6>
   <section-7>
         <a24a>Georg-August-Universität Göttingen, Geowissenschaftliches Zentrum, Museum, Sammlungen Geopark</a24a>
         <a24b>UNI Gö, Geowissenschaftliches Zentrum, Museum, Magazin Geologie/Paläontologie, Raum 16-025, Historische Sammlung</a24b>
         <a27/>
         <a28>die Rechte für die digitalen 2D-Einzelaufnahmen liegen beim Geowissenschaftlichen Museum Göttingen, GZG</a28>
         <f2a>M. Reich, A. Böhme, A. Gehler, N. Schäfer</f2a>
         <f2b>2010-05-04</f2b>
         <f3a>N. Schäfer</f3a>
         <f3b>2017-01-16</f3b>
      </section-7>
   <section-8>
         <b1/>
         <b2/>
         <b3b/>
         <b3d/>
         <b4a/>
         <b4aa/>
         <b4b/>
         <b4c/>
         <b4ca/>
         <b4d/>
         <b5/>
         <b6/>
         <b7a>H=35 [mm]
B=55 [mm]
L=70 [mm]
</b7a>
         <b8>G=139.9 [g]
</b8>
         <a21>ja</a21>
      </section-8>
   <section-9>
         <f1/>
         <b9a>nicht vorhanden</b9a>
         <b9b/>
         <b10a>sehr gut</b10a>
         <b10b/>
         <b11a>nein</b11a>
         <b11b/>
         <b11c/>
      </section-9>
   <section-10>
         <c1>2</c1>
         <c2>1</c2>
         <etikett-grid1>
            <a10>Terebratulites grandis
aus der Astruper Mergel-
grube im Osnabrückischen</a10>
            <c3>isoliert</c3>
            <c4>B=63 [mm]
L=49 [mm]
</c4>
            <c5>Handschrift von Blumenbach</c5>
            <c6a>gut</c6a>
            <c6b/>
            <c7a>nein</c7a>
         </etikett-grid1>
         <etikett-grid1>
            <a10>Osnabrück</a10>
            <c3>direkt auf dem Stück (Stielklappe) angebracht</c3>
            <c4>L=0,9; B=2,6</c4>
            <c5>Handschrift von Blumenbach</c5>
            <c6a>mäßig</c6a>
            <c6b>bereits eingerissen und sich vom Stück lösend</c6b>
            <c7a>ja</c7a>
         </etikett-grid1>
      </section-10>
   <section-11>
         <objekttext-grid1>
            <a11>nicht vorhanden</a11>
            <d1/>
            <d2/>
            <d3a/>
            <d3b/>
         </objekttext-grid1>
      </section-11>
   <section-12>
         <number-grid1>
            <a4>nicht vorhanden</a4>
            <e1/>
            <e2/>
            <e3/>
            <e4a/>
            <e4b/>
            <e5a/>
         </number-grid1>
      </section-12>
</form>