<root>
  <item>
    <label>Phanerozoikum</label>
    <type>Äonothem</type>
    <Alterspan>(0–541.0)</Alterspan>
    <End>0</End>
    <Begin>541</Begin>
    <sortalbegin>-541</sortalbegin>
    <sortalend>0</sortalend>
  </item>
  <item>
    <label>Känozoikum</label>
    <type>Ärathem</type>
    <Alterspan>(0–66.0)</Alterspan>
    <End>0</End>
    <Begin>66</Begin>
    <sortalbegin>-66</sortalbegin>
    <sortalend>0</sortalend>
  </item>
  <item>
    <label>Quartär</label>
    <type>System</type>
    <Alterspan>(0–2.58)</Alterspan>
    <End>0</End>
    <Begin>2.58</Begin>
    <sortalbegin>-2.58</sortalbegin>
    <sortalend>0</sortalend>
  </item>
  <item>
    <label>Holozän</label>
    <type>Serie</type>
    <Alterspan>(0–0.0117)</Alterspan>
    <End>0</End>
    <Begin>0.0117</Begin>
    <sortalbegin>-0.0117</sortalbegin>
    <sortalend>0</sortalend>
  </item>
  <item>
    <label>Pleistozän</label>
    <type>Serie</type>
    <Alterspan>(0.0117–2.58)</Alterspan>
    <End>0.0117</End>
    <Begin>2.58</Begin>
    <sortalbegin>-2.58</sortalbegin>
    <sortalend>-0.0117</sortalend>
  </item>
  <item>
    <label>Tarantium[OberesPleistozän,Jungpleistozän]</label>
    <type>Stufe</type>
    <Alterspan>(0.0117–0.126)</Alterspan>
    <End>0.0117</End>
    <Begin>0.126</Begin>
    <sortalbegin>-0.126</sortalbegin>
    <sortalend>-0.0117</sortalend>
  </item>
  <item>
    <label>Ionium[Mittelpleistozän]</label>
    <type>Stufe</type>
    <Alterspan>(0.126–0.781)</Alterspan>
    <End>0.126</End>
    <Begin>0.781</Begin>
    <sortalbegin>-0.781</sortalbegin>
    <sortalend>-0.126</sortalend>
  </item>
  <item>
    <label>Unterpleistozän[FrühesPleistozän]</label>
    <type>Stufe</type>
    <Alterspan>(0.781–2.58)</Alterspan>
    <End>0.781</End>
    <Begin>2.58</Begin>
    <sortalbegin>-2.58</sortalbegin>
    <sortalend>-0.781</sortalend>
  </item>
  <item>
    <label>Calabrium[Altpleistozän]</label>
    <type>Stufe</type>
    <Alterspan>(0.781–1.80)</Alterspan>
    <End>0.781</End>
    <Begin>1.8</Begin>
    <sortalbegin>-1.8</sortalbegin>
    <sortalend>-0.781</sortalend>
  </item>
  <item>
    <label>Gelasium</label>
    <type>Stufe</type>
    <Alterspan>(1.80–2.58)</Alterspan>
    <End>1.8</End>
    <Begin>2.58</Begin>
    <sortalbegin>-2.58</sortalbegin>
    <sortalend>-1.8</sortalend>
  </item>
  <item>
    <label>Tertiär</label>
    <type>System</type>
    <Alterspan>(2.58–66.0)</Alterspan>
    <End>2.58</End>
    <Begin>66</Begin>
    <sortalbegin>-66</sortalbegin>
    <sortalend>-2.58</sortalend>
  </item>
  <item>
    <label>Neogen</label>
    <type>System</type>
    <Alterspan>(2.58–23.03)</Alterspan>
    <End>2.58</End>
    <Begin>23.03</Begin>
    <sortalbegin>-23.03</sortalbegin>
    <sortalend>-2.58</sortalend>
  </item>
  <item>
    <label>Pliozän</label>
    <type>Serie</type>
    <Alterspan>(2.58–5.33)</Alterspan>
    <End>2.58</End>
    <Begin>5.33</Begin>
    <sortalbegin>-5.33</sortalbegin>
    <sortalend>-2.58</sortalend>
  </item>
  <item>
    <label>Piacenzium</label>
    <type>Stufe</type>
    <Alterspan>(2.58–3.60)</Alterspan>
    <End>2.58</End>
    <Begin>3.6</Begin>
    <sortalbegin>-3.6</sortalbegin>
    <sortalend>-2.58</sortalend>
  </item>
  <item>
    <label>Zancleum</label>
    <type>Stufe</type>
    <Alterspan>(3.60–5.33)</Alterspan>
    <End>3.6</End>
    <Begin>5.33</Begin>
    <sortalbegin>-5.33</sortalbegin>
    <sortalend>-3.6</sortalend>
  </item>
  <item>
    <label>Miozän</label>
    <type>Serie</type>
    <Alterspan>(5.33–23.03)</Alterspan>
    <End>5.33</End>
    <Begin>23.03</Begin>
    <sortalbegin>-23.03</sortalbegin>
    <sortalend>-5.33</sortalend>
  </item>
  <item>
    <label>Messinium</label>
    <type>Stufe</type>
    <Alterspan>(5.33–7.25)</Alterspan>
    <End>5.33</End>
    <Begin>7.25</Begin>
    <sortalbegin>-7.25</sortalbegin>
    <sortalend>-5.33</sortalend>
  </item>
  <item>
    <label>Tortonium</label>
    <type>Stufe</type>
    <Alterspan>(7.25–11.63)</Alterspan>
    <End>7.25</End>
    <Begin>11.63</Begin>
    <sortalbegin>-11.63</sortalbegin>
    <sortalend>-7.25</sortalend>
  </item>
  <item>
    <label>Serravallium</label>
    <type>Stufe</type>
    <Alterspan>(11.63–13.82)</Alterspan>
    <End>11.63</End>
    <Begin>13.82</Begin>
    <sortalbegin>-13.82</sortalbegin>
    <sortalend>-11.63</sortalend>
  </item>
  <item>
    <label>Langhium</label>
    <type>Stufe</type>
    <Alterspan>(13.82–15.97)</Alterspan>
    <End>13.82</End>
    <Begin>15.97</Begin>
    <sortalbegin>-15.97</sortalbegin>
    <sortalend>-13.82</sortalend>
  </item>
  <item>
    <label>Burdigalium</label>
    <type>Stufe</type>
    <Alterspan>(15.97–20.44)</Alterspan>
    <End>15.97</End>
    <Begin>20.44</Begin>
    <sortalbegin>-20.44</sortalbegin>
    <sortalend>-15.97</sortalend>
  </item>
  <item>
    <label>Aquitanium</label>
    <type>Stufe</type>
    <Alterspan>(20.44–23.03)</Alterspan>
    <End>20.44</End>
    <Begin>23.03</Begin>
    <sortalbegin>-23.03</sortalbegin>
    <sortalend>-20.44</sortalend>
  </item>
  <item>
    <label>Paläogen</label>
    <type>System</type>
    <Alterspan>(23.03–66.0)</Alterspan>
    <End>23.03</End>
    <Begin>66</Begin>
    <sortalbegin>-66</sortalbegin>
    <sortalend>-23.03</sortalend>
  </item>
  <item>
    <label>Oligozän</label>
    <type>Serie</type>
    <Alterspan>(23.03–33.9)</Alterspan>
    <End>23.03</End>
    <Begin>33.9</Begin>
    <sortalbegin>-33.9</sortalbegin>
    <sortalend>-23.03</sortalend>
  </item>
  <item>
    <label>Chattium</label>
    <type>Stufe</type>
    <Alterspan>(23.03–28.1)</Alterspan>
    <End>23.03</End>
    <Begin>28.1</Begin>
    <sortalbegin>-28.1</sortalbegin>
    <sortalend>-23.03</sortalend>
  </item>
  <item>
    <label>Rupelium</label>
    <type>Stufe</type>
    <Alterspan>(28.1–33.9)</Alterspan>
    <End>28.1</End>
    <Begin>33.9</Begin>
    <sortalbegin>-33.9</sortalbegin>
    <sortalend>-28.1</sortalend>
  </item>
  <item>
    <label>Eozän</label>
    <type>Serie</type>
    <Alterspan>(33.9–56.0)</Alterspan>
    <End>33.9</End>
    <Begin>56</Begin>
    <sortalbegin>-56</sortalbegin>
    <sortalend>-33.9</sortalend>
  </item>
  <item>
    <label>Priabonium</label>
    <type>Stufe</type>
    <Alterspan>(33.9–37.8)</Alterspan>
    <End>33.9</End>
    <Begin>37.8</Begin>
    <sortalbegin>-37.8</sortalbegin>
    <sortalend>-33.9</sortalend>
  </item>
  <item>
    <label>Bartonium</label>
    <type>Stufe</type>
    <Alterspan>(37.8–41.2)</Alterspan>
    <End>37.8</End>
    <Begin>41.2</Begin>
    <sortalbegin>-41.2</sortalbegin>
    <sortalend>-37.8</sortalend>
  </item>
  <item>
    <label>Lutetium</label>
    <type>Stufe</type>
    <Alterspan>(41.2–47.8)</Alterspan>
    <End>41.2</End>
    <Begin>47.8</Begin>
    <sortalbegin>-47.8</sortalbegin>
    <sortalend>-41.2</sortalend>
  </item>
  <item>
    <label>Ypresium</label>
    <type>Stufe</type>
    <Alterspan>(47.8–56.0)</Alterspan>
    <End>47.8</End>
    <Begin>56</Begin>
    <sortalbegin>-56</sortalbegin>
    <sortalend>-47.8</sortalend>
  </item>
  <item>
    <label>Paläozän</label>
    <type>Serie</type>
    <Alterspan>(56.0–66.0)</Alterspan>
    <End>56</End>
    <Begin>66</Begin>
    <sortalbegin>-66</sortalbegin>
    <sortalend>-56</sortalend>
  </item>
  <item>
    <label>Thanetium</label>
    <type>Stufe</type>
    <Alterspan>(56.0–59.2)</Alterspan>
    <End>56</End>
    <Begin>59.2</Begin>
    <sortalbegin>-59.2</sortalbegin>
    <sortalend>-56</sortalend>
  </item>
  <item>
    <label>Seelandium</label>
    <type>Stufe</type>
    <Alterspan>(59.2–61.6)</Alterspan>
    <End>59.2</End>
    <Begin>61.6</Begin>
    <sortalbegin>-61.6</sortalbegin>
    <sortalend>-59.2</sortalend>
  </item>
  <item>
    <label>Danium</label>
    <type>Stufe</type>
    <Alterspan>(61.6–66.0)</Alterspan>
    <End>61.6</End>
    <Begin>66</Begin>
    <sortalbegin>-66</sortalbegin>
    <sortalend>-61.6</sortalend>
  </item>
  <item>
    <label>Mesozoikum</label>
    <type>Ärathem</type>
    <Alterspan>(66.0–251.9)</Alterspan>
    <End>66</End>
    <Begin>251.9</Begin>
    <sortalbegin>-251.9</sortalbegin>
    <sortalend>-66</sortalend>
  </item>
  <item>
    <label>Kreide</label>
    <type>System</type>
    <Alterspan>(66.0–145.0)</Alterspan>
    <End>66</End>
    <Begin>145</Begin>
    <sortalbegin>-145</sortalbegin>
    <sortalend>-66</sortalend>
  </item>
  <item>
    <label>Oberkreide</label>
    <type>Serie</type>
    <Alterspan>(66.0–100.5)</Alterspan>
    <End>66</End>
    <Begin>100.5</Begin>
    <sortalbegin>-100.5</sortalbegin>
    <sortalend>-66</sortalend>
  </item>
  <item>
    <label>Maastrichtium</label>
    <type>Stufe</type>
    <Alterspan>(66.0–72.1)</Alterspan>
    <End>66</End>
    <Begin>72.1</Begin>
    <sortalbegin>-72.1</sortalbegin>
    <sortalend>-66</sortalend>
  </item>
  <item>
    <label>Campanium</label>
    <type>Stufe</type>
    <Alterspan>(72.1–83.6)</Alterspan>
    <End>72.1</End>
    <Begin>83.6</Begin>
    <sortalbegin>-83.6</sortalbegin>
    <sortalend>-72.1</sortalend>
  </item>
  <item>
    <label>Santonium</label>
    <type>Stufe</type>
    <Alterspan>(83.6–86.3)</Alterspan>
    <End>83.6</End>
    <Begin>86.3</Begin>
    <sortalbegin>-86.3</sortalbegin>
    <sortalend>-83.6</sortalend>
  </item>
  <item>
    <label>Coniacium</label>
    <type>Stufe</type>
    <Alterspan>(86.3–89.8)</Alterspan>
    <End>86.3</End>
    <Begin>89.8</Begin>
    <sortalbegin>-89.8</sortalbegin>
    <sortalend>-86.3</sortalend>
  </item>
  <item>
    <label>Turonium</label>
    <type>Stufe</type>
    <Alterspan>(89.8–93.9)</Alterspan>
    <End>89.8</End>
    <Begin>93.9</Begin>
    <sortalbegin>-93.9</sortalbegin>
    <sortalend>-89.8</sortalend>
  </item>
  <item>
    <label>Cenomanium</label>
    <type>Stufe</type>
    <Alterspan>(93.9–100.5)</Alterspan>
    <End>93.9</End>
    <Begin>100.5</Begin>
    <sortalbegin>-100.5</sortalbegin>
    <sortalend>-93.9</sortalend>
  </item>
  <item>
    <label>Unterkreide</label>
    <type>Serie</type>
    <Alterspan>(100.5–145.0)</Alterspan>
    <End>100.5</End>
    <Begin>145</Begin>
    <sortalbegin>-145</sortalbegin>
    <sortalend>-100.5</sortalend>
  </item>
  <item>
    <label>Albium</label>
    <type>Stufe</type>
    <Alterspan>(100.5–113.0)</Alterspan>
    <End>100.5</End>
    <Begin>113</Begin>
    <sortalbegin>-113</sortalbegin>
    <sortalend>-100.5</sortalend>
  </item>
  <item>
    <label>Aptium</label>
    <type>Stufe</type>
    <Alterspan>(113.0–125.0)</Alterspan>
    <End>113</End>
    <Begin>125</Begin>
    <sortalbegin>-125</sortalbegin>
    <sortalend>-113</sortalend>
  </item>
  <item>
    <label>Barrêmium</label>
    <type>Stufe</type>
    <Alterspan>(125.0–129.4)</Alterspan>
    <End>125</End>
    <Begin>129.4</Begin>
    <sortalbegin>-129.4</sortalbegin>
    <sortalend>-125</sortalend>
  </item>
  <item>
    <label>Hauterivium</label>
    <type>Stufe</type>
    <Alterspan>(129.4–132.9)</Alterspan>
    <End>129.4</End>
    <Begin>132.9</Begin>
    <sortalbegin>-132.9</sortalbegin>
    <sortalend>-129.4</sortalend>
  </item>
  <item>
    <label>Valanginium</label>
    <type>Stufe</type>
    <Alterspan>(132.9–139.8)</Alterspan>
    <End>132.9</End>
    <Begin>139.8</Begin>
    <sortalbegin>-139.8</sortalbegin>
    <sortalend>-132.9</sortalend>
  </item>
  <item>
    <label>Berriasium</label>
    <type>Stufe</type>
    <Alterspan>(139.8–145.0)</Alterspan>
    <End>139.8</End>
    <Begin>145</Begin>
    <sortalbegin>-145</sortalbegin>
    <sortalend>-139.8</sortalend>
  </item>
  <item>
    <label>Jura</label>
    <type>System</type>
    <Alterspan>(145.0–201.3)</Alterspan>
    <End>145</End>
    <Begin>201.3</Begin>
    <sortalbegin>-201.3</sortalbegin>
    <sortalend>-145</sortalend>
  </item>
  <item>
    <label>Oberjura[Malm,WeißerJura]</label>
    <type>Serie</type>
    <Alterspan>(145.0–163.5)</Alterspan>
    <End>145</End>
    <Begin>163.5</Begin>
    <sortalbegin>-163.5</sortalbegin>
    <sortalend>-145</sortalend>
  </item>
  <item>
    <label>Tithonium</label>
    <type>Stufe</type>
    <Alterspan>(145.0–152.1)</Alterspan>
    <End>145</End>
    <Begin>152.1</Begin>
    <sortalbegin>-152.1</sortalbegin>
    <sortalend>-145</sortalend>
  </item>
  <item>
    <label>Kimmeridgium</label>
    <type>Stufe</type>
    <Alterspan>(152.1–157.3)</Alterspan>
    <End>152.1</End>
    <Begin>157.3</Begin>
    <sortalbegin>-157.3</sortalbegin>
    <sortalend>-152.1</sortalend>
  </item>
  <item>
    <label>Oxfordium</label>
    <type>Stufe</type>
    <Alterspan>(157.3–163.5)</Alterspan>
    <End>157.3</End>
    <Begin>163.5</Begin>
    <sortalbegin>-163.5</sortalbegin>
    <sortalend>-157.3</sortalend>
  </item>
  <item>
    <label>Mitteljura[Dogger,BraunerJura]</label>
    <type>Serie</type>
    <Alterspan>(163.5–174.1)</Alterspan>
    <End>163.5</End>
    <Begin>174.1</Begin>
    <sortalbegin>-174.1</sortalbegin>
    <sortalend>-163.5</sortalend>
  </item>
  <item>
    <label>Callovium</label>
    <type>Stufe</type>
    <Alterspan>(163.5–166.1)</Alterspan>
    <End>163.5</End>
    <Begin>166.1</Begin>
    <sortalbegin>-166.1</sortalbegin>
    <sortalend>-163.5</sortalend>
  </item>
  <item>
    <label>Bathonium</label>
    <type>Stufe</type>
    <Alterspan>(166.1–168.3)</Alterspan>
    <End>166.1</End>
    <Begin>168.3</Begin>
    <sortalbegin>-168.3</sortalbegin>
    <sortalend>-166.1</sortalend>
  </item>
  <item>
    <label>Bajocium</label>
    <type>Stufe</type>
    <Alterspan>(168.3–170.3)</Alterspan>
    <End>168.3</End>
    <Begin>170.3</Begin>
    <sortalbegin>-170.3</sortalbegin>
    <sortalend>-168.3</sortalend>
  </item>
  <item>
    <label>Aalenium</label>
    <type>Stufe</type>
    <Alterspan>(170.3–174.1)</Alterspan>
    <End>170.3</End>
    <Begin>174.1</Begin>
    <sortalbegin>-174.1</sortalbegin>
    <sortalend>-170.3</sortalend>
  </item>
  <item>
    <label>Unterjura[Lias,SchwarzerJura]</label>
    <type>Serie</type>
    <Alterspan>(174.1–201.3)</Alterspan>
    <End>174.1</End>
    <Begin>201.3</Begin>
    <sortalbegin>-201.3</sortalbegin>
    <sortalend>-174.1</sortalend>
  </item>
  <item>
    <label>Toarcium</label>
    <type>Stufe</type>
    <Alterspan>(174.1–182.7)</Alterspan>
    <End>174.1</End>
    <Begin>182.7</Begin>
    <sortalbegin>-182.7</sortalbegin>
    <sortalend>-174.1</sortalend>
  </item>
  <item>
    <label>Pliensbachium</label>
    <type>Stufe</type>
    <Alterspan>(182.7–190.8)</Alterspan>
    <End>182.7</End>
    <Begin>190.8</Begin>
    <sortalbegin>-190.8</sortalbegin>
    <sortalend>-182.7</sortalend>
  </item>
  <item>
    <label>Sinemurium</label>
    <type>Stufe</type>
    <Alterspan>(190.8–199.3)</Alterspan>
    <End>190.8</End>
    <Begin>199.3</Begin>
    <sortalbegin>-199.3</sortalbegin>
    <sortalend>-190.8</sortalend>
  </item>
  <item>
    <label>Hettangium</label>
    <type>Stufe</type>
    <Alterspan>(199.3–201.3)</Alterspan>
    <End>199.3</End>
    <Begin>201.3</Begin>
    <sortalbegin>-201.3</sortalbegin>
    <sortalend>-199.3</sortalend>
  </item>
  <item>
    <label>Trias</label>
    <type>System</type>
    <Alterspan>(201.3–251.9)</Alterspan>
    <End>201.3</End>
    <Begin>251.9</Begin>
    <sortalbegin>-251.9</sortalbegin>
    <sortalend>-201.3</sortalend>
  </item>
  <item>
    <label>Obertrias</label>
    <type>Serie</type>
    <Alterspan>(201.3–237.0)</Alterspan>
    <End>201.3</End>
    <Begin>237</Begin>
    <sortalbegin>-237</sortalbegin>
    <sortalend>-201.3</sortalend>
  </item>
  <item>
    <label>Keuper(Obertrias)</label>
    <type>Serie</type>
    <Alterspan>(201.3–240.0)</Alterspan>
    <End>201.3</End>
    <Begin>240</Begin>
    <sortalbegin>-240</sortalbegin>
    <sortalend>-201.3</sortalend>
  </item>
  <item>
    <label>Rhaetium</label>
    <type>Stufe</type>
    <Alterspan>(201.3–208.5)</Alterspan>
    <End>201.3</End>
    <Begin>208.5</Begin>
    <sortalbegin>-208.5</sortalbegin>
    <sortalend>-201.3</sortalend>
  </item>
  <item>
    <label>Norium</label>
    <type>Stufe</type>
    <Alterspan>(208.5–227.0)</Alterspan>
    <End>208.5</End>
    <Begin>227</Begin>
    <sortalbegin>-227</sortalbegin>
    <sortalend>-208.5</sortalend>
  </item>
  <item>
    <label>Karnium</label>
    <type>Stufe</type>
    <Alterspan>(227.0–237.0)</Alterspan>
    <End>227</End>
    <Begin>237</Begin>
    <sortalbegin>-237</sortalbegin>
    <sortalend>-227</sortalend>
  </item>
  <item>
    <label>Mitteltrias</label>
    <type>Serie</type>
    <Alterspan>(237.0–247.2)</Alterspan>
    <End>237</End>
    <Begin>247.2</Begin>
    <sortalbegin>-247.2</sortalbegin>
    <sortalend>-237</sortalend>
  </item>
  <item>
    <label>Muschelkalk(Mitteltrias)</label>
    <type>Serie</type>
    <Alterspan>(240.0–245.9)</Alterspan>
    <End>240</End>
    <Begin>245.9</Begin>
    <sortalbegin>-245.9</sortalbegin>
    <sortalend>-240</sortalend>
  </item>
  <item>
    <label>Ladinium</label>
    <type>Stufe</type>
    <Alterspan>(237.0–242.0)</Alterspan>
    <End>237</End>
    <Begin>242</Begin>
    <sortalbegin>-242</sortalbegin>
    <sortalend>-237</sortalend>
  </item>
  <item>
    <label>Anisium</label>
    <type>Stufe</type>
    <Alterspan>(242.0–247.2)</Alterspan>
    <End>242</End>
    <Begin>247.2</Begin>
    <sortalbegin>-247.2</sortalbegin>
    <sortalend>-242</sortalend>
  </item>
  <item>
    <label>Untertrias</label>
    <type>Serie</type>
    <Alterspan>(247.2–251.902)</Alterspan>
    <End>247.2</End>
    <Begin>251.902</Begin>
    <sortalbegin>-251.902</sortalbegin>
    <sortalend>-247.2</sortalend>
  </item>
  <item>
    <label>Buntsandstein(Untertrias)</label>
    <type>Serie</type>
    <Alterspan>(245.9–251.9)</Alterspan>
    <End>245.9</End>
    <Begin>251.9</Begin>
    <sortalbegin>-251.9</sortalbegin>
    <sortalend>-245.9</sortalend>
  </item>
  <item>
    <label>Olenekium</label>
    <type>Stufe</type>
    <Alterspan>(247.2–251.2)</Alterspan>
    <End>247.2</End>
    <Begin>251.2</Begin>
    <sortalbegin>-251.2</sortalbegin>
    <sortalend>-247.2</sortalend>
  </item>
  <item>
    <label>Indusium</label>
    <type>Stufe</type>
    <Alterspan>(251.2–251.9)</Alterspan>
    <End>251.2</End>
    <Begin>251.9</Begin>
    <sortalbegin>-251.9</sortalbegin>
    <sortalend>-251.2</sortalend>
  </item>
  <item>
    <label>Paläozoikum</label>
    <type>Ärathem</type>
    <Alterspan>(251.9–541.0)</Alterspan>
    <End>251.9</End>
    <Begin>541</Begin>
    <sortalbegin>-541</sortalbegin>
    <sortalend>-251.9</sortalend>
  </item>
  <item>
    <label>Perm</label>
    <type>System</type>
    <Alterspan>(251.9–298.9)</Alterspan>
    <End>251.9</End>
    <Begin>298.9</Begin>
    <sortalbegin>-298.9</sortalbegin>
    <sortalend>-251.9</sortalend>
  </item>
  <item>
    <label>Zechstein</label>
    <type>Serie</type>
    <Alterspan>(251.0–257.3)</Alterspan>
    <End>251</End>
    <Begin>257.3</Begin>
    <sortalbegin>-257.3</sortalbegin>
    <sortalend>-251</sortalend>
  </item>
  <item>
    <label>Lopingium</label>
    <type>Serie</type>
    <Alterspan>(251.9–259.1)</Alterspan>
    <End>251.9</End>
    <Begin>259.1</Begin>
    <sortalbegin>-259.1</sortalbegin>
    <sortalend>-251.9</sortalend>
  </item>
  <item>
    <label>Changhsingium</label>
    <type>Stufe</type>
    <Alterspan>(251.9–254.1)</Alterspan>
    <End>251.9</End>
    <Begin>254.1</Begin>
    <sortalbegin>-254.1</sortalbegin>
    <sortalend>-251.9</sortalend>
  </item>
  <item>
    <label>Wuchiapingium</label>
    <type>Stufe</type>
    <Alterspan>(254.1–259.1)</Alterspan>
    <End>254.1</End>
    <Begin>259.1</Begin>
    <sortalbegin>-259.1</sortalbegin>
    <sortalend>-254.1</sortalend>
  </item>
  <item>
    <label>Rotliegend</label>
    <type>Serie</type>
    <Alterspan>(257.3–302.0)</Alterspan>
    <End>257.3</End>
    <Begin>302</Begin>
    <sortalbegin>-302</sortalbegin>
    <sortalend>-257.3</sortalend>
  </item>
  <item>
    <label>Guadalupium</label>
    <type>Serie</type>
    <Alterspan>(259.1–272.9)</Alterspan>
    <End>259.1</End>
    <Begin>272.9</Begin>
    <sortalbegin>-272.9</sortalbegin>
    <sortalend>-259.1</sortalend>
  </item>
  <item>
    <label>Capitanium</label>
    <type>Stufe</type>
    <Alterspan>(259.1–265.1)</Alterspan>
    <End>259.1</End>
    <Begin>265.1</Begin>
    <sortalbegin>-265.1</sortalbegin>
    <sortalend>-259.1</sortalend>
  </item>
  <item>
    <label>Wordium</label>
    <type>Stufe</type>
    <Alterspan>(265.1–268.8)</Alterspan>
    <End>265.1</End>
    <Begin>268.8</Begin>
    <sortalbegin>-268.8</sortalbegin>
    <sortalend>-265.1</sortalend>
  </item>
  <item>
    <label>Roadium</label>
    <type>Stufe</type>
    <Alterspan>(268.8–272.9)</Alterspan>
    <End>268.8</End>
    <Begin>272.9</Begin>
    <sortalbegin>-272.9</sortalbegin>
    <sortalend>-268.8</sortalend>
  </item>
  <item>
    <label>Cisuralium</label>
    <type>Serie</type>
    <Alterspan>(272.9–298.9)</Alterspan>
    <End>272.9</End>
    <Begin>298.9</Begin>
    <sortalbegin>-298.9</sortalbegin>
    <sortalend>-272.9</sortalend>
  </item>
  <item>
    <label>Kungurium</label>
    <type>Stufe</type>
    <Alterspan>(272.9–283.5)</Alterspan>
    <End>272.9</End>
    <Begin>283.5</Begin>
    <sortalbegin>-283.5</sortalbegin>
    <sortalend>-272.9</sortalend>
  </item>
  <item>
    <label>Artinskium</label>
    <type>Stufe</type>
    <Alterspan>(283.5–290.1)</Alterspan>
    <End>283.5</End>
    <Begin>290.1</Begin>
    <sortalbegin>-290.1</sortalbegin>
    <sortalend>-283.5</sortalend>
  </item>
  <item>
    <label>Sakmarium</label>
    <type>Stufe</type>
    <Alterspan>(290.1–295.0)</Alterspan>
    <End>290.1</End>
    <Begin>295</Begin>
    <sortalbegin>-295</sortalbegin>
    <sortalend>-290.1</sortalend>
  </item>
  <item>
    <label>Asselium</label>
    <type>Stufe</type>
    <Alterspan>(295.0–298.9)</Alterspan>
    <End>295</End>
    <Begin>298.9</Begin>
    <sortalbegin>-298.9</sortalbegin>
    <sortalend>-295</sortalend>
  </item>
  <item>
    <label>Karbon</label>
    <type>System</type>
    <Alterspan>(298.9–358.9)</Alterspan>
    <End>298.9</End>
    <Begin>358.9</Begin>
    <sortalbegin>-358.9</sortalbegin>
    <sortalend>-298.9</sortalend>
  </item>
  <item>
    <label>Pennsylvanium</label>
    <type>Serie</type>
    <Alterspan>(298.9–323.2)</Alterspan>
    <End>298.9</End>
    <Begin>323.2</Begin>
    <sortalbegin>-323.2</sortalbegin>
    <sortalend>-298.9</sortalend>
  </item>
  <item>
    <label>Gzhelium</label>
    <type>Stufe</type>
    <Alterspan>(298.9–303.7)</Alterspan>
    <End>298.9</End>
    <Begin>303.7</Begin>
    <sortalbegin>-303.7</sortalbegin>
    <sortalend>-298.9</sortalend>
  </item>
  <item>
    <label>Kasimovium</label>
    <type>Stufe</type>
    <Alterspan>(303.7–307.0)</Alterspan>
    <End>303.7</End>
    <Begin>307</Begin>
    <sortalbegin>-307</sortalbegin>
    <sortalend>-303.7</sortalend>
  </item>
  <item>
    <label>Moskovium</label>
    <type>Stufe</type>
    <Alterspan>(307.0–315.2)</Alterspan>
    <End>307</End>
    <Begin>315.2</Begin>
    <sortalbegin>-315.2</sortalbegin>
    <sortalend>-307</sortalend>
  </item>
  <item>
    <label>Bashkirium</label>
    <type>Stufe</type>
    <Alterspan>(315.2–323.2)</Alterspan>
    <End>315.2</End>
    <Begin>323.2</Begin>
    <sortalbegin>-323.2</sortalbegin>
    <sortalend>-315.2</sortalend>
  </item>
  <item>
    <label>Mississippium</label>
    <type>Serie</type>
    <Alterspan>(323.2–358.9)</Alterspan>
    <End>323.2</End>
    <Begin>358.9</Begin>
    <sortalbegin>-358.9</sortalbegin>
    <sortalend>-323.2</sortalend>
  </item>
  <item>
    <label>Serpukhovium</label>
    <type>Stufe</type>
    <Alterspan>(323.2–330.9)</Alterspan>
    <End>323.2</End>
    <Begin>330.9</Begin>
    <sortalbegin>-330.9</sortalbegin>
    <sortalend>-323.2</sortalend>
  </item>
  <item>
    <label>Viséum</label>
    <type>Stufe</type>
    <Alterspan>(330.9–346.7)</Alterspan>
    <End>330.9</End>
    <Begin>346.7</Begin>
    <sortalbegin>-346.7</sortalbegin>
    <sortalend>-330.9</sortalend>
  </item>
  <item>
    <label>Tournaisium</label>
    <type>Stufe</type>
    <Alterspan>(346.7–358.9)</Alterspan>
    <End>346.7</End>
    <Begin>358.9</Begin>
    <sortalbegin>-358.9</sortalbegin>
    <sortalend>-346.7</sortalend>
  </item>
  <item>
    <label>Devon</label>
    <type>System</type>
    <Alterspan>(358.9–419.2)</Alterspan>
    <End>358.9</End>
    <Begin>419.2</Begin>
    <sortalbegin>-419.2</sortalbegin>
    <sortalend>-358.9</sortalend>
  </item>
  <item>
    <label>Oberdevon</label>
    <type>Serie</type>
    <Alterspan>(358.9–382.7)</Alterspan>
    <End>358.9</End>
    <Begin>382.7</Begin>
    <sortalbegin>-382.7</sortalbegin>
    <sortalend>-358.9</sortalend>
  </item>
  <item>
    <label>Famennium</label>
    <type>Stufe</type>
    <Alterspan>(358.9–372.2)</Alterspan>
    <End>358.9</End>
    <Begin>372.2</Begin>
    <sortalbegin>-372.2</sortalbegin>
    <sortalend>-358.9</sortalend>
  </item>
  <item>
    <label>Frasnium</label>
    <type>Stufe</type>
    <Alterspan>(372.2–382.7)</Alterspan>
    <End>372.2</End>
    <Begin>382.7</Begin>
    <sortalbegin>-382.7</sortalbegin>
    <sortalend>-372.2</sortalend>
  </item>
  <item>
    <label>Mitteldevon</label>
    <type>Serie</type>
    <Alterspan>(382.7–393.3)</Alterspan>
    <End>382.7</End>
    <Begin>393.3</Begin>
    <sortalbegin>-393.3</sortalbegin>
    <sortalend>-382.7</sortalend>
  </item>
  <item>
    <label>Givetium</label>
    <type>Stufe</type>
    <Alterspan>(382.7–387.7)</Alterspan>
    <End>382.7</End>
    <Begin>387.7</Begin>
    <sortalbegin>-387.7</sortalbegin>
    <sortalend>-382.7</sortalend>
  </item>
  <item>
    <label>Eifelium</label>
    <type>Stufe</type>
    <Alterspan>(387.7–393.3)</Alterspan>
    <End>387.7</End>
    <Begin>393.3</Begin>
    <sortalbegin>-393.3</sortalbegin>
    <sortalend>-387.7</sortalend>
  </item>
  <item>
    <label>Unterdevon</label>
    <type>Serie</type>
    <Alterspan>(393.3–419.2)</Alterspan>
    <End>393.3</End>
    <Begin>419.2</Begin>
    <sortalbegin>-419.2</sortalbegin>
    <sortalend>-393.3</sortalend>
  </item>
  <item>
    <label>Emsium</label>
    <type>Stufe</type>
    <Alterspan>(393.3–407.6)</Alterspan>
    <End>393.3</End>
    <Begin>407.6</Begin>
    <sortalbegin>-407.6</sortalbegin>
    <sortalend>-393.3</sortalend>
  </item>
  <item>
    <label>Pragium</label>
    <type>Stufe</type>
    <Alterspan>(407.6–410.8)</Alterspan>
    <End>407.6</End>
    <Begin>410.8</Begin>
    <sortalbegin>-410.8</sortalbegin>
    <sortalend>-407.6</sortalend>
  </item>
  <item>
    <label>Lochkovium</label>
    <type>Stufe</type>
    <Alterspan>(410.8–419.2)</Alterspan>
    <End>410.8</End>
    <Begin>419.2</Begin>
    <sortalbegin>-419.2</sortalbegin>
    <sortalend>-410.8</sortalend>
  </item>
  <item>
    <label>Silur</label>
    <type>System</type>
    <Alterspan>(419.2–443.8)</Alterspan>
    <End>419.2</End>
    <Begin>443.8</Begin>
    <sortalbegin>-443.8</sortalbegin>
    <sortalend>-419.2</sortalend>
  </item>
  <item>
    <label>Pridolium</label>
    <type>Serie</type>
    <Alterspan>(419.2–423.0)</Alterspan>
    <End>419.2</End>
    <Begin>423</Begin>
    <sortalbegin>-423</sortalbegin>
    <sortalend>-419.2</sortalend>
  </item>
  <item>
    <label>Ludlow</label>
    <type>Serie</type>
    <Alterspan>(423.0–427.4)</Alterspan>
    <End>423</End>
    <Begin>427.4</Begin>
    <sortalbegin>-427.4</sortalbegin>
    <sortalend>-423</sortalend>
  </item>
  <item>
    <label>Ludfordium</label>
    <type>Stufe</type>
    <Alterspan>(423.0–425.6)</Alterspan>
    <End>423</End>
    <Begin>425.6</Begin>
    <sortalbegin>-425.6</sortalbegin>
    <sortalend>-423</sortalend>
  </item>
  <item>
    <label>Gorstium</label>
    <type>Stufe</type>
    <Alterspan>(425.6–427.4)</Alterspan>
    <End>425.6</End>
    <Begin>427.4</Begin>
    <sortalbegin>-427.4</sortalbegin>
    <sortalend>-425.6</sortalend>
  </item>
  <item>
    <label>Wenlock</label>
    <type>Serie</type>
    <Alterspan>(427.4–433.4)</Alterspan>
    <End>427.4</End>
    <Begin>433.4</Begin>
    <sortalbegin>-433.4</sortalbegin>
    <sortalend>-427.4</sortalend>
  </item>
  <item>
    <label>Homerium</label>
    <type>Stufe</type>
    <Alterspan>(427.4–430.5)</Alterspan>
    <End>427.4</End>
    <Begin>430.5</Begin>
    <sortalbegin>-430.5</sortalbegin>
    <sortalend>-427.4</sortalend>
  </item>
  <item>
    <label>Sheinwoodium</label>
    <type>Stufe</type>
    <Alterspan>(430.5–433.4)</Alterspan>
    <End>430.5</End>
    <Begin>433.4</Begin>
    <sortalbegin>-433.4</sortalbegin>
    <sortalend>-430.5</sortalend>
  </item>
  <item>
    <label>Llandovery</label>
    <type>Serie</type>
    <Alterspan>(433.4–443.8)</Alterspan>
    <End>433.4</End>
    <Begin>443.8</Begin>
    <sortalbegin>-443.8</sortalbegin>
    <sortalend>-433.4</sortalend>
  </item>
  <item>
    <label>Telychium</label>
    <type>Stufe</type>
    <Alterspan>(433.4–438.5)</Alterspan>
    <End>433.4</End>
    <Begin>438.5</Begin>
    <sortalbegin>-438.5</sortalbegin>
    <sortalend>-433.4</sortalend>
  </item>
  <item>
    <label>Aeronium</label>
    <type>Stufe</type>
    <Alterspan>(438.5–440.8)</Alterspan>
    <End>438.5</End>
    <Begin>440.8</Begin>
    <sortalbegin>-440.8</sortalbegin>
    <sortalend>-438.5</sortalend>
  </item>
  <item>
    <label>Rhuddanium</label>
    <type>Stufe</type>
    <Alterspan>(440.8–443.8)</Alterspan>
    <End>440.8</End>
    <Begin>443.8</Begin>
    <sortalbegin>-443.8</sortalbegin>
    <sortalend>-440.8</sortalend>
  </item>
  <item>
    <label>Ordovizium</label>
    <type>System</type>
    <Alterspan>(443.8–485.4)</Alterspan>
    <End>443.8</End>
    <Begin>485.4</Begin>
    <sortalbegin>-485.4</sortalbegin>
    <sortalend>-443.8</sortalend>
  </item>
  <item>
    <label>Oberordovizium</label>
    <type>Serie</type>
    <Alterspan>(443.8–458.4)</Alterspan>
    <End>443.8</End>
    <Begin>458.4</Begin>
    <sortalbegin>-458.4</sortalbegin>
    <sortalend>-443.8</sortalend>
  </item>
  <item>
    <label>Hirnantium</label>
    <type>Stufe</type>
    <Alterspan>(443.8–445.2)</Alterspan>
    <End>443.8</End>
    <Begin>445.2</Begin>
    <sortalbegin>-445.2</sortalbegin>
    <sortalend>-443.8</sortalend>
  </item>
  <item>
    <label>Katium</label>
    <type>Stufe</type>
    <Alterspan>(445.2–453.0)</Alterspan>
    <End>445.2</End>
    <Begin>453</Begin>
    <sortalbegin>-453</sortalbegin>
    <sortalend>-445.2</sortalend>
  </item>
  <item>
    <label>Sandbium</label>
    <type>Stufe</type>
    <Alterspan>(453.0–458.4)</Alterspan>
    <End>453</End>
    <Begin>458.4</Begin>
    <sortalbegin>-458.4</sortalbegin>
    <sortalend>-453</sortalend>
  </item>
  <item>
    <label>Mittelordovizium</label>
    <type>Serie</type>
    <Alterspan>(458.4–470.0)</Alterspan>
    <End>458.4</End>
    <Begin>470</Begin>
    <sortalbegin>-470</sortalbegin>
    <sortalend>-458.4</sortalend>
  </item>
  <item>
    <label>Darriwilium</label>
    <type>Stufe</type>
    <Alterspan>(458.4–467.3)</Alterspan>
    <End>458.4</End>
    <Begin>467.3</Begin>
    <sortalbegin>-467.3</sortalbegin>
    <sortalend>-458.4</sortalend>
  </item>
  <item>
    <label>Dapingium</label>
    <type>Stufe</type>
    <Alterspan>(467.3–470.0)</Alterspan>
    <End>467.3</End>
    <Begin>470</Begin>
    <sortalbegin>-470</sortalbegin>
    <sortalend>-467.3</sortalend>
  </item>
  <item>
    <label>Unterordovizium</label>
    <type>Serie</type>
    <Alterspan>(470.0–485.4)</Alterspan>
    <End>470</End>
    <Begin>485.4</Begin>
    <sortalbegin>-485.4</sortalbegin>
    <sortalend>-470</sortalend>
  </item>
  <item>
    <label>Floium</label>
    <type>Stufe</type>
    <Alterspan>(470.0–477.7)</Alterspan>
    <End>470</End>
    <Begin>477.7</Begin>
    <sortalbegin>-477.7</sortalbegin>
    <sortalend>-470</sortalend>
  </item>
  <item>
    <label>Tremadocium</label>
    <type>Stufe</type>
    <Alterspan>(477.7–485.4)</Alterspan>
    <End>477.7</End>
    <Begin>485.4</Begin>
    <sortalbegin>-485.4</sortalbegin>
    <sortalend>-477.7</sortalend>
  </item>
  <item>
    <label>Kambrium</label>
    <type>System</type>
    <Alterspan>(485.4–541.0)</Alterspan>
    <End>485.4</End>
    <Begin>541</Begin>
    <sortalbegin>-541</sortalbegin>
    <sortalend>-485.4</sortalend>
  </item>
  <item>
    <label>Furongium</label>
    <type>Serie</type>
    <Alterspan>(485.4–497.0)</Alterspan>
    <End>485.4</End>
    <Begin>497</Begin>
    <sortalbegin>-497</sortalbegin>
    <sortalend>-485.4</sortalend>
  </item>
  <item>
    <label>10.Stufe</label>
    <type>Stufe</type>
    <Alterspan>(485.4–489.5)</Alterspan>
    <End>485.4</End>
    <Begin>489.5</Begin>
    <sortalbegin>-489.5</sortalbegin>
    <sortalend>-485.4</sortalend>
  </item>
  <item>
    <label>Jiangshanium</label>
    <type>Stufe</type>
    <Alterspan>(489.5–494.0)</Alterspan>
    <End>489.5</End>
    <Begin>494</Begin>
    <sortalbegin>-494</sortalbegin>
    <sortalend>-489.5</sortalend>
  </item>
  <item>
    <label>Paibium</label>
    <type>Stufe</type>
    <Alterspan>(494.0–497.0)</Alterspan>
    <End>494</End>
    <Begin>497</Begin>
    <sortalbegin>-497</sortalbegin>
    <sortalend>-494</sortalend>
  </item>
  <item>
    <label>3.Serie</label>
    <type>Serie</type>
    <Alterspan>(497.0–509.0)</Alterspan>
    <End>497</End>
    <Begin>509</Begin>
    <sortalbegin>-509</sortalbegin>
    <sortalend>-497</sortalend>
  </item>
  <item>
    <label>Guzhangium</label>
    <type>Stufe</type>
    <Alterspan>(497.0–500.5)</Alterspan>
    <End>497</End>
    <Begin>500.5</Begin>
    <sortalbegin>-500.5</sortalbegin>
    <sortalend>-497</sortalend>
  </item>
  <item>
    <label>Drumium</label>
    <type>Stufe</type>
    <Alterspan>(500.5–504.5)</Alterspan>
    <End>500.5</End>
    <Begin>504.5</Begin>
    <sortalbegin>-504.5</sortalbegin>
    <sortalend>-500.5</sortalend>
  </item>
  <item>
    <label>5.Stufe</label>
    <type>Stufe</type>
    <Alterspan>(504.5–509.0)</Alterspan>
    <End>504.5</End>
    <Begin>509</Begin>
    <sortalbegin>-509</sortalbegin>
    <sortalend>-504.5</sortalend>
  </item>
  <item>
    <label>2.Serie</label>
    <type>Serie</type>
    <Alterspan>(509.0–521.0)</Alterspan>
    <End>509</End>
    <Begin>521</Begin>
    <sortalbegin>-521</sortalbegin>
    <sortalend>-509</sortalend>
  </item>
  <item>
    <label>4.Stufe</label>
    <type>Stufe</type>
    <Alterspan>(509.0–514.0)</Alterspan>
    <End>509</End>
    <Begin>514</Begin>
    <sortalbegin>-514</sortalbegin>
    <sortalend>-509</sortalend>
  </item>
  <item>
    <label>3.Stufe</label>
    <type>Stufe</type>
    <Alterspan>(514.0–521.0)</Alterspan>
    <End>514</End>
    <Begin>521</Begin>
    <sortalbegin>-521</sortalbegin>
    <sortalend>-514</sortalend>
  </item>
  <item>
    <label>Terreneuvium</label>
    <type>Serie</type>
    <Alterspan>(521.0–541.0)</Alterspan>
    <End>521</End>
    <Begin>541</Begin>
    <sortalbegin>-541</sortalbegin>
    <sortalend>-521</sortalend>
  </item>
  <item>
    <label>2.Stufe</label>
    <type>Stufe</type>
    <Alterspan>(521.0–529.0)</Alterspan>
    <End>521</End>
    <Begin>529</Begin>
    <sortalbegin>-529</sortalbegin>
    <sortalend>-521</sortalend>
  </item>
  <item>
    <label>Fortunium</label>
    <type>Stufe</type>
    <Alterspan>(529.0–541.0)</Alterspan>
    <End>529</End>
    <Begin>541</Begin>
    <sortalbegin>-541</sortalbegin>
    <sortalend>-529</sortalend>
  </item>
  <item>
    <label>Präkambrium</label>
    <type>Informalle</type>
    <Alterspan>(541.0–4600)</Alterspan>
    <End>541</End>
    <Begin>4600</Begin>
    <sortalbegin>-4600</sortalbegin>
    <sortalend>-541</sortalend>
  </item>
  <item>
    <label>Proterozoikum</label>
    <type>Äonothem</type>
    <Alterspan>(541.0–2500)</Alterspan>
    <End>541</End>
    <Begin>2500</Begin>
    <sortalbegin>-2500</sortalbegin>
    <sortalend>-541</sortalend>
  </item>
  <item>
    <label>Neoproterozoikum</label>
    <type>Ärathem</type>
    <Alterspan>(541.0–1000)</Alterspan>
    <End>541</End>
    <Begin>1000</Begin>
    <sortalbegin>-1000</sortalbegin>
    <sortalend>-541</sortalend>
  </item>
  <item>
    <label>Ediacarium</label>
    <type>System</type>
    <Alterspan>(541.0–635)</Alterspan>
    <End>541</End>
    <Begin>635</Begin>
    <sortalbegin>-635</sortalbegin>
    <sortalend>-541</sortalend>
  </item>
  <item>
    <label>Cryogenium</label>
    <type>System</type>
    <Alterspan>(635–720)</Alterspan>
    <End>635</End>
    <Begin>720</Begin>
    <sortalbegin>-720</sortalbegin>
    <sortalend>-635</sortalend>
  </item>
  <item>
    <label>Tonium</label>
    <type>System</type>
    <Alterspan>(720–1000)</Alterspan>
    <End>720</End>
    <Begin>1000</Begin>
    <sortalbegin>-1000</sortalbegin>
    <sortalend>-720</sortalend>
  </item>
  <item>
    <label>Mesoproterozoikum</label>
    <type>Ärathem</type>
    <Alterspan>(1000–1600)</Alterspan>
    <End>1000</End>
    <Begin>1600</Begin>
    <sortalbegin>-1600</sortalbegin>
    <sortalend>-1000</sortalend>
  </item>
  <item>
    <label>Stenium</label>
    <type>System</type>
    <Alterspan>(1000–1200)</Alterspan>
    <End>1000</End>
    <Begin>1200</Begin>
    <sortalbegin>-1200</sortalbegin>
    <sortalend>-1000</sortalend>
  </item>
  <item>
    <label>Ectasium</label>
    <type>System</type>
    <Alterspan>(1200–1400)</Alterspan>
    <End>1200</End>
    <Begin>1400</Begin>
    <sortalbegin>-1400</sortalbegin>
    <sortalend>-1200</sortalend>
  </item>
  <item>
    <label>Calymmium</label>
    <type>System</type>
    <Alterspan>(1400–1600)</Alterspan>
    <End>1400</End>
    <Begin>1600</Begin>
    <sortalbegin>-1600</sortalbegin>
    <sortalend>-1400</sortalend>
  </item>
  <item>
    <label>Paläoproterozoikum</label>
    <type>Ärathem</type>
    <Alterspan>(1600–2500)</Alterspan>
    <End>1600</End>
    <Begin>2500</Begin>
    <sortalbegin>-2500</sortalbegin>
    <sortalend>-1600</sortalend>
  </item>
  <item>
    <label>Satherium</label>
    <type>System</type>
    <Alterspan>(1600–1800)</Alterspan>
    <End>1600</End>
    <Begin>1800</Begin>
    <sortalbegin>-1800</sortalbegin>
    <sortalend>-1600</sortalend>
  </item>
  <item>
    <label>Orosirium</label>
    <type>System</type>
    <Alterspan>(1800–2050)</Alterspan>
    <End>1800</End>
    <Begin>2050</Begin>
    <sortalbegin>-2050</sortalbegin>
    <sortalend>-1800</sortalend>
  </item>
  <item>
    <label>Rhyacium</label>
    <type>System</type>
    <Alterspan>(2050–2300)</Alterspan>
    <End>2050</End>
    <Begin>2300</Begin>
    <sortalbegin>-2300</sortalbegin>
    <sortalend>-2050</sortalend>
  </item>
  <item>
    <label>Siderium</label>
    <type>System</type>
    <Alterspan>(2300–2500)</Alterspan>
    <End>2300</End>
    <Begin>2500</Begin>
    <sortalbegin>-2500</sortalbegin>
    <sortalend>-2300</sortalend>
  </item>
  <item>
    <label>Archaikum</label>
    <type>Äonothem</type>
    <Alterspan>(2500–4000)</Alterspan>
    <End>2500</End>
    <Begin>4000</Begin>
    <sortalbegin>-4000</sortalbegin>
    <sortalend>-2500</sortalend>
  </item>
  <item>
    <label>Neoarchaikum</label>
    <type>Ärathem</type>
    <Alterspan>(2500–2800)</Alterspan>
    <End>2500</End>
    <Begin>2800</Begin>
    <sortalbegin>-2800</sortalbegin>
    <sortalend>-2500</sortalend>
  </item>
  <item>
    <label>Mesoarchaikum</label>
    <type>Ärathem</type>
    <Alterspan>(2800–3200)</Alterspan>
    <End>2800</End>
    <Begin>3200</Begin>
    <sortalbegin>-3200</sortalbegin>
    <sortalend>-2800</sortalend>
  </item>
  <item>
    <label>Paläoarchaikum</label>
    <type>Ärathem</type>
    <Alterspan>(3200–3600)</Alterspan>
    <End>3200</End>
    <Begin>3600</Begin>
    <sortalbegin>-3600</sortalbegin>
    <sortalend>-3200</sortalend>
  </item>
  <item>
    <label>Eoarchaikum</label>
    <type>Ärathem</type>
    <Alterspan>(3600–4000)</Alterspan>
    <End>3600</End>
    <Begin>4000</Begin>
    <sortalbegin>-4000</sortalbegin>
    <sortalend>-3600</sortalend>
  </item>
  <item>
    <label>Hadaikum</label>
    <type>Äonothem</type>
    <Alterspan>(4000–4600)</Alterspan>
    <End>4000</End>
    <Begin>4600</Begin>
    <sortalbegin>-4600</sortalbegin>
    <sortalend>-4000</sortalend>
  </item>
  <item>
    <label>unbekannt</label>
    <type>Informalle</type>
    <Alterspan/>
    <End/>
    <Begin/>
    <sortalbegin/>
    <sortalend/>
  </item>
  <item>
    <label>rezent</label>
    <type>Informalle</type>
    <Alterspan/>
    <End/>
    <Begin/>
    <sortalbegin/>
    <sortalend/>
  </item>
</root>