<form xmlns:uuid="java:java.util.UUID">
   <section-1>
         <a0>Salles (Steinmeteorit)</a0>
         <a8>Aërolith</a8>
         <a2>GZG.HST.</a2>
         <a3>0.345b</a3>
         <b12a>0.345a-d</b12a>
         <a5>506; 4.24.10.1</a5>
         <a6>4</a6>
      </section-1>
   <section-2>
         <z1>http://purl.org/vocab/blumenbach#Meteoritenkunde</z1>
         <a1>Meteoritenkunde</a1>
         <a7a>Meteorite: Steinmeteorite: Gewöhnliche Chondrite: L5</a7a>
         <a7b>Meteorite: Steinmeteorite: Gewöhnliche Chondrite: L5</a7b>
         <a9a>L5-Chondrit</a9a>
         <a9b/>
         <a9c>Sales; Villefranche</a9c>
         <a26>Naturalia</a26>
      </section-2>
   <section-3>
         <a12a>Hadaikum (4000 - 4600)</a12a>
         <a12aa>Hadaikum (4000 - 4600)</a12aa>
         <a12b>Fall am 12. März 1798, 18:00 Uhr</a12b>
         <a12c/>
         <a12d/>
      </section-3>
   <section-4>
         <a13a>Salles, Rhone - France - Europe - World</a13a>
         <a13b>46° 3` 0`` N
 4° 38` 0`` E
 </a13b>
         <a13c/>
         <place/>
         <lang/>
         <parentString/>
         <lat/>
         <long/>
      </section-4>
   <section-41>
         <a14a/>
         <a14aa/>
         <a14b>1798-03-13</a14b>
         <a14ba>1798-03-13</a14ba>
         <a15a>Biot, Jean Baptiste (1774-1862)</a15a>
         <a15aa>cnp01261362</a15aa>
         <a15b>1798-03-13</a15b>
         <a15ba/>
         <a16a>vermutlich Geschenk</a16a>
         <a16b>Unbekannt (aus Bestand des Academischen Museums oder Privatsammlung Blumenbachs)</a16b>
         <a17/>
         <a12e>Beobachteter Fall</a12e>
         <a12f/>
         <a12g/>
         <a12h/>
         <a12i/>
      </section-41>
   <section-5>
         <original-lit-grid>
            <original-lit-grid-iteration>
               <a18/>
            </original-lit-grid-iteration>
         </original-lit-grid>
         <original-desc-grid>
            <original-desc-grid-iteration>
               <a19/>
            </original-desc-grid-iteration>
         </original-desc-grid>
         <original-image-grid>
            <original-image-grid-iteration>
               <a20/>
            </original-image-grid-iteration>
         </original-image-grid>
         <secondary-lit-grid>
            <secondary-lit-grid-iteration>
               <a22>Drée, E. de (1803): Account and Description of a Stone which fell from the Clouds in the Commune of Sales, near Ville-Franche, in the Department of the Rhone. – Tilloch’s Philosophical Magazine 16: 217-224.</a22>
               <a23/>
            </secondary-lit-grid-iteration>
         </secondary-lit-grid>
         <f4/>
         <f5/>
         <f8/>
      </section-5>
   <section-6>
         <mineral-authority-grid>
            <mineral-authority-grid-iteration>
               <a9d>http://www.lpi.usra.edu/meteor/metbull.php?code=23111</a9d>
            </mineral-authority-grid-iteration>
         </mineral-authority-grid>
      </section-6>
   <section-7>
         <a24a>Georg-August-Universität Göttingen, Geowissenschaftliches Zentrum, Museum, Sammlungen Geopark</a24a>
         <a24b>UNI Gö, Geowissenschaftliches Zentrum, Museum, Magazin Geologie/Paläontologie, Raum 16-025, Historische Sammlung</a24b>
         <a27/>
         <a28>die Rechte für die digitalen 2D-Einzelaufnahmen liegen beim Geowissenschaftlichen Museum Göttingen, GZG</a28>
         <f2a>A. Gehler, N. Schäfer</f2a>
         <f2b>2013-01-29</f2b>
         <f3a>N. Schäfer</f3a>
         <f3b>2016-06-07</f3b>
      </section-7>
   <section-8>
         <b1>Fragment ohne Kruste</b1>
         <b2/>
         <b3b/>
         <b3d/>
         <b4a/>
         <b4aa/>
         <b4b/>
         <b4c/>
         <b4ca/>
         <b4d/>
         <b5/>
         <b6/>
         <b7a/>
         <b8/>
         <a21>nein</a21>
      </section-8>
   <section-9>
         <f1/>
         <b9a>in Glasröhrchen mit Korken</b9a>
         <b9b/>
         <b10a>gut</b10a>
         <b10b>frühere Gewichtsangaben:
Wöhler (1864, 1865, 1868, 1870, 1874): 1g (1 Fragment)
Klein (1879): 0.9g (1Fragment)
Koritnig (1962): 1,2g (3 Fragmente)</b10b>
         <b11a>nein</b11a>
         <b11b/>
         <b11c/>
      </section-9>
   <section-10>
         <c1>1</c1>
         <c2>9</c2>
         <etikett-grid1>
            <a10>                                   en
von dem 20 lb schwer
Aërolithen der d. 17. M[Fehlstelle]
1798 bey Sales Dept. zu Rhone
gefallen. (erhalten v. H. Biot.)
              0,92 Grm.

</a10>
            <c3>isoliert</c3>
            <c4/>
            <c5>Handschrift Blumenbachs</c5>
            <c6a>mäßig</c6a>
            <c6b>mehrere Fehlstellen, möglicherweise durch Schädlingsfraß</c6b>
            <c7a>ja</c7a>
         </etikett-grid1>
      </section-10>
   <section-11>
         <objekttext-grid1>
            <a11>nicht vorhanden</a11>
            <d1/>
            <d2/>
            <d3a/>
            <d3b/>
         </objekttext-grid1>
      </section-11>
   <section-12>
         <number-grid1>
            <a4>nicht vorhanden</a4>
            <e1/>
            <e2/>
            <e3/>
            <e4a/>
            <e4b/>
            <e5a/>
         </number-grid1>
      </section-12>
</form>