<form><section-1><classCode-scheme.taxon>0079</classCode-scheme.taxon><classCode-biblNr.n>00770.01</classCode-biblNr.n><title-n>4</title-n><classCode-scheme.cat-idno>II.4.X.2</classCode-scheme.cat-idno><classCode-scheme.cat-text>Allgemeine Literatur-Zeitung. Intelligenzblatt</classCode-scheme.cat-text></section-1><section-7><Titel>Allgemeine Literatur-Zeitung. Intelligenzblatt</Titel><TitleTypeJournal>true</TitleTypeJournal></section-7><section-10><pubPlace>Halle, S.</pubPlace><name>Schwetschke ; Leibzig [i.e. Leipzig] : Churfürstl. Sächs. Zeitungsexpedition</name><date>1787-1849</date></section-10><section-14><repository>SUB Göttingen</repository><repository-idno>4 EPH LIT 196/5</repository-idno></section-14></form>