<form xmlns:uuid="java:java.util.UUID">
   <section-1>
         <a0>Mensch (Grieche) [Schädel]</a0>
         <a8>alter Grieche; Veteris Graeci</a8>
         <a2>AIG</a2>
         <a3>502</a3>
         <b12a>502</b12a>
         <a5>9b; 319; 121</a5>
         <a6>1</a6>
      </section-1>
   <section-2>
         <z1>http://purl.org/vocab/blumenbach#Anatomie und Anthropologie</z1>
         <a1>Anatomie, Anthropologie</a1>
         <a7a>Mammalia: Hominidae: Homo</a7a>
         <a7b>Säugetiere: Menschenaffen: Menschen</a7b>
         <a9a>&lt;i&gt;Homo sapiens&lt;/i&gt;</a9a>
         <a9b>Mensch
</a9b>
         <a9c/>
         <a26>Naturalia</a26>
      </section-2>
   <section-3>
         <a12a>subrezent</a12a>
         <a12aa>subrezent</a12aa>
         <a12b/>
         <a12c/>
         <a12d/>
      </section-3>
   <section-4>
         <a13a>Athen, Periféreia Protevoúsis - Ellás - Europe - World</a13a>
         <a13b>38° 00\' 00\'\' N, 023° 44\' 00\'\' E</a13b>
         <a13c>http://vocab.getty.edu/tgn/7001393</a13c>
         <gvp:prefLabel xmlns:gvp="http://vocab.getty.edu/ontology#">Athen</gvp:prefLabel>
         <xml:lang>de</xml:lang>
         <gvp:parentString xmlns:gvp="http://vocab.getty.edu/ontology#">Periféreia Protevoúsis, Ellás, Europe, World</gvp:parentString>
         <wgs:lat xmlns:wgs="http://www.w3.org/2003/01/geo/wgs84_pos#">37.983333</wgs:lat>
         <wgs:long xmlns:wgs="http://www.w3.org/2003/01/geo/wgs84_pos#">23.733333</wgs:long>
      </section-4>
   <section-41>
         <a14a/>
         <a14aa/>
         <a14b/>
         <a14ba/>
         <a15a>Ludwig I., König von Bayern (1786-1868)</a15a>
         <a15aa>cnp00872459</a15aa>
         <a15b>1818-03-14</a15b>
         <a15ba>1818-12-31</a15ba>
         <a16a>Geschenk</a16a>
         <a16b>1840 (aus Privatsammlung Blumenbachs)</a16b>
         <a17>aus der Vasensammlung des Bischofs zu Nola, vgl. Brief von Kronprinz Ludwig an Blumenbach vom 14. März 1818</a17>
         <a12e/>
         <a12f/>
         <a12g/>
         <a12h/>
         <a12i/>
      </section-41>
   <section-5>
         <original-lit-grid>
            <original-lit-grid-iteration>
               <a18/>
            </original-lit-grid-iteration>
         </original-lit-grid>
         <original-desc-grid>
            <original-desc-grid-iteration>
               <a19>00097: 5ff;
Spengel (1877): 22f;
Thiersch (1927): 68ff

</a19>
            </original-desc-grid-iteration>
         </original-desc-grid>
         <original-image-grid>
            <original-image-grid-iteration>
               <a20>00097: Taf. 51


</a20>
            </original-image-grid-iteration>
         </original-image-grid>
         <secondary-lit-grid>
            <secondary-lit-grid-iteration>
               <a22>Spengel, J.W. (1877): Die von Blumenbach gegründete anthropologische Sammlung der Universität Göttingen. Aufgenommen im Jahre 1874. [In:] Schaafhausen, H. (Hrsg.): Die Anthropologischen Sammlungen Deutschlands. Ein Verzeichnis des in Deutschland vorhandenen anthropologischen Materials. Nach dem Beschluss der Deutschen Anthropologischen Gesellschaft zusammengestellt unter der Leitung des Vorsitzenden der zu diesem Zwecke ernannten Commission, H. Schaaffhausen. II. Göttingen. VI + 91 S. Braunschweig (Vieweg und Sohn).;

Thiersch, H. (1927): Ludwig I. von Bayern und die Georgia Augusta. 156 S. Berlin (Weidmannsche Buchhandlung).
</a22>
               <a23/>
            </secondary-lit-grid-iteration>
         </secondary-lit-grid>
         <f4/>
         <f5/>
         <f8/>
      </section-5>
   <section-6>
         <mineral-authority-grid>
            <mineral-authority-grid-iteration>
               <a9d/>
            </mineral-authority-grid-iteration>
         </mineral-authority-grid>
      </section-6>
   <section-7>
         <a24a>Georg-August-Universität Göttingen, Medizinische Fakultät, Zentrum Anatomie (Blumenbachsche Schädelsammlung)</a24a>
         <a24b/>
         <a27/>
         <a28>die Rechte für die digitalen 2D-Einzelaufnahmen liegen bei der Akademie der Wissenschaften zu Göttinge</a28>
         <f2a>L. Numberger-Thuy, M. Schultz, A. Gehler, N. Schäfer
</f2a>
         <f2b>2011-05-29</f2b>
         <f3a>N. Schäfer</f3a>
         <f3b>2017-04-05</f3b>
      </section-7>
   <section-8>
         <b1>Schädel
</b1>
         <b2/>
         <b3b/>
         <b3d/>
         <b4a>männlich</b4a>
         <b4aa>40-50</b4aa>
         <b4b/>
         <b4c/>
         <b4ca/>
         <b4d>Griechenland
</b4d>
         <b5/>
         <b6/>
         <b7a/>
         <b8>G=630.3 [g]
</b8>
         <a21>nein</a21>
      </section-8>
   <section-9>
         <f1>Grieche; Schädel aus einem im Jahr 1790 augegrabenen antiken Grab; Blumenbach Sammlung Nr. 502 (319); übermittelt durch den Kronprinz Ludwig v. Bayern im Jahre 1818 (Hinweis auf Bl. Decas VI, 51)
</f1>
         <b9a/>
         <b9b/>
         <b10a>gut</b10a>
         <b10b/>
         <b11a>nein</b11a>
         <b11b/>
         <b11c/>
      </section-9>
   <section-10>
         <c1>0</c1>
         <c2>2</c2>
         <etikett-grid1>
            <a10>nicht vorhanden
</a10>
            <c3/>
            <c4/>
            <c5/>
            <c6a/>
            <c6b/>
            <c7a/>
         </etikett-grid1>
      </section-10>
   <section-11>
         <objekttext-grid1>
            <a11>nicht vorhanden
</a11>
            <d1/>
            <d2/>
            <d3a/>
            <d3b/>
         </objekttext-grid1>
      </section-11>
   <section-12>
         <number-grid1>
            <a4>nicht vorhanden
</a4>
            <e1/>
            <e2/>
            <e3/>
            <e4a>sehr gut</e4a>
            <e4b/>
            <e5a/>
         </number-grid1>
      </section-12>
</form>