<form xmlns:uuid="java:java.util.UUID">
   <section-1>
         <a0>Mensch (Finne) [Schädel]</a0>
         <a8>Finne</a8>
         <a2>AIG</a2>
         <a3>AIG.521</a3>
         <b12a>521</b12a>
         <a5>10; 42; 99; 226; 185</a5>
         <a6>1</a6>
      </section-1>
   <section-2>
         <a1>Anatomie, Anthropologie</a1>
         <a7a>Mammalia: Hominidae: Homo</a7a>
         <a7b>Säugetiere: Menschenaffen: Menschen</a7b>
         <a9a>&lt;i&gt;Homo sapiens&lt;/i&gt;</a9a>
         <a9b>Mensch</a9b>
         <a9c/>
         <a26>Naturalia</a26>
      </section-2>
   <section-3>
         <a12a>rezent</a12a>
         <a12aa>rezent</a12aa>
         <a12b/>
         <a12c/>
         <a12d/>
      </section-3>
   <section-4>
         <a13a>Sortavala, Respublika Kareliya - Rossiya - Asia - World</a13a>
         <a13b>61° 40\' 00\'\' N, 030° 40\' 00\'\' E</a13b>
         <a13c>tgn:1059630</a13c>
         <a13d/>
         <a14a/>
         <a14aa/>
         <a14b/>
         <a14ba/>
         <a15a>Reineggs, Jacob (1744-1793)</a15a>
         <a15aa>cnp00252916</a15aa>
         <a15b>1792-09-19</a15b>
         <a15ba>1792-09-19</a15ba>
         <a16a>Geschenk</a16a>
         <a16b>1840 (aus Privatsammlung Blumenbachs)</a16b>
         <a17>don. über G. T. von Asch</a17>
      </section-4>
   <section-5>
         <a18/>
         <a19>Spengel (1877): 34f</a19>
         <a20/>
         <a22>Spengel, J.W. (1877): Die von Blumenbach gegründete anthropologische Sammlung der Universität Göttingen. Aufgenommen im Jahre 1874. [In:] Schaafhausen, H. (Hrsg.): Die Anthropologischen Sammlungen Deutschlands. Ein Verzeichnis
            des in Deutschland vorhandenen anthropologischen Materials. Nach dem Beschluss der Deutschen Anthropologischen Gesellschaft zusammengestellt unter der Leitung des Vorsitzenden der zu diesem Zwecke ernannten Commission, H.
            Schaaffhausen. II. Göttingen. VI + 91 S. Braunschweig (Vieweg und Sohn).</a22>
         <a23/>
         <f4/>
         <f5/>
         <f8/>
      </section-5>
   <section-6>
         <a9d/>
      </section-6>
   <section-7>
         <a24a>Georg-August-Universität Göttingen, Medizinische Fakultät, Zentrum Anatomie (Blumenbachsche Schädelsammlung)</a24a>
         <a24b/>
         <a27/>
         <a28>die Rechte für die digitalen 2D-Einzelaufnahmen liegen bei der Akademie der Wissenschaften zu Göttingen</a28>
         <f2a>L. Numberger-Thuy, M. Schultz, A. Gehler, N. Schäfer</f2a>
         <f2b>2012-09-14</f2b>
         <f3a>N. Schäfer</f3a>
         <f3b>2017-01-17</f3b>
      </section-7>
   <section-8>
         <b1>Schädel mit Unterkiefer</b1>
         <b2/>
         <b3b/>
         <b3d/>
         <b4a>männlich</b4a>
         <b4aa>18-20</b4aa>
         <b4b/>
         <b4c/>
         <b4ca/>
         <b4d/>
         <b5/>
         <b6>nach Spengel (1877) vielleicht weiblich</b6>
         <b7a/>
         <b8>G=574.4 [g] </b8>
      </section-8>
   <section-9>
         <f1>Text der Karteikarte: Krt. Nr. 521 Finne, b) Bl. 1792 Von Coll.- R. Reineggs durch Baron v. Asch Ort: Serdovala alte Sign.: 226 </f1>
         <b9a/>
         <b9b/>
         <b10a>gut</b10a>
         <b10b/>
         <b11a>nein</b11a>
         <b11b/>
         <b11c/>
      </section-9>
   <section-10>
         <c1>0</c1>
         <c2>3</c2>
         <etikett-grid1>
            <a10>nicht vorhanden</a10>
            <c3/>
            <c4/>
            <c5/>
            <c6a/>
            <c6b/>
            <c7a/>
         </etikett-grid1>
      </section-10>
   <section-11>
         <objekttext-grid1>
            <a11>42</a11>
            <d1>Schädel, rechts </d1>
            <d2/>
            <d3a>gut</d3a>
            <d3b/>
         </objekttext-grid1>
         <objekttext-grid1>
            <a11>Finne</a11>
            <d1>Schädel, frontal</d1>
            <d2/>
            <d3a>mäßig</d3a>
            <d3b/>
         </objekttext-grid1>
         <objekttext-grid1>
            <a11>42.</a11>
            <d1>Unterkiefer, rechts </d1>
            <d2/>
            <d3a>gut</d3a>
            <d3b/>
         </objekttext-grid1>
      </section-11>
   <section-12>
         <number-grid1>
            <a4>42 </a4>
            <e1>Schädel, rechts </e1>
            <e2/>
            <e3/>
            <e4a>gut</e4a>
            <e4b/>
            <e5a>nein</e5a>
         </number-grid1>
         <number-grid1>
            <a4>42</a4>
            <e1>Unterkiefer, rechts </e1>
            <e2/>
            <e3/>
            <e4a>gut</e4a>
            <e4b/>
            <e5a/>
         </number-grid1>
      </section-12>
</form>