<form xmlns:uuid="java:java.util.UUID">
   <section-1>
         <a0>Koralle (Scleractinia)</a0>
         <a8/>
         <a2>GZG.HST.</a2>
         <a3>0.070</a3>
         <b12a>0.070</b12a>
         <a5/>
         <a6>1</a6>
      </section-1>
   <section-2>
         <a1>Palaeozoologie</a1>
         <a7a>Cnidaria: Anthozoa: Scleractinia</a7a>
         <a7b>Nesseltiere: Blumentiere: Steinkorallen</a7b>
         <a9a/>
         <a9b/>
         <a9c/>
         <a26>Naturalia</a26>
      </section-2>
   <section-3>
         <a12a>Jura (145.5 - 199.6)</a12a>
         <a12aa>Kreide (65.5 - 145.5)</a12aa>
         <a12b/>
         <a12c/>
         <a12d/>
      </section-3>
   <section-4>
         <a13a>Salève, Mont, Haute-Savoie - Rhône-Alpes - France - Europe - World</a13a>
         <a13b>46° 06\' 00\'\' N, 006° 08\' 00\'\' E</a13b>
         <a13c>tgn:1106285</a13c>
         <a13d/>
         <a14a/>
         <a14aa/>
         <a14b/>
         <a14ba/>
         <a15a>Luc, Jean Andre de (1727-1817)</a15a>
         <a15aa>cnp00832075</a15aa>
         <a15b/>
         <a15ba/>
         <a16a>vermutlich Geschenk</a16a>
         <a16b>Unbekannt (aus Bestand des Academischen Museums oder Privatsammlung Blumenbachs)</a16b>
         <a17/>
      </section-4>
   <section-5>
         <a18>00027: 705</a18>
         <a19/>
         <a20/>
         <a22/>
         <a23/>
         <f4/>
         <f5/>
         <f8/>
      </section-5>
   <section-6>
         <a9d/>
      </section-6>
   <section-7>
         <a24a>Georg-August-Universität Göttingen, Geowissenschaftliches Zentrum, Museum, Sammlungen &amp; Geopark</a24a>
         <a24b>UNI Gö, Geowissenschaftliches Zentrum, Museum, Magazin Geologie/Paläontologie, Raum 16-025, Historische Sammlung</a24b>
         <a27/>
         <a28>die Rechte für die digitalen 2D-Einzelaufnahmen liegen beim Geowissenschaftlichen Museum Göttingen, GZG</a28>
         <f2a>A. Gehler, N. Schäfer</f2a>
         <f2b>2013-11-12</f2b>
         <f3a>N. Schäfer</f3a>
         <f3b>2017-01-18</f3b>
      </section-7>
   <section-8>
         <b1/>
         <b2/>
         <b3b/>
         <b3d/>
         <b4a/>
         <b4aa/>
         <b4b/>
         <b4c/>
         <b4ca/>
         <b4d/>
         <b5/>
         <b6/>
         <b7a/>
         <b8/>
      </section-8>
   <section-9>
         <f1/>
         <b9a/>
         <b9b/>
         <b10a>sehr gut</b10a>
         <b10b/>
         <b11a>nein</b11a>
         <b11b/>
         <b11c/>
      </section-9>
   <section-10>
         <c1>2</c1>
         <c2>0</c2>
         <etikett-grid1>
            <a10>Saleveberg bey Genf v. Hrn DeLuc</a10>
            <c3>isoliert</c3>
            <c4/>
            <c5>Handschrift von Blumenbach</c5>
            <c6a>gut</c6a>
            <c6b>im unteren Bereich leicht wasserrandig</c6b>
            <c7a>Nein</c7a>
         </etikett-grid1>
         <etikett-grid1>
            <a10/>
            <c3>direkt auf das Stück geklebt</c3>
            <c4/>
            <c5>Schrift restlos verblasst oder nie vorhanden gewesen</c5>
            <c6a>gut</c6a>
            <c6b/>
            <c7a/>
         </etikett-grid1>
      </section-10>
   <section-11>
         <objekttext-grid1>
            <a11>1770</a11>
            <d1/>
            <d2/>
            <d3a>gut</d3a>
            <d3b>Jahreszahl?</d3b>
         </objekttext-grid1>
      </section-11>
   <section-12>
         <number-grid1>
            <a4>nicht vorhanden</a4>
            <e1/>
            <e2/>
            <e3/>
            <e4a/>
            <e4b/>
            <e5a/>
         </number-grid1>
      </section-12>
</form>