<form><textClass><classCode-scheme.RegNr-idno>0730</classCode-scheme.RegNr-idno><classCode-n>0730.00</classCode-n></textClass><titleStmt><title-type.meta>Blumenbach berichtet Joseph Banks über das große öffentliche Interesse an den von diesem gesandten naturkundlichen Sammlungsobjekten, insbesondere der Brotfrucht, in Göttingen und schickt ihm neue erschienene botanische Publikationen aus Deutschland. </title-type.meta></titleStmt><sourceDesc><title-type.source>Blumenbach berichtet Joseph Banks über das große öffentliche Interesse an den von diesem gesandten naturkundlichen Sammlungsobjekten, insbesondere der Brotfrucht, in Göttingen und schickt ihm neue erschienene botanische Publikationen aus Deutschland. </title-type.source><author-forename>Johann Friedrich</author-forename><author-surname>Blumenbach</author-surname></sourceDesc><notesStmt><note-type.Überlieferung>London, British Library, Add MS 8098, fol. 218. </note-type.Überlieferung><note-type.Drucke>Dougherty, Commercium epistolicum (1984), S. 117 KatNr. 136; Chambers, Indian and Pacific Correspondence of Sir Joseph Banks, Bd. 4 (2011), S. 214 Nr. 130; vgl. ausführl. Regest in Dawson, The Banks Letters (1958), S. 113 Nr. 29.</note-type.Drucke><note-type.Edition>Dougherty, Corresp. IV, S. 339 Nr. 0862.
                        </note-type.Edition><note-type.Werke>„Observations on some Egyptian Mummies opened in London“ (1794; Bibliographie Nr. 00992).
                            </note-type.Werke><note-type.Objekte-rs>In Spiritus konservierte Brotfrucht aus Tahiti (vgl. Blumenbachs Sammlungsverzeichnis, Göttingen, Universitätsbibliothek, Cod. Ms. Blumenbach 1, II, fol. 153).
                    </note-type.Objekte-rs><note-type.Anmerkung-note/></notesStmt><profileDesc><creation-persName-forename>Joseph</creation-persName-forename><creation-persName-surname>Banks</creation-persName-surname><event-type.origin-when>1794-06-29</event-type.origin-when><event-type.origin-note-type.abfassungsdatum-date>1794, Juni 29</event-type.origin-note-type.abfassungsdatum-date><event-type.julian-origin-when/><event-type.julian-origin-note-type.abfassungsdatum-date/><placeName-type.Abfassungsort>Göttingen</placeName-type.Abfassungsort></profileDesc><notesStmt_refs><grid-26><note-type.ref>http://www.blumenbach-online.de/fileadmin/wikiuser/Daten_Digitalisierung/Briefregesten/Sammlungskataloge/cod_ms-Blumenbach_1_II_Blumenbach_Handschriften_1794_1800_Katalog%20zur%20Naturgeschichte%20des%20Menschengeschlechts.pdf#page=311</note-type.ref><ref-type>pdf</ref-type><note-type.ref-rs>Cod. Ms. Blumenbach 1, II, fol. 153 </note-type.ref-rs></grid-26><grid-26><note-type.ref>http://www.blumenbach-online.de/fileadmin/wikiuser/Daten_Digitalisierung/Briefregesten/Sammlungskataloge/cod_ms-Blumenbach_1_II_Blumenbach_Handschriften_1794_1800_Katalog%20zur%20Naturgeschichte%20des%20Menschengeschlechts.pdf#page=312</note-type.ref><ref-type>pdf</ref-type><note-type.ref-rs>Cod. Ms. Blumenbach 1, II, fol. 153 </note-type.ref-rs></grid-26></notesStmt_refs></form>