<form xmlns:uuid="java:java.util.UUID">
   <section-1>
         <a0>Fadenhopf (&lt;i&gt;Seleucidis melanoleuca&lt;/i&gt;) (männlich)</a0>
         <a8>Paradisea alba; Weißer Paradiesvogel</a8>
         <a2>ZMG.</a2>
         <a3>o. Nr.</a3>
         <b12a>o. Nr.</b12a>
         <a5/>
         <a6>1</a6>
      </section-1>
   <section-2>
         <z1>http://purl.org/vocab/blumenbach#Zoologie</z1>
         <a1>Zoologie</a1>
         <a7a>Aves: Passeriformes: Paradisaeidae: Paradisaeinae</a7a>
         <a7b>Vögel: Sperlingsvögel: Paradiesvögel: Eigentliche Paradiesvögel</a7b>
         <a9a>&lt;i&gt;Seleucidis melanoleuca&lt;/i&gt;</a9a>
         <a9b>Fadenhopf</a9b>
         <a9c>&lt;i&gt;Paradisea alba&lt;/i&gt;; Zwölffädiger Paradiesvogel; Weißer Paradiesvogel</a9c>
         <a26>Naturalia</a26>
      </section-2>
   <section-3>
         <a12a>rezent</a12a>
         <a12aa>rezent</a12aa>
         <a12b/>
         <a12c/>
         <a12d/>
      </section-3>
   <section-4>
         <a13a>Neuguinea, Asia - World</a13a>
         <a13b>05° 00\' 00\'\' S, 140° 00\' 00\'\' E</a13b>
         <a13c>http://vocab.getty.edu/tgn/1008324</a13c>
         <gvp:prefLabel xmlns:gvp="http://vocab.getty.edu/ontology#">New Guinea</gvp:prefLabel>
         <xml:lang>und</xml:lang>
         <gvp:parentString xmlns:gvp="http://vocab.getty.edu/ontology#">Asia, World</gvp:parentString>
         <wgs:lat xmlns:wgs="http://www.w3.org/2003/01/geo/wgs84_pos#">-5</wgs:lat>
         <wgs:long xmlns:wgs="http://www.w3.org/2003/01/geo/wgs84_pos#">140</wgs:long>
      </section-4>
   <section-41>
         <a14a/>
         <a14aa/>
         <a14b/>
         <a14ba/>
         <a15a/>
         <a15aa/>
         <a15b/>
         <a15ba>1810-12-31</a15ba>
         <a16a>unbekannt</a16a>
         <a16b>Unbekannt (aus Bestand des Academischen Museums oder Privatsammlung Blumenbachs)</a16b>
         <a17/>
         <a12e/>
         <a12f/>
         <a12g/>
         <a12h/>
         <a12i/>
      </section-41>
   <section-5>
         <original-lit-grid>
            <original-lit-grid-iteration>
               <a18/>
            </original-lit-grid-iteration>
         </original-lit-grid>
         <original-desc-grid>
            <original-desc-grid-iteration>
               <a19>00147 (10): (ohne Seitenzählung, Text zu Taf. 96)</a19>
            </original-desc-grid-iteration>
         </original-desc-grid>
         <original-image-grid>
            <original-image-grid-iteration>
               <a20>00147 (10): Taf. 96</a20>
            </original-image-grid-iteration>
         </original-image-grid>
         <secondary-lit-grid>
            <secondary-lit-grid-iteration>
               <a22/>
               <a23/>
            </secondary-lit-grid-iteration>
         </secondary-lit-grid>
         <f4/>
         <f5/>
         <f8/>
      </section-5>
   <section-6>
         <mineral-authority-grid>
            <mineral-authority-grid-iteration>
               <a9d/>
            </mineral-authority-grid-iteration>
         </mineral-authority-grid>
      </section-6>
   <section-7>
         <a24a>Georg-August-Universität Göttingen, Johann-Friedrich-Blumenbach Institut für Zoologie und Anthropologie, Zoologisches Museum</a24a>
         <a24b/>
         <a27/>
         <a28>die Rechte für die digitalen 2D-Einzelaufnahmen liegen beim Geowissenschaftlichen Museum Göttingen, GZG</a28>
         <f2a>A. Gehler, N. Schäfer</f2a>
         <f2b>2014-08-13</f2b>
         <f3a>N. Schäfer</f3a>
         <f3b>2017-01-17</f3b>
      </section-7>
   <section-8>
         <b1>Alkoholpräparat, ausgetrocknet</b1>
         <b2/>
         <b3b/>
         <b3d>Beine fehlend</b3d>
         <b4a/>
         <b4aa/>
         <b4b/>
         <b4c/>
         <b4ca/>
         <b4d/>
         <b5/>
         <b6/>
         <b7a/>
         <b8/>
         <a21>nein</a21>
      </section-8>
   <section-9>
         <f1/>
         <b9a/>
         <b9b/>
         <b10a>mäßig</b10a>
         <b10b/>
         <b11a>ja</b11a>
         <b11b/>
         <b11c/>
      </section-9>
   <section-10>
         <c1/>
         <c2/>
         <etikett-grid1>
            <a10>nicht vorhanden</a10>
            <c3/>
            <c4/>
            <c5/>
            <c6a/>
            <c6b/>
            <c7a/>
         </etikett-grid1>
      </section-10>
   <section-11>
         <objekttext-grid1>
            <a11>nicht vorhanden</a11>
            <d1/>
            <d2/>
            <d3a/>
            <d3b/>
         </objekttext-grid1>
      </section-11>
   <section-12>
         <number-grid1>
            <a4>nicht vorhanden</a4>
            <e1/>
            <e2/>
            <e3/>
            <e4a/>
            <e4b/>
            <e5a/>
         </number-grid1>
      </section-12>
</form>