<form xmlns:uuid="java:java.util.UUID">
   <section-1>
         <a0>Mensch (Deutscher) [Schädel]</a0>
         <a8>alter Deutscher</a8>
         <a2>AIG</a2>
         <a3>2</a3>
         <b12a>2</b12a>
         <a5>28b; 11; 237; 64</a5>
         <a6>1</a6>
      </section-1>
   <section-2>
         <a1>Anatomie, Anthropologie</a1>
         <a7a>Mammalia: Hominidae: Homo</a7a>
         <a7b>Säugetiere: Menschenaffen: Menschen</a7b>
         <a9a>&lt;i&gt;Homo sapiens&lt;/i&gt;</a9a>
         <a9b>Mensch</a9b>
         <a9c/>
         <a26>Naturalia</a26>
      </section-2>
   <section-3>
         <a12a>rezent</a12a>
         <a12aa>rezent</a12aa>
         <a12b/>
         <a12c/>
         <a12d/>
      </section-3>
   <section-4>
         <a13a>Neuwied [OT Niederbieber], Koblenz district - Rheinland-Pfalz - Deutschland - Europe - World</a13a>
         <a13b>50° 27` 34`` N 7° 28` 7`` E </a13b>
         <a13c>tgn:7005100</a13c>
         <a13d/>
         <a14a/>
         <a14aa/>
         <a14b>1791-05-01</a14b>
         <a14ba>1791-09-30</a14ba>
         <a15a>Wied-Neuwied, Louise zu (1747-1823)</a15a>
         <a15aa/>
         <a15b>1817-01-01</a15b>
         <a15ba>1817-12-31</a15ba>
         <a16a>vermutlich Geschenk</a16a>
         <a16b>1840 (aus Privatsammlung Blumenbachs)</a16b>
         <a17/>
      </section-4>
   <section-5>
         <a18/>
         <a19>Spengel (1877): 10f</a19>
         <a20/>
         <a22>Spengel, J.W. (1877): Die von Blumenbach gegründete anthropologische Sammlung der Universität Göttingen. Aufgenommen im Jahre 1874. [In:] Schaafhausen, H. (Hrsg.): Die Anthropologischen Sammlungen Deutschlands. Ein Verzeichnis
            des in Deutschland vorhandenen anthropologischen Materials. Nach dem Beschluss der Deutschen Anthropologischen Gesellschaft zusammengestellt unter der Leitung des Vorsitzenden der zu diesem Zwecke ernannten Commission, H.
            Schaaffhausen. II. Göttingen. VI + 91 S. Braunschweig (Vieweg und Sohn).</a22>
         <a23/>
         <f4/>
         <f5>Cod. Ms. Blumenbach I, Nr. 4: 2</f5>
         <f8/>
      </section-5>
   <section-6>
         <a9d/>
      </section-6>
   <section-7>
         <a24a>Georg-August-Universität Göttingen, Medizinische Fakultät, Zentrum Anatomie (Blumenbachsche Schädelsammlung)</a24a>
         <a24b/>
         <a27/>
         <a28>die Rechte für die digitalen 2D-Einzelaufnahmen liegen bei der Akademie der Wissenschaften zu Göttingen</a28>
         <f2a>L. Numberger-Thuy, M. Schultz, A. Gehler, N. Schäfer</f2a>
         <f2b>2011-08-25</f2b>
         <f3a>N. Schäfer</f3a>
         <f3b>2017-01-19</f3b>
      </section-7>
   <section-8>
         <b1>Schädel mit Unterkiefer</b1>
         <b2/>
         <b3b/>
         <b3d/>
         <b4a/>
         <b4aa/>
         <b4b/>
         <b4c/>
         <b4ca/>
         <b4d/>
         <b5/>
         <b6/>
         <b7a/>
         <b8>G=520 [g] </b8>
      </section-8>
   <section-9>
         <f1>Krt. Nr. 2; Deutsche, 2); Bl.; v. Fürstin v. Neuwied; Ort: b. castro romano; alte Sign.:237 </f1>
         <b9a/>
         <b9b/>
         <b10a>gut</b10a>
         <b10b/>
         <b11a>nein</b11a>
         <b11b/>
         <b11c/>
      </section-9>
   <section-10>
         <c1>2</c1>
         <c2>4</c2>
         <etikett-grid1>
            <a10>Schädel, im Sommer 1791 in dem Canale, der das Wasser aus dem öffent lichen Römischen Bade im Castro Roma- no beÿ Niederbiber ableitete gefunden. Wahrscheinlich ist es ein Barbaren- kopf, der eines Franken oder Alle-
                mannen, der dort beÿ der Zerstörung des Castells unter Kaiser Gallien blieb. Aus dem Antiquitätencabinette der Frau Fürstin von Neuwied.</a10>
            <c3>Hinterhaupt, rechts; direkt auf das Objekt geklebt</c3>
            <c4>H=40 [mm] B=57 [mm] </c4>
            <c5/>
            <c6a>mäßig</c6a>
            <c6b/>
            <c7a/>
         </etikett-grid1>
         <etikett-grid1>
            <a10>Zum Schädel I gehörend.</a10>
            <c3>Unterkiefer, innen links; direkt auf das Objekt geklebt</c3>
            <c4>H=20 [mm] B=32 [mm] </c4>
            <c5/>
            <c6a>gut</c6a>
            <c6b/>
            <c7a>nein</c7a>
         </etikett-grid1>
      </section-10>
   <section-11>
         <objekttext-grid1>
            <a11>28.b</a11>
            <d1>Schädel, rechts</d1>
            <d2/>
            <d3a>gut</d3a>
            <d3b/>
         </objekttext-grid1>
         <objekttext-grid1>
            <a11>Römer 1620 [?]</a11>
            <d1>Schädel, links</d1>
            <d2/>
            <d3a>gut</d3a>
            <d3b/>
         </objekttext-grid1>
      </section-11>
   <section-12>
         <number-grid1>
            <a4>28b </a4>
            <e1>Schädel, rechts </e1>
            <e2/>
            <e3/>
            <e4a>mäßig</e4a>
            <e4b/>
            <e5a/>
         </number-grid1>
      </section-12>
</form>