<form xmlns:uuid="java:java.util.UUID">
   <section-1>
         <a0>Mensch (Guineanerin) [Schädel]</a0>
         <a8>Negerin aus Guinea; Aethiopissae Guineensis</a8>
         <a2>AIG</a2>
         <a3>665</a3>
         <b12a>665</b12a>
         <a5>64; 3; 18; 7; 305</a5>
         <a6>1</a6>
      </section-1>
   <section-2>
         <z1>http://purl.org/vocab/blumenbach#Anatomie und Anthropologie</z1>
         <a1>Anatomie, Anthropologie</a1>
         <a7a>Mammalia: Hominidae: Homo</a7a>
         <a7b>Säugetiere: Menschenaffen: Menschen</a7b>
         <a9a>&lt;i&gt;Homo sapiens&lt;/i&gt;</a9a>
         <a9b>Mensch</a9b>
         <a9c/>
         <a26>Naturalia</a26>
      </section-2>
   <section-3>
         <a12a>rezent</a12a>
         <a12aa>rezent</a12aa>
         <a12b/>
         <a12c/>
         <a12d/>
      </section-3>
   <section-4>
         <a13a>Amsterdam, Noord-Holland - Nederland - Europe - World</a13a>
         <a13b>52° 21\' 00\'\' N, 004° 54\' 00\'\' E</a13b>
         <a13c>tgn:7006952</a13c>
         <a13d/>
         <a14a/>
         <a14aa/>
         <a14b/>
         <a14ba/>
         <a15a>Geuns, Steven Jan van (1767-1795)</a15a>
         <a15aa>cnp01389994</a15aa>
         <a15b>1791-01-01</a15b>
         <a15ba>1791-12-31</a15ba>
         <a16a>Geschenk</a16a>
         <a16b>1840 (aus Privatsammlung Blumenbachs)</a16b>
         <a17>Blumenbachs Beschriftung auf dem Schädel "Rev. Geuns", würde eher auf den Bruder S. J. van Geuns, den Theologen Jan van Geuns (1764-1834) hindeuten, dagegen sprechen jedoch der handschriftliche Katalogeintrag Blumenbachs (Cod.Ms. Blumenbach I,4, fol. 2) sowie die Angabe der durch den Donator vorgenommenen Obduktion.</a17>
         <a12e/>
         <a12f/>
         <a12g/>
         <a12h/>
         <a12i/>
      </section-4>
   <section-5>
         <original-lit-grid>
            <original-lit-grid-iteration>
               <a18/>
            </original-lit-grid-iteration>
         </original-lit-grid>
         <original-desc-grid>
            <original-desc-grid-iteration>
               <a19>00093: 13f;
00008: 3; 148f; 151; 290f;
00004: XXIV; 204f; 209; 326;
Spengel (1877): 58f

</a19>
            </original-desc-grid-iteration>
         </original-desc-grid>
         <original-image-grid>
            <original-image-grid-iteration>
               <a20>00093: Taf. 19;
00008: Taf 1, Fig. 3; Taf. 2, Fig. 5;
00004: Taf 1, Fig. 3; Taf. 2, Fig. 5</a20>
            </original-image-grid-iteration>
         </original-image-grid>
         <secondary-lit-grid>
            <secondary-lit-grid-iteration>
               <a22>Spengel, J.W. (1877): Die von Blumenbach gegründete anthropologische Sammlung der Universität Göttingen. Aufgenommen im Jahre 1874. [In:] Schaafhausen, H. (Hrsg.): Die Anthropologischen Sammlungen Deutschlands. Ein Verzeichnis des in Deutschland vorhandenen anthropologischen Materials. Nach dem Beschluss der Deutschen Anthropologischen Gesellschaft zusammengestellt unter der Leitung des Vorsitzenden der zu diesem Zwecke ernannten Commission, H. Schaaffhausen. II. Göttingen. VI + 91 S. Braunschweig (Vieweg und Sohn).</a22>
               <a23/>
            </secondary-lit-grid-iteration>
         </secondary-lit-grid>
         <f4/>
         <f5>Cod. Ms. Blumenbach I, Nr. 4: 3</f5>
         <f8/>
      </section-5>
   <section-6>
         <mineral-authority-grid>
            <mineral-authority-grid-iteration>
               <a9d/>
            </mineral-authority-grid-iteration>
         </mineral-authority-grid>
      </section-6>
   <section-7>
         <a24a>Georg-August-Universität Göttingen, Medizinische Fakultät, Zentrum Anatomie (Blumenbachsche Schädelsammlung)</a24a>
         <a24b/>
         <a27/>
         <a28>die Rechte für die digitalen 2D-Einzelaufnahmen liegen bei der Akademie der Wissenschaften zu Göttingen</a28>
         <f2a>L. Numberger-Thuy, M. Schultz, A. Gehler, N. Schäfer</f2a>
         <f2b>2011-10-14</f2b>
         <f3a>N. Schäfer</f3a>
         <f3b>2017-01-24</f3b>
      </section-7>
   <section-8>
         <b1>Schädel mit Unterkiefer
</b1>
         <b2/>
         <b3b/>
         <b3d>Inhaberin war "Beyschläferin eines gewissen Holländers", mit 28 Jahren in Amsterdam verstorben und vom Donator obduziert (vgl. 00093: 13; 00008: 290)</b3d>
         <b4a>weiblich</b4a>
         <b4aa>28</b4aa>
         <b4b/>
         <b4c>Aethiopisch
</b4c>
         <b4ca/>
         <b4d>Guinea
</b4d>
         <b5/>
         <b6/>
         <b7a/>
         <b8>G=685.8 [g]
</b8>
         <a21>nein</a21>
      </section-8>
   <section-9>
         <f1>"aethiopisch" (Negerin aus Guinea, Blumenbach Sammlung Nr. 665 (7); übermittelt durch Prof. v. Geuns in Utrecht 1791)
</f1>
         <b9a/>
         <b9b/>
         <b10a>gut</b10a>
         <b10b/>
         <b11a>nein</b11a>
         <b11b/>
         <b11c/>
      </section-9>
   <section-10>
         <c1>0</c1>
         <c2>1</c2>
         <etikett-grid1>
            <a10>nicht vorhanden</a10>
            <c3/>
            <c4/>
            <c5/>
            <c6a/>
            <c6b/>
            <c7a/>
         </etikett-grid1>
      </section-10>
   <section-11>
         <objekttext-grid1>
            <a11>Negerin.</a11>
            <d1>Schädel, frontal</d1>
            <d2/>
            <d3a>gut</d3a>
            <d3b/>
         </objekttext-grid1>
         <objekttext-grid1>
            <a11>3
Aethiopissæ
Guinea D. Rev. Geuns
in Utrecht. 1791.
Dec. II tab. 19.</a11>
            <d1>Schädel, rechts</d1>
            <d2>Handschrift von Blumenbach</d2>
            <d3a>gut</d3a>
            <d3b/>
         </objekttext-grid1>
         <objekttext-grid1>
            <a11>3
Negerin
Guinea</a11>
            <d1>Unterkiefer, rechts</d1>
            <d2>Handschrift von Blumenbach
</d2>
            <d3a>gut</d3a>
            <d3b/>
         </objekttext-grid1>
      </section-11>
   <section-12>
         <number-grid1>
            <a4>3</a4>
            <e1>Schädel, rechts</e1>
            <e2/>
            <e3/>
            <e4a>gut</e4a>
            <e4b/>
            <e5a>nein</e5a>
         </number-grid1>
         <number-grid1>
            <a4>3</a4>
            <e1>Unterkiefer, rechts</e1>
            <e2/>
            <e3/>
            <e4a>gut</e4a>
            <e4b/>
            <e5a>nein</e5a>
         </number-grid1>
      </section-12>
</form>