<form xmlns:uuid="java:java.util.UUID">
   <section-1>
         <a0>Erxleben (Steinmeteorit)</a0>
         <a8>Aërolith</a8>
         <a2>GZG.HST.</a2>
         <a3>0.344</a3>
         <b12a>0.344</b12a>
         <a5>189; 4.24.3.1</a5>
         <a6>1</a6>
      </section-1>
   <section-2>
         <a1>Meteoritenkunde</a1>
         <a7a>Meteorite: Steinmeteorite: Gewöhnliche Chondrite: H6</a7a>
         <a7b>Meteorite: Steinmeteorite: Gewöhnliche Chondrite: H6</a7b>
         <a9a>H6-Chondrit</a9a>
         <a9b/>
         <a9c>Erx Uben, Magdeburg</a9c>
         <a26>Naturalia</a26>
      </section-2>
   <section-3>
         <a12a/>
         <a12aa/>
         <a12b/>
         <a12c/>
         <a12d/>
      </section-3>
   <section-4>
         <a13a>Erxleben, Magdeburg district - Sachsen-Anhalt - Deutschland - Europe - World</a13a>
         <a13b>52° 14\' 00\'\' N, 011° 15\' 00\'\' E</a13b>
         <a13c>tgn:1036668</a13c>
         <a13d/>
         <a14a/>
         <a14aa/>
         <a14b>1812-04-15</a14b>
         <a14ba>1812-04-15</a14ba>
         <a15a>Roloff, Johann Christoph Heinrich (1783-1825)</a15a>
         <a15aa>cnp00304793</a15aa>
         <a15b>1812-04-15</a15b>
         <a15ba>1812-12-31</a15ba>
         <a16a>Geschenk</a16a>
         <a16b>Sammlungseingang (aus Bestand des Academischen Museums)</a16b>
         <a17>Es ist unklar ob das Stück tatsächlich von Roloff stammt und nicht direkt vom Friedensrichter Schneider aus Erxleben, da Roloff nur auf einem der beiligenden Originaletiketten vermekt ist. Details zur Provenienz siehe Gehler
            &amp; Reich (2014).</a17>
      </section-4>
   <section-5>
         <a18/>
         <a19>Gehler &amp; Reich (2014)</a19>
         <a20>Gehler &amp; Reich (2014)</a20>
         <a22>Gehler, A. &amp; Reich, M. (2014): Die Göttinger Professoren Johann Friedrich Blumenbach und Johann Friedrich Ludwig Hausmann und der Meteorit von Erxleben. Philippia 16 (2): 95–120.</a22>
         <a23/>
         <f4/>
         <f5/>
         <f8/>
      </section-5>
   <section-6>
         <a9d>http://www.lpi.usra.edu/meteor/metbull.php?code=10049</a9d>
      </section-6>
   <section-7>
         <a24a>Georg-August-Universität Göttingen, Geowissenschaftliches Zentrum, Museum, Sammlungen &amp; Geopark</a24a>
         <a24b>UNI Gö, Geowissenschaftliches Zentrum, Museum, Magazin Geologie/Paläontologie, Raum 16-025, Historische Sammlung</a24b>
         <a27/>
         <a28>die Rechte für die digitalen 2D-Einzelaufnahmen liegen beim Geowissenschaftlichen Museum Göttingen, GZG</a28>
         <f2a>A. Gehler, N. Schäfer</f2a>
         <f2b>2013-01-07</f2b>
         <f3a>N. Schäfer</f3a>
         <f3b>2017-01-27</f3b>
      </section-7>
   <section-8>
         <b1>Fragment mit Kruste, angeschnitten</b1>
         <b2/>
         <b3b/>
         <b3d>ca. 40% Schmelzkruste</b3d>
         <b4a/>
         <b4aa/>
         <b4b/>
         <b4c/>
         <b4ca/>
         <b4d/>
         <b5/>
         <b6/>
         <b7a/>
         <b8>G=254.2 [g] </b8>
      </section-8>
   <section-9>
         <f1/>
         <b9a/>
         <b9b/>
         <b10a>sehr gut</b10a>
         <b10b>frühere Gewichtsangaben: Wöhler (1864, 1865, 1868, 1870, 1874): 295g Klein (1879): 291,5g Koritnig (1962): 280,3g</b10b>
         <b11a>nein</b11a>
         <b11b/>
         <b11c/>
      </section-9>
   <section-10>
         <c1>2</c1>
         <c2>2</c2>
         <etikett-grid1>
            <a10>von dem , [?]. d. 15. Apr. 1812 bey Erxleben Districts Haldensleben gefallnen 4 1/2 lb schweren Aërolithen. v. H. Dr Roloff zu Magdeburg</a10>
            <c3>isoliert</c3>
            <c4/>
            <c5/>
            <c6a>gut</c6a>
            <c6b>ehemals mittig geknickt</c6b>
            <c7a/>
         </etikett-grid1>
      </section-10>
   <section-11>
         <objekttext-grid1>
            <a11>nicht vorhanden</a11>
            <d1/>
            <d2/>
            <d3a/>
            <d3b/>
         </objekttext-grid1>
      </section-11>
   <section-12>
         <number-grid1>
            <a4>nicht vorhanden</a4>
            <e1/>
            <e2/>
            <e3/>
            <e4a/>
            <e4b/>
            <e5a/>
         </number-grid1>
      </section-12>
</form>