<form xmlns:uuid="java:java.util.UUID">
   <section-1>
         <a0>Kupfer (gediegen)</a0>
         <a8>Körnigter Spath, mit dendritisch gediegenem Kupfer</a8>
         <a2>GZG.HST.</a2>
         <a3>0.649</a3>
         <b12a>0.649</b12a>
         <a5>1.1.1.84; 20; 44; 46</a5>
         <a6>1</a6>
      </section-1>
   <section-2>
         <a1>Mineralogie</a1>
         <a7a>Elemente</a7a>
         <a7b/>
         <a9a>Kupfer (gediegen) [Cu]</a9a>
         <a9b/>
         <a9c/>
         <a26>Naturalia</a26>
      </section-2>
   <section-3>
         <a12a/>
         <a12aa/>
         <a12b/>
         <a12c/>
         <a12d/>
      </section-3>
   <section-4>
         <a13a>Verkhoturye (Werke von Maxim Pochadäschin [auch Pochodjaschin oder Pochodäschin]), Sverdlovskaya Oblast' - Rossiya republic - Rossiya - Asia - World</a13a>
         <a13b>58° 52` 0`` N 60° 48` 0`` E </a13b>
         <a13c/>
         <a13d/>
         <a14a/>
         <a14aa/>
         <a14b/>
         <a14ba/>
         <a15a>Asch, Georg Thomas von (1729-1807)</a15a>
         <a15aa>cnp00397388</a15aa>
         <a15b/>
         <a15ba/>
         <a16a>Geschenk</a16a>
         <a16b/>
         <a17/>
      </section-4>
   <section-5>
         <a18>00027: 648f</a18>
         <a19/>
         <a20/>
         <a22/>
         <a23/>
         <f4/>
         <f5/>
         <f8/>
      </section-5>
   <section-6>
         <a9d>http://www.mindat.org/min-1209.html</a9d>
      </section-6>
   <section-7>
         <a24a>Georg-August-Universität Göttingen, Geowissenschaftliches Zentrum, Museum, Sammlungen &amp; Geopark</a24a>
         <a24b>UNI Gö, Geowissenschaftliches Zentrum, Museum, Magazin Geologie/Paläontologie, Raum 16-025, Historische Sammlung</a24b>
         <a27/>
         <a28>die Rechte für die digitalen 2D-Einzelaufnahmen liegen beim Geowissenschaftlichen Museum Göttingen, GZG</a28>
         <f2a>A. Böhme, A. Gehler</f2a>
         <f2b>2011-12-13</f2b>
         <f3a>A. Gehler</f3a>
         <f3b>2013-11-11</f3b>
      </section-7>
   <section-8>
         <b1/>
         <b2/>
         <b3b/>
         <b3d/>
         <b4a/>
         <b4aa/>
         <b4b/>
         <b4c/>
         <b4ca/>
         <b4d/>
         <b5/>
         <b6/>
         <b7a/>
         <b8>G=31.9 [g] </b8>
      </section-8>
   <section-9>
         <f1>vermutlich zu GZG.HST.0.646; 0.647; 0.648 gehörend</f1>
         <b9a/>
         <b9b/>
         <b10a>gut</b10a>
         <b10b/>
         <b11a>nein</b11a>
         <b11b/>
         <b11c/>
      </section-9>
   <section-10>
         <c1>1</c1>
         <c2>8</c2>
         <etikett-grid1>
            <a10>Körnigter Spath, mit dendri- tisch gediegenem Kupfer aus Pochadäschins Werken in Werchoturien. [Rückseite:] 26ster Aschischer Trans- port N. 59. </a10>
            <c3>isoliert</c3>
            <c4/>
            <c5>Handschrift von Baron von Asch</c5>
            <c6a>gut</c6a>
            <c6b>ehemals mittig gefaltet</c6b>
            <c7a>nein</c7a>
         </etikett-grid1>
      </section-10>
   <section-11>
         <objekttext-grid1>
            <a11>nicht vorhanden</a11>
            <d1/>
            <d2/>
            <d3a/>
            <d3b/>
         </objekttext-grid1>
      </section-11>
   <section-12>
         <number-grid1>
            <a4>59</a4>
            <e1>auf isoliertem Etikett</e1>
            <e2/>
            <e3>Handschrift von Baron von Asch</e3>
            <e4a>gut</e4a>
            <e4b/>
            <e5a>nein</e5a>
         </number-grid1>
      </section-12>
</form>