<form xmlns:uuid="java:java.util.UUID">
   <section-1>
         <z1>http://purl.org/vocab/blumenbach#Meteoritenkunde</z1>
         <a1>Meteoritenkunde</a1>
         <a0>Campo del Cielo (Eisenmeteorit)</a0>
         <a8>Von der 30,000 ... [Pfund] schweren Eisenmasse 1782 in der Wüste am Panamaflusse in Paraguay gefunden.</a8>
         <a2>GZG.HST.</a2>
         <a3>0.333</a3>
         <b12a>0.333</b12a>
         <a5>256; 1.11.2.2</a5>
         <a6>1</a6>
      </section-1>
   <section-2>
         <a7a>Meteorite: Eisenmeteorite: Oktaedrite: grobe Oktaedrite (IA-Eisen)</a7a>
         <a7b>Meteorite: Eisenmeteorite: Oktaedrite: grobe Oktaedrite (IA-Eisen)</a7b>
         <a9a>grober Oktaedrit, IA-Eisen</a9a>
         <a9b/>
         <a9c>Casique Catan; Chaco Gualambo; Charata; El Abipon; El Charata; El Hacha; El Mataco; El Mocovi; El Patio; El Perdido; El Rosario; El Taco; El Toba; El Tonocoté; Gancedo; Gran Chaco (iron); Gran Chaco Gualamba; Gran Chaco I; Gran Chaco II; La Perdida; Los Guanacos; Meson de Fierro; Nihuá; Otumpa; Paraguay; Pinalta; Pozo del Cielo; Reventazone; Runa Pocito; San Jago del Estero; Santiago del Estero; Silva; Tucuman; Wöhler's Iron</a9c>
         <a26>Naturalia</a26>
         <a21>nein</a21>
      </section-2>
   <section-3>
         <a12a>Hadaikum#4000#4600#Äonothem#http://www.wikidata.org/entity/Q104460</a12a>
         <a12aa>Hadaikum#4000#4600#Äonothem#http://www.wikidata.org/entity/Q104460</a12aa>
         <a12b>Fund seit 1567 (viele Stücke)</a12b>
         <a12c/>
         <a12d/>
      </section-3>
   <section-4>
         <a13a>Chaco, Argentinien, Südamerika</a13a>
         <a13b>27° 28` 0`` S
 60° 35` 0`` W
 </a13b>
         <a13c>http://vocab.getty.edu/tgn/7006477</a13c>
         <skos:prefLabel xmlns:skos="http://www.w3.org/2004/02/skos/core#">Argentinien</skos:prefLabel>
         <xml:lang>de</xml:lang>
         <gvp:parentString xmlns:gvp="http://vocab.getty.edu/ontology#">South America, World</gvp:parentString>
         <wgs:lat xmlns:wgs="http://www.w3.org/2003/01/geo/wgs84_pos#">-34</wgs:lat>
         <wgs:long xmlns:wgs="http://www.w3.org/2003/01/geo/wgs84_pos#">-64</wgs:long>
      </section-4>
   <section-41>
         <a14a/>
         <a14aa/>
         <a14b>1782-01-01</a14b>
         <a14ba>1783-12-31</a14ba>
         <a15a>Banks, Joseph (1743-1820)</a15a>
         <a15aa>http://thesaurus.cerl.org/record/cnp01338058</a15aa>
         <a15b>1782-01-01</a15b>
         <a15ba>1794-09-24</a15ba>
         <a16a>vermutlich Geschenk</a16a>
         <a16b>Unbekannt (aus Bestand des Academischen Museums oder Privatsammlung Blumenbachs)</a16b>
         <a17>Im Rahmen einer von Rubin de Celis 1783 durchgeführten Expedition wurde nahe Otumpa eine mehrere Tonnen schwere Eisenmasse wiedergefunden, von der schon 1576 während einer spanischen Expedition unter der Leitung von de Miraval Stücke gesammelt worden waren.
Es existiert ein Brief von Blumenbach an Banks vom 24. September 1794 mit Dank für den Erhalt eines Stückes aus einer südamerikanischen Wüste.
</a17>
         <a12e>Fund ohne Fallbeobachtung</a12e>
         <a12f/>
         <a12g/>
         <a12h/>
         <a12i/>
         <a25/>
         <a25a_a/>
         <a25a/>
         <a25ab/>
         <a25ac/>
         <a25b/>
         <a25c/>
      </section-41>
   <section-5>
         <original-lit-grid>
            <original-lit-grid-iteration>
               <a18>00025: 648;
00026: 662;
00027: 655;
00029: 678;
00030: 685;
00031: 695;
00032: 705;
00033: 581;
00034: 458f </a18>
            </original-lit-grid-iteration>
         </original-lit-grid>
         <original-desc-grid>
            <original-desc-grid-iteration>
               <a19/>
            </original-desc-grid-iteration>
         </original-desc-grid>
         <original-image-grid>
            <original-image-grid-iteration>
               <a20/>
            </original-image-grid-iteration>
         </original-image-grid>
         <secondary-lit-grid>
            <secondary-lit-grid-iteration>
               <a22/>
               <a23>unvollständig</a23>
            </secondary-lit-grid-iteration>
         </secondary-lit-grid>
         <brief-mentioned-grid>
            <brief-mentioned-grid-iteration>
               <f4/>
            </brief-mentioned-grid-iteration>
         </brief-mentioned-grid>
         <f5/>
         <f8/>
      </section-5>
   <section-6>
         <mineral-authority-grid>
            <mineral-authority-grid-iteration>
               <a9d>http://www.lpi.usra.edu/meteor/metbull.php?code=5247;
http://www.mindat.org/loc-23487.html</a9d>
            </mineral-authority-grid-iteration>
         </mineral-authority-grid>
         <meteorite-authority-grid>
            <meteorite-authority-grid-iteration>
               <a9e/>
            </meteorite-authority-grid-iteration>
         </meteorite-authority-grid>
         <biological-authority-grid>
            <biological-authority-grid-iteration>
               <a9f/>
            </biological-authority-grid-iteration>
         </biological-authority-grid>
      </section-6>
   <section-7>
         <a24a>Georg-August-Universität Göttingen, Fakultät für Geowissenschaften und Geographie, Geowissenschaftliches Zentrum, Geowissenschaftliches Museum</a24a>
         <a24b>UNI Gö, Geowissenschaftliches Zentrum, Museum, Magazin Geologie/Paläontologie, Raum 16-025, Historische Sammlung</a24b>
         <a27/>
         <a28>die Rechte für die digitalen 2D-Einzelaufnahmen liegen beim Geowissenschaftlichen Museum Göttingen, GZG </a28>
         <f2a>A. Böhme, A. Gehler, M. Reich, N. Schäfer</f2a>
         <f2b>2011-05-19</f2b>
         <f3a>N. Schäfer</f3a>
         <f3b>2017-01-16</f3b>
      </section-7>
   <section-8>
         <b1>Abschnitt von größerem Fragment</b1>
         <b2/>
         <b3a/>
         <b3b/>
         <b3c/>
         <b3d/>
         <b4a/>
         <b4aa/>
         <b4b/>
         <b4c/>
         <b4ca/>
         <b4d/>
         <b5/>
         <b6/>
         <b7a>L=12 [mm]
B=11 [mm]
H=14 [mm]
</b7a>
         <b7b/>
         <b7c/>
         <b8>G=4.6 [g]
</b8>
      </section-8>
   <section-9>
         <f1/>
         <b9a>Glasröhrchen mit Korken </b9a>
         <b9b>G (historische Aufbewahrung inklusive Objekt) =11,4g; L (historische Aufbewahrung) = 48 [mm]; D (historische Aufbewahrung) = 19 [mm]</b9b>
         <b10a>sehr gut</b10a>
         <b10b>frühere Gewichtsangaben:
Wöhler (1864, 1865, 1868, 1870, 1874): 5g (als Paraguay)
Klein (1879): 4,5g (als Paraguay)
Koritnig (1962): 4,5g</b10b>
         <b11a>nein</b11a>
         <b11b/>
         <b11c/>
      </section-9>
   <section-10>
         <c1>2</c1>
         <c2>6</c2>
         <etikett-grid1>
            <a10>Von der 30,000 ... [Pfund] schweren Eisenmasse
1782 in der Wüste von [von durchgestrichen] am Panama-
flusse in Paraguay gefunden.
      von Sir Jos. Banks an
     Blumenbach gegeben.

                   ["4,94" sekundär vermerkt]</a10>
            <c3>isoliert</c3>
            <c4>B=45 [mm]
L=62 [mm]
</c4>
            <c5>Handschrift nicht von Blumenbach (vermutlich stammt das Etikett auch aus sehr viel jüngerer Zeit)</c5>
            <c6a>sehr gut</c6a>
            <c6b/>
            <c7a/>
         </etikett-grid1>
         <etikett-grid1>
            <a10>Paraguay.</a10>
            <c3>ursprünglich vermutlich direkt auf das Stück geklebt</c3>
            <c4>B=4 [mm]
L=8 [mm]
</c4>
            <c5/>
            <c6a>gut</c6a>
            <c6b/>
            <c7a/>
         </etikett-grid1>
      </section-10>
   <section-11>
         <objekttext-grid1>
            <a11>nicht vorhanden</a11>
            <d1/>
            <d2/>
            <d3a/>
            <d3b/>
         </objekttext-grid1>
      </section-11>
   <section-12>
         <number-grid1>
            <a4>nicht vorhanden</a4>
            <e1/>
            <e2/>
            <e3/>
            <e4a/>
            <e4b/>
            <e5a/>
         </number-grid1>
      </section-12>
   <section-13>
         <IIIFmanifestURI/>
         <f6/>
         <f7/>
         <f8/>
      </section-13>
</form>