<object_class>
    <classCode xml:id="cat_0000">
        <idno n="http://purl.org/vocab/blumenbach#Anatomie und Anthropologie">Anatomie und Anthropologie</idno>
        <rs/>
    </classCode>
    <classCode xml:id="cat_0001">
        <idno n="http://purl.org/vocab/blumenbach#Archaeologie und Ur- und Fruehgeschichte">Archaeologie und Ur- und Fruehgeschichte</idno>
        <rs/>
    </classCode>
    <classCode xml:id="cat_0002">
        <idno n="http://purl.org/vocab/blumenbach#Archivwesen">Archivwesen</idno>
        <rs/>
    </classCode>
    <classCode xml:id="cat_0003">
        <idno n="http://purl.org/vocab/blumenbach#Botanik">Botanik</idno>
        <rs/>
    </classCode>
    <classCode xml:id="cat_0004">
        <idno n="http://purl.org/vocab/blumenbach#Ethnologie">Ethnologie</idno>
        <rs/>
    </classCode>
    <classCode xml:id="cat_0005">
        <idno n="http://purl.org/vocab/blumenbach#Gemmologie">Gemmologie</idno>
        <rs/>
    </classCode>
    <classCode xml:id="cat_0006">
        <idno n="http://purl.org/vocab/blumenbach#Geologie">Geologie</idno>
        <rs/>
    </classCode>
    <classCode xml:id="cat_0007">
        <idno n="http://purl.org/vocab/blumenbach#Medizin">Medizin</idno>
        <rs/>
    </classCode>
    <classCode xml:id="cat_0008">
        <idno n="http://purl.org/vocab/blumenbach#Meteoritenkunde">Meteoritenkunde</idno>
        <rs/>
    </classCode>
    <classCode xml:id="cat_0009">
        <idno n="http://purl.org/vocab/blumenbach#Mineralogie">Mineralogie</idno>
        <rs/>
    </classCode>
    <classCode xml:id="cat_0010">
        <idno n="http://purl.org/vocab/blumenbach#Palaeobotanik">Palaeobotanik</idno>
        <rs/>
    </classCode>
    <classCode xml:id="cat_0011">
        <idno n="http://purl.org/vocab/blumenbach#Palaeozoologie">Palaeozoologie</idno>
        <rs/>
    </classCode>
    <classCode xml:id="cat_0012">
        <idno n="http://purl.org/vocab/blumenbach#Pharmakognosie">Pharmakognosie</idno>
        <rs/>
    </classCode>
    <classCode xml:id="cat_0013">
        <idno n="http://purl.org/vocab/blumenbach#Zoologie">Zoologie</idno>
        <rs/>
    </classCode>
    <classCode xml:id="cat_0014">
        <idno n="http://purl.org/vocab/blumenbach#Sonstiges">Sonstiges</idno>
        <rs/>
    </classCode>  
</object_class>