<form xmlns:uuid="java:java.util.UUID">
   <section-1>
         <z1>http://purl.org/vocab/blumenbach#Palaeozoologie</z1>
         <a1>Palaeozoologie</a1>
         <a0>Brachiopode (&lt;i&gt;Desquamatia&lt;/i&gt; (&lt;i&gt;Seratrypa&lt;/i&gt;) sp.) mit Korallenaufwachsungen</a0>
         <a8>Alcyonit</a8>
         <a2>GZG.HST.</a2>
         <a3>0.085</a3>
         <b12a>0.085</b12a>
         <a5>48</a5>
         <a6>1</a6>
      </section-1>
   <section-2>
         <a7a>Brachiopoda: Rhynchonelliformea: Rhynchonellata: Atrypida: Atrypidae: Variatrypinae</a7a>
         <a7b>Armfüßer</a7b>
         <a9a>&lt;i&gt;Desquamatia&lt;/i&gt; (&lt;i&gt;Seratrypa&lt;/i&gt;) sp.</a9a>
         <a9b/>
         <a9c>&lt;i&gt;Atrypa&lt;/i&gt;</a9c>
         <a26>Naturalia</a26>
         <a21>nein</a21>
      </section-2>
   <section-3>
         <a12a>Frasnium#372.2#382.7#Stufe#http://www.wikidata.org/entity/Q264200</a12a>
         <a12aa>Frasnium#372.2#382.7#Stufe#http://www.wikidata.org/entity/Q264200</a12aa>
         <a12b>Refrather Schichten</a12b>
         <a12c/>
         <a12d/>
      </section-3>
   <section-4>
         <a13a>Bensberg, Köln district - North Rhine-Westphalia - Deutschland - Europe - World</a13a>
         <a13b>50° 58\' 00\'\' N, 007° 10\' 00\'\' E</a13b>
         <a13c>http://vocab.getty.edu/tgn/7012388</a13c>
         <skos:prefLabel xmlns:skos="http://www.w3.org/2004/02/skos/core#">Bensberg</skos:prefLabel>
         <xml:lang>und</xml:lang>
         <gvp:parentString xmlns:gvp="http://vocab.getty.edu/ontology#">Nordrhein-Westfalen, Deutschland, Europe, World</gvp:parentString>
         <wgs:lat xmlns:wgs="http://www.w3.org/2003/01/geo/wgs84_pos#">50.966667</wgs:lat>
         <wgs:long xmlns:wgs="http://www.w3.org/2003/01/geo/wgs84_pos#">7.166667</wgs:long>
      </section-4>
   <section-41>
         <a14a/>
         <a14aa/>
         <a14b/>
         <a14ba/>
         <a15a>Hüpsch, Adolf von (1730-1805)</a15a>
         <a15aa>http://thesaurus.cerl.org/record/cnp00883952</a15aa>
         <a15b/>
         <a15ba/>
         <a16a>vermutlich Geschenk</a16a>
         <a16b>Unbekannt (aus Bestand des Academischen Museums oder Privatsammlung Blumenbachs)</a16b>
         <a17/>
         <a12e/>
         <a12f/>
         <a12g/>
         <a12h/>
         <a12i/>
         <a25/>
         <a25a_a/>
         <a25a/>
         <a25ab/>
         <a25ac/>
         <a25b/>
         <a25c/>
      </section-41>
   <section-5>
         <original-lit-grid>
            <original-lit-grid-iteration>
               <a18/>
            </original-lit-grid-iteration>
         </original-lit-grid>
         <original-desc-grid>
            <original-desc-grid-iteration>
               <a19/>
            </original-desc-grid-iteration>
         </original-desc-grid>
         <original-image-grid>
            <original-image-grid-iteration>
               <a20/>
            </original-image-grid-iteration>
         </original-image-grid>
         <secondary-lit-grid>
            <secondary-lit-grid-iteration>
               <a22/>
               <a23/>
            </secondary-lit-grid-iteration>
         </secondary-lit-grid>
         <brief-mentioned-grid>
            <brief-mentioned-grid-iteration>
               <f4/>
            </brief-mentioned-grid-iteration>
         </brief-mentioned-grid>
         <f5/>
         <f8/>
      </section-5>
   <section-6>
         <mineral-authority-grid>
            <mineral-authority-grid-iteration>
               <a9d/>
            </mineral-authority-grid-iteration>
         </mineral-authority-grid>
         <meteorite-authority-grid>
            <meteorite-authority-grid-iteration>
               <a9e/>
            </meteorite-authority-grid-iteration>
         </meteorite-authority-grid>
         <biological-authority-grid>
            <biological-authority-grid-iteration>
               <a9f/>
            </biological-authority-grid-iteration>
         </biological-authority-grid>
      </section-6>
   <section-7>
         <a24a>Georg-August-Universität Göttingen, Fakultät für Geowissenschaften und Geographie, Geowissenschaftliches Zentrum, Geowissenschaftliches Museum</a24a>
         <a24b>UNI Gö, Geowissenschaftliches Zentrum, Museum, Magazin Geologie/Paläontologie, Raum 16-025, Historische Sammlung</a24b>
         <a27/>
         <a28>die Rechte für die digitalen 2D-Einzelaufnahmen liegen beim Geowissenschaftlichen Museum Göttingen, GZG</a28>
         <f2a>A. Gehler  (mit frdl. Unterstützung von F. Langenstrassen), N. Schäfer</f2a>
         <f2b>2012-08-07</f2b>
         <f3a>N. Schäfer</f3a>
         <f3b>2017-01-19</f3b>
      </section-7>
   <section-8>
         <b1/>
         <b2/>
         <b3a/>
         <b3b/>
         <b3c/>
         <b3d/>
         <b4a/>
         <b4aa/>
         <b4b/>
         <b4c/>
         <b4ca/>
         <b4d/>
         <b5/>
         <b6/>
         <b7a/>
         <b7b/>
         <b7c/>
         <b8>G=15.7 [g]
</b8>
      </section-8>
   <section-9>
         <f1/>
         <b9a/>
         <b9b/>
         <b10a>gut</b10a>
         <b10b/>
         <b11a>nein</b11a>
         <b11b/>
         <b11c/>
      </section-9>
   <section-10>
         <c1>1</c1>
         <c2>0</c2>
         <etikett-grid1>
            <a10>Ein großer Alcyonit mit
einer aufliegenden Millepora
und unten mit Millep. [...?]-
toma rep. umsponnen.
v. Bensberg im Bergischen
B. v. Hüpsch 48</a10>
            <c3>isoliert</c3>
            <c4/>
            <c5>Handschrift von Blumenbach</c5>
            <c6a>gut</c6a>
            <c6b/>
            <c7a>nein</c7a>
         </etikett-grid1>
      </section-10>
   <section-11>
         <objekttext-grid1>
            <a11>nicht vorhanden</a11>
            <d1/>
            <d2/>
            <d3a/>
            <d3b/>
         </objekttext-grid1>
      </section-11>
   <section-12>
         <number-grid1>
            <a4>48</a4>
            <e1>auf isoliertem Etikett</e1>
            <e2/>
            <e3>Handschrift von Blumenbach</e3>
            <e4a>gut</e4a>
            <e4b/>
            <e5a>nein</e5a>
         </number-grid1>
      </section-12>
   <section-13>
         <IIIFmanifestURI/>
         <f6/>
         <f7/>
         <f8/>
      </section-13>
</form>