<form xmlns:uuid="java:java.util.UUID">
   <section-1>
         <a0>Handzeichnung eines fossilen Pfeifhasen (&lt;i&gt;Prolagus oeningensis&lt;/i&gt;)</a0>
         <a8/>
         <a2>GZG.A.</a2>
         <a3/>
         <b12a>###</b12a>
         <a5/>
         <a6>1</a6>
      </section-1>
   <section-2>
         <z1>http://purl.org/vocab/blumenbach#Archivwesen</z1>
         <a1>Archivwesen</a1>
         <a7a>Mammalia: Lagomorpha: Ochotonidae: Prolaginae </a7a>
         <a7b>Säugetiere: Hasenartige: Pfeifhasen</a7b>
         <a9a>&lt;i&gt;Prolagus oeningensis&lt;/i&gt;</a9a>
         <a9b/>
         <a9c/>
         <a26>Artificialia</a26>
      </section-2>
   <section-3>
         <a12a>Serravallium (11.608 - 13.82)</a12a>
         <a12aa>Serravallium (11.608 - 13.82)</a12aa>
         <a12b>Alter des abgebildeten Fossils</a12b>
         <a12c/>
         <a12d/>
      </section-3>
   <section-4>
         <a13a>Öhningen, Freiburg district - Baden-Württemberg - Deutschland - Europe - World</a13a>
         <a13b>47° 40\' 00\'\' N, 008° 54\' 00\'\' E</a13b>
         <a13c>http://vocab.getty.edu/tgn/4012543</a13c>
         <gvp:prefLabel xmlns:gvp="http://vocab.getty.edu/ontology#">Öhningen</gvp:prefLabel>
         <xml:lang>und</xml:lang>
         <gvp:parentString xmlns:gvp="http://vocab.getty.edu/ontology#">Baden-Württemberg, Deutschland, Europe, World</gvp:parentString>
         <wgs:lat xmlns:wgs="http://www.w3.org/2003/01/geo/wgs84_pos#">47.666667</wgs:lat>
         <wgs:long xmlns:wgs="http://www.w3.org/2003/01/geo/wgs84_pos#">8.9</wgs:long>
      </section-4>
   <section-41>
         <a14a/>
         <a14aa/>
         <a14b/>
         <a14ba/>
         <a15a/>
         <a15aa/>
         <a15b>1783-01-01</a15b>
         <a15ba/>
         <a16a>unbekannt</a16a>
         <a16b/>
         <a17/>
         <a12e/>
         <a12f/>
         <a12g/>
         <a12h/>
         <a12i/>
      </section-41>
   <section-5>
         <original-lit-grid>
            <original-lit-grid-iteration>
               <a18/>
            </original-lit-grid-iteration>
         </original-lit-grid>
         <original-desc-grid>
            <original-desc-grid-iteration>
               <a19/>
            </original-desc-grid-iteration>
         </original-desc-grid>
         <original-image-grid>
            <original-image-grid-iteration>
               <a20/>
            </original-image-grid-iteration>
         </original-image-grid>
         <secondary-lit-grid>
            <secondary-lit-grid-iteration>
               <a22>Gehler, A. &amp; Reich, M. (2008): Johann Friedrich Blumenbach (1752-1840) und die Fossillagerstätte Öhningen (Neogen: Miozän). In: Löffler, S.-B. &amp; Freiwald, A. (Hrsg.): Jahrestagung der Paläontologischen Gesellschaft. 8.-10. September 2008, Erlangen (Erlanger Geologische Abhandlungen, Sonderband 6), S. 87.</a22>
               <a23/>
            </secondary-lit-grid-iteration>
         </secondary-lit-grid>
         <f4/>
         <f5/>
         <f8/>
      </section-5>
   <section-6>
         <mineral-authority-grid>
            <mineral-authority-grid-iteration>
               <a9d/>
            </mineral-authority-grid-iteration>
         </mineral-authority-grid>
      </section-6>
   <section-7>
         <a24a>Georg-August-Universität Göttingen, Geowissenschaftliches Zentrum, Museum, Sammlungen Geopark</a24a>
         <a24b/>
         <a27/>
         <a28>die Rechte für die digitalen 2D-Einzelaufnahmen liegen beim Geowissenschaftlichen Museum Göttingen, GZG</a28>
         <f2a>A. Gehler</f2a>
         <f2b>2015-01-11</f2b>
         <f3a>A. Gehler</f3a>
         <f3b>2015-01-11</f3b>
      </section-7>
   <section-8>
         <b1>Handzeichnung</b1>
         <b2/>
         <b3b/>
         <b3d/>
         <b4a/>
         <b4aa/>
         <b4b/>
         <b4c/>
         <b4ca/>
         <b4d/>
         <b5/>
         <b6/>
         <b7a/>
         <b8/>
         <a21>nein</a21>
      </section-8>
   <section-9>
         <f1/>
         <b9a/>
         <b9b/>
         <b10a>gut</b10a>
         <b10b/>
         <b11a>nein</b11a>
         <b11b/>
         <b11c/>
      </section-9>
   <section-10>
         <c1/>
         <c2/>
         <etikett-grid1>
            <a10/>
            <c3/>
            <c4/>
            <c5/>
            <c6a/>
            <c6b/>
            <c7a/>
         </etikett-grid1>
      </section-10>
   <section-11>
         <objekttext-grid1>
            <a11/>
            <d1/>
            <d2/>
            <d3a/>
            <d3b/>
         </objekttext-grid1>
      </section-11>
   <section-12>
         <number-grid1>
            <a4/>
            <e1/>
            <e2/>
            <e3/>
            <e4a/>
            <e4b/>
            <e5a/>
         </number-grid1>
      </section-12>
</form>