<form xmlns:uuid="java:java.util.UUID">
   <section-1>
         <a0>Orthoceraten</a0>
         <a8>Orthoceratites</a8>
         <a2>GZG.HST.</a2>
         <a3>0.110b</a3>
         <b12a>0.110a-b</b12a>
         <a5>59; 101-124</a5>
         <a6>2</a6>
      </section-1>
   <section-2>
         <z1>http://purl.org/vocab/blumenbach#Palaeozoologie</z1>
         <a1>Palaeozoologie</a1>
         <a7a>Mollusca: Cephalopoda: Nautiloidea: Orthocerida: Orthoceratidae</a7a>
         <a7b>Weichtiere: Kopffüßer: Nautiliden: Orthoceraten</a7b>
         <a9a/>
         <a9b/>
         <a9c/>
         <a26>Naturalia</a26>
      </section-2>
   <section-3>
         <a12a>Paläozoikum (251.0 - 542.0)</a12a>
         <a12aa>Paläozoikum (251.0 - 542.0)</a12aa>
         <a12b/>
         <a12c/>
         <a12d/>
      </section-3>
   <section-4>
         <a13a>Tallinn, Harjumaa - Eesti - Europe - World</a13a>
         <a13b>59° 26\' 02\'\' N, 024° 43\' 41\'\' E</a13b>
         <a13c>http://vocab.getty.edu/tgn/7006629</a13c>
         <gvp:prefLabel xmlns:gvp="http://vocab.getty.edu/ontology#">Tallinn</gvp:prefLabel>
         <xml:lang>und</xml:lang>
         <gvp:parentString xmlns:gvp="http://vocab.getty.edu/ontology#">Harjumaa, Eesti, Europe, World</gvp:parentString>
         <wgs:lat xmlns:wgs="http://www.w3.org/2003/01/geo/wgs84_pos#">59.433</wgs:lat>
         <wgs:long xmlns:wgs="http://www.w3.org/2003/01/geo/wgs84_pos#">24.728</wgs:long>
      </section-4>
   <section-41>
         <a14a/>
         <a14aa/>
         <a14b/>
         <a14ba/>
         <a15a>Asch, Georg Thomas von (1729-1807)</a15a>
         <a15aa>cnp00397388</a15aa>
         <a15b/>
         <a15ba/>
         <a16a>Geschenk</a16a>
         <a16b>Sammlungseingang (aus Bestand des Academischen Museums)</a16b>
         <a17/>
         <a12e/>
         <a12f/>
         <a12g/>
         <a12h/>
         <a12i/>
      </section-41>
   <section-5>
         <original-lit-grid>
            <original-lit-grid-iteration>
               <a18/>
            </original-lit-grid-iteration>
         </original-lit-grid>
         <original-desc-grid>
            <original-desc-grid-iteration>
               <a19/>
            </original-desc-grid-iteration>
         </original-desc-grid>
         <original-image-grid>
            <original-image-grid-iteration>
               <a20/>
            </original-image-grid-iteration>
         </original-image-grid>
         <secondary-lit-grid>
            <secondary-lit-grid-iteration>
               <a22/>
               <a23/>
            </secondary-lit-grid-iteration>
         </secondary-lit-grid>
         <f4/>
         <f5/>
         <f8/>
      </section-5>
   <section-6>
         <mineral-authority-grid>
            <mineral-authority-grid-iteration>
               <a9d/>
            </mineral-authority-grid-iteration>
         </mineral-authority-grid>
      </section-6>
   <section-7>
         <a24a>Georg-August-Universität Göttingen, Geowissenschaftliches Zentrum, Museum, Sammlungen Geopark</a24a>
         <a24b>UNI Gö, Geowissenschaftliches Zentrum, Museum, Magazin Geologie/Paläontologie, Raum 16-025, Historische Sammlung</a24b>
         <a27/>
         <a28>die Rechte für die digitalen 2D-Einzelaufnahmen liegen beim Geowissenschaftlichen Museum Göttingen, GZG</a28>
         <f2a>A. Gehler, N. Schäfer</f2a>
         <f2b>2013-08-16</f2b>
         <f3a>N. Schäfer</f3a>
         <f3b>2017-01-19</f3b>
      </section-7>
   <section-8>
         <b1/>
         <b2/>
         <b3b/>
         <b3d/>
         <b4a/>
         <b4aa/>
         <b4b/>
         <b4c/>
         <b4ca/>
         <b4d/>
         <b5/>
         <b6/>
         <b7a/>
         <b8>G=221.6 [g]
</b8>
         <a21>nein</a21>
      </section-8>
   <section-9>
         <f1/>
         <b9a/>
         <b9b/>
         <b10a>gut</b10a>
         <b10b/>
         <b11a>nein</b11a>
         <b11b/>
         <b11c/>
      </section-9>
   <section-10>
         <c1>2</c1>
         <c2>3</c2>
         <etikett-grid1>
            <a10>Orthoceratites.
Petrefactum aus einem
Kalkstein Bruch beÿ Reval.</a10>
            <c3>isoliert</c3>
            <c4/>
            <c5>Handschrift von Baron von Asch</c5>
            <c6a>gut</c6a>
            <c6b/>
            <c7a>Nein</c7a>
         </etikett-grid1>
         <etikett-grid1>
            <a10>59</a10>
            <c3>direkt auf das Stück geklebt</c3>
            <c4/>
            <c5/>
            <c6a>gut</c6a>
            <c6b/>
            <c7a>nein</c7a>
         </etikett-grid1>
      </section-10>
   <section-11>
         <objekttext-grid1>
            <a11>nicht vorhanden</a11>
            <d1/>
            <d2/>
            <d3a/>
            <d3b/>
         </objekttext-grid1>
      </section-11>
   <section-12>
         <number-grid1>
            <a4>59</a4>
            <e1>auf direkt auf das Stück (GZG.HST.0.110a) geklebtem Originaletikett</e1>
            <e2/>
            <e3/>
            <e4a>gut</e4a>
            <e4b/>
            <e5a>nein</e5a>
         </number-grid1>
      </section-12>
</form>