<form xmlns:uuid="java:java.util.UUID">
   <section-1>
         <z1>http://purl.org/vocab/blumenbach#Palaeobotanik</z1>
         <a1>Paläobotanik</a1>
         <a0>Fiederblättchen und Sporangien des fossilen Farns &lt;i&gt;Scolecopteris elegans&lt;/i&gt;</a0>
         <a8>irrig sogenannter Madenstein, Fructificationstheile eines präadamitischen Riesen-farnkrauts. (einer Onoclea?)</a8>
         <a2>GZG.HST.</a2>
         <a3>0.237</a3>
         <b12a>0.237</b12a>
         <a5>101-9</a5>
         <a6>1</a6>
      </section-1>
   <section-2>
         <a7a>Tracheophyta: Marattiopsida: Marattiaceae </a7a>
         <a7b>Gefäßpflanzen: Marattiopsida: Marattiaceae</a7b>
         <a9a>&lt;i&gt;Scolecopteris elegans&lt;/i&gt;</a9a>
         <a9b/>
         <a9c>Madenfarn, Madenstein, &lt;i&gt;Palaeojulus dyadicus&lt;/i&gt;</a9c>
         <a26>Naturalia</a26>
         <a21>ja</a21>
      </section-2>
   <section-3>
         <a12a>Sakmarium (284.4 - 294.6)</a12a>
         <a12aa>Sakmarium (284.4 - 294.6)</a12aa>
         <a12b>Perm, Rotliegendes, Cisuralium, Sakmarium, Bannewitz-Hainberg-Formation; s. a. A22</a12b>
         <a12c/>
         <a12d/>
      </section-3>
   <section-4>
         <a13a>Plauen (Windberg bei Plauen), Döhlener Becken, Chemnitz district - Sachsen - Deutschland - Europe - World</a13a>
         <a13b>50° 29\' 00\'\' N, 012° 08\' 00\'\' E</a13b>
         <a13c>http://vocab.getty.edu/tgn/1037492</a13c>
         <skos:prefLabel xmlns:skos="http://www.w3.org/2004/02/skos/core#">Plauen</skos:prefLabel>
         <xml:lang>de</xml:lang>
         <gvp:parentString xmlns:gvp="http://vocab.getty.edu/ontology#">Sachsen, Deutschland, Europe, World</gvp:parentString>
         <wgs:lat xmlns:wgs="http://www.w3.org/2003/01/geo/wgs84_pos#">50.5</wgs:lat>
         <wgs:long xmlns:wgs="http://www.w3.org/2003/01/geo/wgs84_pos#">12.133333</wgs:long>
      </section-4>
   <section-41>
         <a14a>Pötzsch, Christian Gottlieb (1732-1805)</a14a>
         <a14aa>http://thesaurus.cerl.org/record/cnp00120510</a14aa>
         <a14b/>
         <a14ba>1800-12-31</a14ba>
         <a15a>Pötzsch, Christian Gottlieb (1732-1805)</a15a>
         <a15aa>http://thesaurus.cerl.org/record/cnp00120510</a15aa>
         <a15b/>
         <a15ba>1816-12-31</a15ba>
         <a16a>vermutlich Geschenk</a16a>
         <a16b>Unbekannt (aus Bestand des Academischen Museums oder Privatsammlung Blumenbachs)</a16b>
         <a17>Herr Christian Gottlieb Pötzsch (1732-1805) war Konservator des kurfürstlichen Mineralienkabinetts (Dresden), als Donator nicht eindeutig gesichert;
weiterer vermuteter Sammler und Donator Liebenroth, Friedrich E. von </a17>
         <a12e/>
         <a12f/>
         <a12g/>
         <a12h/>
         <a12i/>
      </section-41>
   <section-5>
         <original-lit-grid>
            <original-lit-grid-iteration>
               <a18>00032: 766f
00033: 629
00034: 498</a18>
            </original-lit-grid-iteration>
         </original-lit-grid>
         <original-desc-grid>
            <original-desc-grid-iteration>
               <a19>Specimen archaeologiae telluris terrarumque inprimis Hannoveranarum (3, 1816: 18 f.)</a19>
            </original-desc-grid-iteration>
         </original-desc-grid>
         <original-image-grid>
            <original-image-grid-iteration>
               <a20>Specimen archaeologiae telluris terrarumque inprimis Hannoveranarum (3, 1816: Taf. I, Fig. 3-4)</a20>
            </original-image-grid-iteration>
         </original-image-grid>
         <secondary-lit-grid>
            <secondary-lit-grid-iteration>
               <a22>Zenker (1837: 509-512), Geinitz (1872: 128), Solms-Laubach (1883: 26-38), Barthel (1976: 1-97; 2002: 64-77), Barthel et al. (1995: 117-135; 2001: 197-202), Rössler (2001: 28-37), Kretzschmar (2005: 49-56)</a22>
               <a23>Festlegung Lectotypus durch Barthel et al. (1995)</a23>
            </secondary-lit-grid-iteration>
         </secondary-lit-grid>
         <brief-mentioned-grid>
            <brief-mentioned-grid-iteration>
               <f4/>
            </brief-mentioned-grid-iteration>
         </brief-mentioned-grid>
         <f5/>
         <f8/>
      </section-5>
   <section-6>
         <mineral-authority-grid>
            <mineral-authority-grid-iteration>
               <a9d/>
            </mineral-authority-grid-iteration>
         </mineral-authority-grid>
         <meteorite-authority-grid>
            <meteorite-authority-grid-iteration>
               <a9e/>
            </meteorite-authority-grid-iteration>
         </meteorite-authority-grid>
         <biological-authority-grid>
            <biological-authority-grid-iteration>
               <a9f/>
            </biological-authority-grid-iteration>
         </biological-authority-grid>
      </section-6>
   <section-7>
         <a24a>Georg-August-Universität Göttingen, Geowissenschaftliches Zentrum, Museum, Sammlungen Geopark</a24a>
         <a24b>UNI Gö, Geowissenschaftliches Zentrum, Museum, Magazin Geologie/Paläontologie, Raum 16-025, Historische Sammlung</a24b>
         <a27/>
         <a28>die Rechte für die digitalen 2D-Einzelaufnahmen liegen beim Geowissenschaftlichen Museum Göttingen, GZG</a28>
         <f2a>M. Reich, A. Böhme, A. Gehler, N. Schäfer</f2a>
         <f2b>2010-05-04</f2b>
         <f3a>N. Schäfer</f3a>
         <f3b>2017-01-31</f3b>
      </section-7>
   <section-8>
         <b1>Trockenpräparat, eine Seite glatt angeschliffen und poliert</b1>
         <b2>Hornstein (Chert)</b2>
         <b3b/>
         <b3d/>
         <b4a/>
         <b4aa/>
         <b4b/>
         <b4c/>
         <b4ca/>
         <b4d/>
         <b5>ursprünglich für versteinerte Maden gehalten</b5>
         <b6>rötlich-bräunlich, mit weißen Fiederblättchen und Sporangien</b6>
         <b7a>B=35 [mm]
L=75 [mm]
</b7a>
         <b8>G=28.1 [g]
</b8>
      </section-8>
   <section-9>
         <f1/>
         <b9a>Holzkästchen mit abnehmbarem Deckel</b9a>
         <b9b>L=150 mm; B=92 mm; Kästchen ohne Deckel: 40.8 [g]; Deckel: 61 g </b9b>
         <b10a>sehr gut</b10a>
         <b10b/>
         <b11a>nein </b11a>
         <b11b/>
         <b11c/>
      </section-9>
   <section-10>
         <c1>1</c1>
         <c2>4</c2>
         <etikett-grid1>
            <a10>Das Schönste bis jetzt bekannte Exemplar 
der seltenen Versteinerungen, 
des irrig sogenannten Madensteins, 
nemlich der Fructificationstheile eines 
präadamitischen Riesen-farnkrauts. 
(einer Onoclea?) Auf dem Windberge 
im Plauischen Grunde als Hornsteingeschiebe 
gefunden von Christ. Gottl. Pötzsch
[…?] Bemerk. Über den Granit p. 378. 
u. Becker vom Plauischen Grunde II. p. 36.

Orig. Blumenbach
</a10>
            <c3>Direkt auf die historische Aufbewahrung geklebt, auf die Oberseite des Holzdeckels, rötliches Papier</c3>
            <c4>B=12 [mm]
L=31 [mm]
</c4>
            <c5>Handschrift von Blumenbach, schwarze Tinte, der Zusatz „Orig. Blumenbach“ allerdings nachträglich mit anderer Handschrift hinzugefügt</c5>
            <c6a>sehr gut</c6a>
            <c6b/>
            <c7a>nein</c7a>
         </etikett-grid1>
      </section-10>
   <section-11>
         <objekttext-grid1>
            <a11>Kl. Naundorf [...?]</a11>
            <d1>direkt auf der Rückseite des Stückes</d1>
            <d2>Handschrift, schwarz, nicht Blumenbach</d2>
            <d3a>mäßig</d3a>
            <d3b>zum Teil nicht mehr lesbar</d3b>
         </objekttext-grid1>
      </section-11>
   <section-12>
         <number-grid1>
            <a4>nicht vorhanden</a4>
            <e1/>
            <e2/>
            <e3/>
            <e4a/>
            <e4b/>
            <e5a/>
         </number-grid1>
      </section-12>
   <section-13>
         <IIIFmanifestURI/>
         <f6/>
         <f7/>
         <f8/>
      </section-13>
</form>