<form xmlns:uuid="java:java.util.UUID">
   <section-1>
         <a0>Mensch (Aserbaidschaner?) [Schädel]</a0>
         <a8>Persischer Beg [Bey]; Persae</a8>
         <a2>AIG</a2>
         <a3>581</a3>
         <b12a>581</b12a>
         <a5>74b; 90; 153; 206</a5>
         <a6>1</a6>
      </section-1>
   <section-2>
         <z1>http://purl.org/vocab/blumenbach#Anatomie und Anthropologie</z1>
         <a1>Anatomie, Anthropologie</a1>
         <a7a>Mammalia: Hominidae: Homo</a7a>
         <a7b>Säugetiere: Menschenaffen: Menschen</a7b>
         <a9a>&lt;i&gt;Homo sapiens&lt;/i&gt;</a9a>
         <a9b>Mensch</a9b>
         <a9c>Perser</a9c>
         <a26>Naturalia</a26>
      </section-2>
   <section-3>
         <a12a>rezent</a12a>
         <a12aa>rezent</a12aa>
         <a12b/>
         <a12c/>
         <a12d/>
      </section-3>
   <section-4>
         <a13a>Aserbaidschan, Asia - World</a13a>
         <a13b>40° 30\' 00\'\' N, 047° 30\' 00\'\' E</a13b>
         <a13c>http://vocab.getty.edu/tgn/7006646</a13c>
         <gvp:prefLabel xmlns:gvp="http://vocab.getty.edu/ontology#">Aserbaidschan</gvp:prefLabel>
         <xml:lang>de</xml:lang>
         <gvp:parentString xmlns:gvp="http://vocab.getty.edu/ontology#">Asia, World</gvp:parentString>
         <wgs:lat xmlns:wgs="http://www.w3.org/2003/01/geo/wgs84_pos#">40.5</wgs:lat>
         <wgs:long xmlns:wgs="http://www.w3.org/2003/01/geo/wgs84_pos#">47.5</wgs:long>
      </section-4>
   <section-41>
         <a14a/>
         <a14aa/>
         <a14b>1796-01-01</a14b>
         <a14ba>1796-12-31</a14ba>
         <a15a>Marschall von Bieberstein, Friedrich August (1768-1826)</a15a>
         <a15aa>cnp00979058</a15aa>
         <a15b>1797-07-03</a15b>
         <a15ba>1797-07-03</a15ba>
         <a16a>Geschenk</a16a>
         <a16b>1840 (aus Privatsammlung Blumenbachs)</a16b>
         <a17>don. über G. T. von Asch;
die originale Fundortangabe lautet: "aus dem Dorf Rutbari nahe dem Fluss Kur", Rutbari konnte nicht in Aserbaidschan nachgewiesen werden, sondern nur im Iran, jedoch fließt die Kura nicht durch den Iran. Entsprechend historischer Daten zum russisch-persischen Krieg (1796) müsste das heutige Aserbaidschan als Fundort zutreffen.</a17>
         <a12e/>
         <a12f/>
         <a12g/>
         <a12h/>
         <a12i/>
      </section-41>
   <section-5>
         <original-lit-grid>
            <original-lit-grid-iteration>
               <a18>Baer &amp; Wagner (1861): 12</a18>
            </original-lit-grid-iteration>
         </original-lit-grid>
         <original-desc-grid>
            <original-desc-grid-iteration>
               <a19>00095: 11;
Spengel (1877): 38f</a19>
            </original-desc-grid-iteration>
         </original-desc-grid>
         <original-image-grid>
            <original-image-grid-iteration>
               <a20>00095: Taf. 35</a20>
            </original-image-grid-iteration>
         </original-image-grid>
         <secondary-lit-grid>
            <secondary-lit-grid-iteration>
               <a22>Baer, K. E. v. &amp; Wagner, R. (1861):  Bericht über die Zusammenkunft einiger Anthropologen im September 1861 in Göttingen zum Zwecke gemeinsamer Besprechungen : erstattet von Karl Ernst von Baer und Rudolph Wagner. 87 S. Leipzig (Leopold Voss).

Spengel, J.W. (1877): Die von Blumenbach gegründete anthropologische Sammlung der Universität Göttingen. Aufgenommen im Jahre 1874. [In:] Schaafhausen, H. (Hrsg.): Die Anthropologischen Sammlungen Deutschlands. Ein Verzeichnis des in Deutschland vorhandenen anthropologischen Materials. Nach dem Beschluss der Deutschen Anthropologischen Gesellschaft zusammengestellt unter der Leitung des Vorsitzenden der zu diesem Zwecke ernannten Commission, H. Schaaffhausen. II. Göttingen. VI + 91 S. Braunschweig (Vieweg und Sohn).</a22>
               <a23/>
            </secondary-lit-grid-iteration>
         </secondary-lit-grid>
         <f4/>
         <f5/>
         <f8/>
      </section-5>
   <section-6>
         <mineral-authority-grid>
            <mineral-authority-grid-iteration>
               <a9d/>
            </mineral-authority-grid-iteration>
         </mineral-authority-grid>
      </section-6>
   <section-7>
         <a24a>Georg-August-Universität Göttingen, Medizinische Fakultät, Zentrum Anatomie (Blumenbachsche Schädelsammlung)</a24a>
         <a24b/>
         <a27/>
         <a28>die Rechte für die digitalen 2D-Einzelaufnahmen liegen bei der Akademie der Wissenschaften zu Göttingen</a28>
         <f2a>L. Numberger-Thuy, M. Schultz, A. Gehler, N. Schäfer</f2a>
         <f2b>2012-10-08</f2b>
         <f3a>N. Schäfer</f3a>
         <f3b>2017-03-15</f3b>
      </section-7>
   <section-8>
         <b1>Schädel mit Unterkiefer</b1>
         <b2/>
         <b3b/>
         <b3d/>
         <b4a>männlich</b4a>
         <b4aa>(25) 30-40 (45)</b4aa>
         <b4b>ausgeheilter hämorraghischer Prozess auf  Lamina interna beider Parietalia</b4b>
         <b4c/>
         <b4ca/>
         <b4d/>
         <b5/>
         <b6/>
         <b7a/>
         <b8>G=543.9 [g]
</b8>
         <a21>nein</a21>
      </section-8>
   <section-9>
         <f1>Text der Karteikarte:
Krt. Nr. 581
Tatare, …)
Bl. 1797
durch Baron Asch
alte Sign.: 153
(Hinweis auf Bl. Decas IV, 35)
Zu den Angaben vergl. auch
Schaaffhausen, S. 38/39

Zu den Angaben vergl. auch Baer &amp; Wagner (1861):12 und Spengel (1877): 38f; hier als Tatare bezeichnet da aus "Transkaukasien", welches damals nicht von Persern bewohnt gewesen sein soll
</f1>
         <b9a/>
         <b9b/>
         <b10a>mäßig</b10a>
         <b10b/>
         <b11a>nein</b11a>
         <b11b/>
         <b11c/>
      </section-9>
   <section-10>
         <c1>0</c1>
         <c2>3</c2>
         <etikett-grid1>
            <a10>nicht vorhanden</a10>
            <c3/>
            <c4/>
            <c5/>
            <c6a/>
            <c6b/>
            <c7a/>
         </etikett-grid1>
      </section-10>
   <section-11>
         <objekttext-grid1>
            <a11>Tatar h)
(bei Blum. Perser)
v. Kur.
[?]</a11>
            <d1>Schädel, rechts</d1>
            <d2/>
            <d3a>mäßig</d3a>
            <d3b/>
         </objekttext-grid1>
         <objekttext-grid1>
            <a11>94 [?]
Tatar h)
[?] Asch.
[?]</a11>
            <d1>Unterkiefer, rechts</d1>
            <d2/>
            <d3a>kritisch</d3a>
            <d3b/>
         </objekttext-grid1>
         <objekttext-grid1>
            <a11>Tatar.</a11>
            <d1>Schädel, frontal</d1>
            <d2/>
            <d3a>mäßig</d3a>
            <d3b/>
         </objekttext-grid1>
      </section-11>
   <section-12>
         <number-grid1>
            <a4>94 [?]
</a4>
            <e1>Unterkiefer, rechts
</e1>
            <e2/>
            <e3>Handschrift von Blumenbach
</e3>
            <e4a>kritisch</e4a>
            <e4b/>
            <e5a/>
         </number-grid1>
      </section-12>
</form>