<form xmlns:uuid="java:java.util.UUID">
   <section-1>
         <a0>Graphit</a0>
         <a8>Graphit</a8>
         <a2>GZG.HST.</a2>
         <a3>0.459</a3>
         <b12a>0.459</b12a>
         <a5>5; 13; 1.2.7.48</a5>
         <a6>1</a6>
      </section-1>
   <section-2>
         <z1>http://purl.org/vocab/blumenbach#Mineralogie</z1>
         <a1>Mineralogie</a1>
         <a7a>Elemente: Halbmetalle (Metalloide) und Nichtmetalle: Graphit-Gruppe</a7a>
         <a7b/>
         <a9a>Graphit [C]</a9a>
         <a9b/>
         <a9c/>
         <a26>Naturalia</a26>
      </section-2>
   <section-3>
         <a12a/>
         <a12aa/>
         <a12b/>
         <a12c/>
         <a12d/>
      </section-3>
   <section-4>
         <a13a>Chukotka Peninsula, Chukotskiy Avtonomnyy Okrug - Rossiya republic - Rossiya - Asia - World</a13a>
         <a13b>66° 00' 00'' N, 175° 00' 00'' E</a13b>
         <a13c>http://vocab.getty.edu/tgn/1012690</a13c>
         <skos:prefLabel xmlns:skos="http://www.w3.org/2004/02/skos/core#">Chukotskiy Poluostrov</skos:prefLabel>
         <xml:lang>und</xml:lang>
         <gvp:parentString xmlns:gvp="http://vocab.getty.edu/ontology#">Chukotskiy Avtonomnyy Okrug, Rossija, Asia, World</gvp:parentString>
         <wgs:lat xmlns:wgs="http://www.w3.org/2003/01/geo/wgs84_pos#">66</wgs:lat>
         <wgs:long xmlns:wgs="http://www.w3.org/2003/01/geo/wgs84_pos#">175</wgs:long>
      </section-4>
   <section-41>
         <a14a/>
         <a14aa/>
         <a14b/>
         <a14ba>1797-12-31</a14ba>
         <a15a>Asch, Georg Thomas von (1729-1807)</a15a>
         <a15aa>http://thesaurus.cerl.org/record/cnp00397388</a15aa>
         <a15b/>
         <a15ba>1797-12-31</a15ba>
         <a16a>Geschenk</a16a>
         <a16b>Sammlungseingang (aus Bestand des Academischen Museums)</a16b>
         <a17/>
         <a12e/>
         <a12f/>
         <a12g/>
         <a12h/>
         <a12i/>
      </section-41>
   <section-5>
         <original-lit-grid>
            <original-lit-grid-iteration>
               <a18>00026: 637f;
00027: 631f;
00029: 654f;
00030: 662f;
00031: 672f;
00032: 681f;
00033: 563f;
00034: 562f</a18>
            </original-lit-grid-iteration>
         </original-lit-grid>
         <original-desc-grid>
            <original-desc-grid-iteration>
               <a19/>
            </original-desc-grid-iteration>
         </original-desc-grid>
         <original-image-grid>
            <original-image-grid-iteration>
               <a20/>
            </original-image-grid-iteration>
         </original-image-grid>
         <secondary-lit-grid>
            <secondary-lit-grid-iteration>
               <a22/>
               <a23/>
            </secondary-lit-grid-iteration>
         </secondary-lit-grid>
         <brief-mentioned-grid>
            <brief-mentioned-grid-iteration>
               <f4/>
            </brief-mentioned-grid-iteration>
         </brief-mentioned-grid>
         <f5/>
         <f8/>
      </section-5>
   <section-6>
         <mineral-authority-grid>
            <mineral-authority-grid-iteration>
               <a9d>http://www.mindat.org/min-1740.html</a9d>
            </mineral-authority-grid-iteration>
         </mineral-authority-grid>
      </section-6>
   <section-7>
         <a24a>Georg-August-Universität Göttingen, Geowissenschaftliches Zentrum, Museum, Sammlungen Geopark</a24a>
         <a24b>UNI Gö, Geowissenschaftliches Zentrum, Museum, Magazin Geologie/Paläontologie, Raum 16-025, Historische Sammlung</a24b>
         <a27/>
         <a28>die Rechte für die digitalen 2D-Einzelaufnahmen liegen beim Geowissenschaftlichen Museum Göttingen, GZG </a28>
         <f2a>A. Böhme, A. Gehler, N. Schäfer</f2a>
         <f2b>2011-05-07</f2b>
         <f3a>N. Schäfer</f3a>
         <f3b>2017-01-17</f3b>
      </section-7>
   <section-8>
         <b1/>
         <b2>Kohlenstoff (Graphit)</b2>
         <b3b/>
         <b3d/>
         <b4a/>
         <b4aa/>
         <b4b/>
         <b4c/>
         <b4ca/>
         <b4d/>
         <b5>von den Tschuktschen als Schminke genutzt</b5>
         <b6>grau, metallisch glänzend</b6>
         <b7a>H=18 [mm]
B=26 [mm]
L=55 [mm]
</b7a>
         <b8>G=16.8 [g]
</b8>
         <a21>nein</a21>
      </section-8>
   <section-9>
         <f1/>
         <b9a/>
         <b9b/>
         <b10a>sehr gut</b10a>
         <b10b/>
         <b11a>nein</b11a>
         <b11b/>
         <b11c/>
      </section-9>
   <section-10>
         <c1>2</c1>
         <c2>6</c2>
         <etikett-grid1>
            <a10>Graphit
vom Tschukotskoinaß
dessen sich die Tschuktschen
u. ihre Nachbarn (auch am
N. Westl. America) zur
Schminke bedienen.

v. Bar. von Asch.</a10>
            <c3>isoliert</c3>
            <c4>B=35 [mm]
L=44 [mm]
</c4>
            <c5>Handschrift von Blumenbach</c5>
            <c6a>gut</c6a>
            <c6b/>
            <c7a>nein</c7a>
         </etikett-grid1>
         <etikett-grid1>
            <a10>Tschukotz-
koinaß.</a10>
            <c3>direkt auf das Stück geklebt</c3>
            <c4>B=8 [mm]
L=16 [mm]
</c4>
            <c5>Handschrift von Blumenbach</c5>
            <c6a>gut</c6a>
            <c6b/>
            <c7a>nein</c7a>
         </etikett-grid1>
      </section-10>
   <section-11>
         <objekttext-grid1>
            <a11>nicht vorhanden</a11>
            <d1/>
            <d2/>
            <d3a/>
            <d3b/>
         </objekttext-grid1>
      </section-11>
   <section-12>
         <number-grid1>
            <a4>nicht vorhanden</a4>
            <e1/>
            <e2/>
            <e3/>
            <e4a/>
            <e4b/>
            <e5a/>
         </number-grid1>
      </section-12>
</form>