<form><section-1><werknr>00001</werknr></section-1><section-3><eintrag>*De generis humani varietate nativa / illustris facultatis medicae consensu pro gradu doctoris medicinae disputavit d. XVI. Sept. MDCCLXXV … Ioann. Frider. Blumenbach Gothanus. – Goettingae : Typis Frid. Andr. Rosenbuschii, [1775]. – [1] Bl., 100 S., [1], [2] Bl. : 2 Ill. (Kupferst.) ; 22 cm (8°). </eintrag><anmerkung>Tafeln gestochen von J. P. Kaltenhofer. Hier handelt es sich vermutlich um ein Exemplar der Version, die Blumenbach für sein Prüfungsverfahren eingereicht hat und die nicht für die öffentliche Zirkulation gedacht war. Blumenbach selbst hat sie nicht in seine Ausgabenzählung einbezogen. Als erste Ausgabe gilt diejenige, die 1776 in Göttingen bei Vandenhoeck erschien [-&gt;2]. Herzog August Bibliothek Wolfenbüttel: M: Mc 15 Link zum Digitalisat in der Digitalen Bibliothek der Herzog August Bibliothek Wolfenbüttel 
</anmerkung></section-3></form>