<form xmlns:uuid="java:java.util.UUID">
   <section-1>
         <a0>Mensch (Franzose) [Schädel]</a0>
         <a8>Franzose</a8>
         <a2>AIG</a2>
         <a3>412</a3>
         <b12a>412</b12a>
         <a5>XV; 300; 98</a5>
         <a6>1</a6>
      </section-1>
   <section-2>
         <a1>Anatomie, Anthropologie</a1>
         <a7a>Mammalia: Hominidae: Homo</a7a>
         <a7b>Säugetiere: Menschenaffen: Menschen</a7b>
         <a9a>&lt;i&gt;Homo sapiens&lt;/i&gt;</a9a>
         <a9b>Mensch</a9b>
         <a9c/>
         <a26>Naturalia</a26>
      </section-2>
   <section-3>
         <a12a>rezent</a12a>
         <a12aa>rezent</a12aa>
         <a12b/>
         <a12c/>
         <a12d/>
      </section-3>
   <section-4>
         <a13a>Waterloo, Brabant Wallon - Wallonie - België - Europe - World</a13a>
         <a13b>50° 43\' 00\'\' N, 004° 23\' 00\'\' E</a13b>
         <a13c>tgn:7008022</a13c>
         <a13d/>
         <a14a/>
         <a14aa/>
         <a14b/>
         <a14ba/>
         <a15a>Friedrich, Prinz zur Lippe (1797-1854)</a15a>
         <a15aa/>
         <a15b>1823-01-01</a15b>
         <a15ba>1823-12-31</a15ba>
         <a16a>vermutlich Geschenk</a16a>
         <a16b>1840 (aus Privatsammlung Blumenbachs)</a16b>
         <a17/>
      </section-4>
   <section-5>
         <a18/>
         <a19>Spengel (1877): 18f</a19>
         <a20/>
         <a22>Spengel, J.W. (1877): Die von Blumenbach gegründete anthropologische Sammlung der Universität Göttingen. Aufgenommen im Jahre 1874. [In:] Schaafhausen, H. (Hrsg.): Die Anthropologischen Sammlungen Deutschlands. Ein Verzeichnis
            des in Deutschland vorhandenen anthropologischen Materials. Nach dem Beschluss der Deutschen Anthropologischen Gesellschaft zusammengestellt unter der Leitung des Vorsitzenden der zu diesem Zwecke ernannten Commission, H.
            Schaaffhausen. II. Göttingen. VI + 91 S. Braunschweig (Vieweg und Sohn).</a22>
         <a23/>
         <f4/>
         <f5/>
         <f8/>
      </section-5>
   <section-6>
         <a9d/>
      </section-6>
   <section-7>
         <a24a>Georg-August-Universität Göttingen, Medizinische Fakultät, Zentrum Anatomie (Blumenbachsche Schädelsammlung)</a24a>
         <a24b/>
         <a27/>
         <a28>die Rechte für die digitalen 2D-Einzelaufnahmen liegen bei der Akademie der Wissenschaften zu Göttingen</a28>
         <f2a>L. Numberger-Thuy, M. Schultz, A. Gehler, N. Schäfer</f2a>
         <f2b>2012-07-11</f2b>
         <f3a>N. Schäfer</f3a>
         <f3b>2017-01-27</f3b>
      </section-7>
   <section-8>
         <b1>Schädel, unvollständig (Gesicht und Unterkiefer fehlen)</b1>
         <b2/>
         <b3b/>
         <b3d>nach Spengel (1877) nicht von einem in der Schlacht bei Waterloo gefallenen Franzosen, sondern ein deutlich älterer Grabschädel</b3d>
         <b4a>männlich</b4a>
         <b4aa/>
         <b4b/>
         <b4c/>
         <b4ca/>
         <b4d>Frankreich </b4d>
         <b5/>
         <b6/>
         <b7a/>
         <b8>G=694.8 [g] </b8>
      </section-8>
   <section-9>
         <f1>Text der Karteikarte: Krt. Nr. 412 Franzose, e) Bl. 1823 von Prinz Friedr. zur Lippe alte Sign.: 300</f1>
         <b9a/>
         <b9b/>
         <b10a>mäßig</b10a>
         <b10b/>
         <b11a>nein</b11a>
         <b11b/>
         <b11c/>
      </section-9>
   <section-10>
         <c1>0</c1>
         <c2>2</c2>
         <etikett-grid1>
            <a10>nicht vorhanden</a10>
            <c3/>
            <c4/>
            <c5/>
            <c6a/>
            <c6b/>
            <c7a/>
         </etikett-grid1>
      </section-10>
   <section-11>
         <objekttext-grid1>
            <a11>XV.</a11>
            <d1>Schädel, rechts</d1>
            <d2/>
            <d3a>mäßig</d3a>
            <d3b/>
         </objekttext-grid1>
      </section-11>
   <section-12>
         <number-grid1>
            <a4>XV</a4>
            <e1>Schädel, rechts</e1>
            <e2/>
            <e3/>
            <e4a>mäßig</e4a>
            <e4b/>
            <e5a>nein</e5a>
         </number-grid1>
      </section-12>
</form>