<form><profileDesc-textClass><classCode-scheme.BiblNr>00316</classCode-scheme.BiblNr><classCode-n>00316.00</classCode-n><categories><taxon-lookup itemset-empty="false">0066.00</taxon-lookup></categories><categories><taxon-lookup itemset-empty="false">0069.00</taxon-lookup></categories><categories><taxon-lookup itemset-empty="false">0072.00</taxon-lookup></categories></profileDesc-textClass><titleStmt><title-type.meta>Überschrift: Kopenhagen</title-type.meta></titleStmt><sourceDesc-monograph><title-type.main/><title-type.aut/><title-type.sub-grid><title-type.sub/></title-type.sub-grid><edition/><series/></sourceDesc-monograph><sourceDesc-analytic><analytic-title-level.a>Überschrift: Kopenhagen</analytic-title-level.a><monograph-title-level.j>Göttingische Anzeigen von gelehrten Sachen [GAgS]</monograph-title-level.j><monograph-biblScope>1789 (2. Stück, 3. Januar)</monograph-biblScope><citedRange>S. 19-23</citedRange></sourceDesc-analytic><sourceDesc-imprint><imprint-pubPlace>Göttingen</imprint-pubPlace><imprint-publisher-name>Dieterich</imprint-publisher-name><imprint-date-when>1789-01-03</imprint-date-when><imprint-date>1789, 3. Januar</imprint-date></sourceDesc-imprint><msDesc><msidentifier-repository>SUB Göttingen</msidentifier-repository><msidentifier-idno>8 EPH LIT 160/7</msidentifier-idno><msidentifier-idno-n>8 EPH LIT 1607</msidentifier-idno-n><extent/><dimensions-dim/><source-certainty-desc/></msDesc><stdf-annotations><so-annotations><spanGrp>                &lt;span type="note"&gt;Rezension von&lt;/span&gt;
                &lt;span type="img"&gt;[Lit.]&lt;/span&gt;
                &lt;span type="title" style="m"&gt;De fatis faustis et infaustis chirurgiae nec non ipsius interdum indissolubili amicitia cum medicina ceterisque studiis liberalioribus ab ipsius origine ad nostra usque tempora commentatio historia &lt;metamark&gt;
                        &lt;pc unit="slash"/&gt;
                    &lt;/metamark&gt; Niels Riegels&lt;/span&gt;
                &lt;span type="pubPlace"&gt;Hafniae&lt;/span&gt;
                &lt;span type="publisher"&gt;Höpffneri&lt;/span&gt;
                &lt;span type="date"&gt;1788&lt;/span&gt;</spanGrp></so-annotations><so-annotations><spanGrp>                &lt;span type="repository"&gt;SUB Göttingen&lt;/span&gt;
                &lt;span type="idno" n="8 HLU III 5130"&gt;8 HLU III, 5130&lt;/span&gt;</spanGrp></so-annotations></stdf-annotations></form>