<form xmlns:uuid="java:java.util.UUID">
   <section-1>
         <a0>Cerussit</a0>
         <a8>Eisenhaltiger drusiger Bleÿstein, mit irregulairen weißen Bleÿspathcristallen</a8>
         <a2>GZG.HST.</a2>
         <a3>0.679a</a3>
         <b12a>0.679a-b</b12a>
         <a5>13; 4; 1; 5.21.33.207</a5>
         <a6>2</a6>
      </section-1>
   <section-2>
         <a1>Mineralogie</a1>
         <a7a>Carbonate: Aragonit-Gruppe</a7a>
         <a7b/>
         <a9a>Cerussit [PbCO3]</a9a>
         <a9b/>
         <a9c>Weissbleierz</a9c>
         <a26>Naturalia</a26>
      </section-2>
   <section-3>
         <a12a/>
         <a12aa/>
         <a12b/>
         <a12c/>
         <a12d/>
      </section-3>
   <section-4>
         <a13a>(bei) Nerchinsk, Chita oblast - Rossiya republic - Rossiya - Asia - World</a13a>
         <a13b>52° 02\' 00\'\' N, 116° 38\' 00\'\' E</a13b>
         <a13c/>
         <a13d>tgn:7023879</a13d>
         <a14a/>
         <a14aa/>
         <a14b/>
         <a14ba/>
         <a15a>Asch, Georg Thomas von (1729-1807)</a15a>
         <a15aa>cnp00397388</a15aa>
         <a15b/>
         <a15ba/>
         <a16a>vermutlich Geschenk</a16a>
         <a16b>Sammlungseingang (aus Bestand des Academischen Museums)</a16b>
         <a17>29. Aschischer Transport Abteilung 2</a17>
      </section-4>
   <section-5>
         <a18>00027: 666</a18>
         <a19/>
         <a20/>
         <a22/>
         <a23/>
         <f4/>
         <f5/>
         <f8/>
      </section-5>
   <section-6>
         <a9d>http://www.mindat.org/min-934.html</a9d>
      </section-6>
   <section-7>
         <a24a>Georg-August-Universität Göttingen, Geowissenschaftliches Zentrum, Museum, Sammlungen &amp; Geopark</a24a>
         <a24b>UNI Gö, Geowissenschaftliches Zentrum, Museum, Magazin Geologie/Paläontologie, Raum 16-025, Historische Sammlung</a24b>
         <a27/>
         <a28>die Rechte für die digitalen 2D-Einzelaufnahmen liegen beim Geowissenschaftlichen Museum Göttingen, GZG</a28>
         <f2a>A. Böhme, N. Schäfer</f2a>
         <f2b>2012-01-12</f2b>
         <f3a>N. Schäfer</f3a>
         <f3b>2016-05-31</f3b>
      </section-7>
   <section-8>
         <b1/>
         <b2/>
         <b3b/>
         <b3d/>
         <b4a/>
         <b4aa/>
         <b4b/>
         <b4c/>
         <b4ca/>
         <b4d/>
         <b5/>
         <b6/>
         <b7a/>
         <b8/>
      </section-8>
   <section-9>
         <f1/>
         <b9a/>
         <b9b/>
         <b10a>gut</b10a>
         <b10b/>
         <b11a>nein</b11a>
         <b11b/>
         <b11c/>
      </section-9>
   <section-10>
         <c1>1</c1>
         <c2>5</c2>
         <etikett-grid1>
            <a10>Eisenhaltiger drusiger Bleÿ- stein, mit irregulairen wei- ßen Bleÿspathcristallen, aus den Ossinowschen [?] Werken beÿ Nertschinsk. [Rückseite:] 29ster Aschischer Trans- port Abth. 2. N. 13.</a10>
            <c3>isoliert</c3>
            <c4/>
            <c5>Handschrift von Baron von Asch</c5>
            <c6a>gut</c6a>
            <c6b/>
            <c7a>nein</c7a>
         </etikett-grid1>
      </section-10>
   <section-11>
         <objekttext-grid1>
            <a11>nicht vorhanden</a11>
            <d1/>
            <d2/>
            <d3a/>
            <d3b/>
         </objekttext-grid1>
      </section-11>
   <section-12>
         <number-grid1>
            <a4>13</a4>
            <e1>auf isoliertem Etikett</e1>
            <e2/>
            <e3>Handschrift von Baron von Asch</e3>
            <e4a>gut</e4a>
            <e4b/>
            <e5a>nein</e5a>
         </number-grid1>
      </section-12>
</form>